product_name,department,aisle,order_dow,time_bucket,purchase_count,reorder_sum,total_orders,reorder_rate,normalized_purchase_frequency,contextual_frequency,weighted_score
Banana,produce,fresh fruits,0,afternoon,50752,42477,50752,0.837,1.0,0.7204,0.8952
Bag of Organic Bananas,produce,fresh fruits,0,afternoon,37120,30731,37120,0.8279,0.7314,0.6545,0.745
Organic Baby Spinach,produce,packaged vegetables fruits,0,afternoon,28701,21974,28701,0.7656,0.5655,0.7962,0.6717
Organic Strawberries,produce,fresh fruits,0,afternoon,27682,21461,27682,0.7753,0.5454,0.7002,0.6453
Organic Hass Avocado,produce,fresh fruits,0,afternoon,23129,18200,23129,0.7869,0.4557,0.7303,0.61
Organic Avocado,produce,fresh fruits,0,afternoon,21545,16315,21545,0.7573,0.4245,0.8168,0.6028
Large Lemon,produce,fresh fruits,0,afternoon,18261,12670,18261,0.6938,0.3598,0.7929,0.5466
Limes,produce,fresh fruits,0,afternoon,16151,10858,16151,0.6723,0.3182,0.7686,0.5145
Organic Yellow Onion,produce,fresh vegetables,0,afternoon,13974,9716,13974,0.6953,0.2753,0.8293,0.5121
Organic Whole Milk,dairy eggs,milk,0,afternoon,12877,10699,12877,0.8309,0.2537,0.6275,0.5016
Organic Garlic,produce,fresh vegetables,0,afternoon,13442,9153,13442,0.6809,0.2648,0.8241,0.5015
Asian Chopped Salad,produce,packaged vegetables fruits,0,afternoon,9,9,9,1.0,0.0002,1.0,0.5001
Cheese Trio Quiche,frozen,frozen meals,0,afternoon,7,7,7,1.0,0.0001,1.0,0.5001
Chicken & Noodles Compleats,dry goods pasta,instant foods,0,afternoon,10,10,10,1.0,0.0002,1.0,0.5001
Choo Leibniz Dark Chocolate Biscuits,snacks,cookies cakes,0,afternoon,10,10,10,1.0,0.0002,1.0,0.5001
Crispy Pineapples,snacks,nuts seeds dried fruit,0,afternoon,11,11,11,1.0,0.0002,1.0,0.5001
Diet Cran-Mango Juice,beverages,juice nectars,0,afternoon,7,7,7,1.0,0.0001,1.0,0.5001
Four Cheese Pizza Flaky Crust Frozen Snacks,frozen,frozen meals,0,afternoon,10,10,10,1.0,0.0002,1.0,0.5001
Green with Honey Iced Tea,beverages,tea,0,afternoon,14,14,14,1.0,0.0003,1.0,0.5001
Homestyle Fruit & Nut Granola,breakfast,granola,0,afternoon,9,9,9,1.0,0.0002,1.0,0.5001
Jet Fuel Dark Roast Whole Bean Coffee,beverages,coffee,0,afternoon,7,7,7,1.0,0.0001,1.0,0.5001
Mango Syrup,pantry,honeys syrups nectars,0,afternoon,7,7,7,1.0,0.0001,1.0,0.5001
My Kind Organics Orange Vitamin C Spray,personal care,vitamins supplements,0,afternoon,8,8,8,1.0,0.0001,1.0,0.5001
Parma Rosa Sauce Mix,pantry,marinades meat preparation,0,afternoon,7,7,7,1.0,0.0001,1.0,0.5001
Reduced Sugar Mixed Fruit Fruit Snacks,snacks,fruit vegetable snacks,0,afternoon,12,12,12,1.0,0.0002,1.0,0.5001
Russian River Valley Reserve Pinot Noir,alcohol,red wines,0,afternoon,7,7,7,1.0,0.0001,1.0,0.5001
Sparking Water,beverages,water seltzer sparkling water,0,afternoon,11,11,11,1.0,0.0002,1.0,0.5001
Tropical Turmeric Jun-Kombucha Made With Honey Organic,beverages,refrigerated,0,afternoon,9,9,9,1.0,0.0002,1.0,0.5001
with Seasoned Roasted Potatoes Scrambled Eggs & Sausage,frozen,frozen breakfast,0,afternoon,15,15,15,1.0,0.0003,1.0,0.5001
100% Coconut Water,beverages,juice nectars,0,afternoon,5,5,5,1.0,0.0001,1.0,0.5
100% Lactose Free Milk Vitamin D,missing,missing,0,afternoon,2,2,2,1.0,0.0,1.0,0.5
2% Reduced Fat Chocolate Milk,dairy eggs,milk,0,afternoon,2,2,2,1.0,0.0,1.0,0.5
4 Hour Allergy Relief,personal care,cold flu allergy,0,afternoon,1,1,1,1.0,0.0,1.0,0.5
4 Oz. Kellogg's Special K Cracker Chips Southwest Ranch,snacks,crackers,0,afternoon,2,2,2,1.0,0.0,1.0,0.5
50% Reduced Sodium Cream Of Mushroom Condensed Soup,canned goods,soup broth bouillon,0,afternoon,2,2,2,1.0,0.0,1.0,0.5
8.1 Oz. Wheat Thin Toasted Chips Roasted Garlic,snacks,crackers,0,afternoon,1,1,1,1.0,0.0,1.0,0.5
Adore Forever Body Wash,personal care,body lotions soap,0,afternoon,2,2,2,1.0,0.0,1.0,0.5
Advanced Solid Odor Protection Sport Triumph Anti-Perspirant & Deodorant,personal care,deodorants,0,afternoon,2,2,2,1.0,0.0,1.0,0.5
Albacore White in Water Tuna,canned goods,canned meat seafood,0,afternoon,1,1,1,1.0,0.0,1.0,0.5
Alive! B-Complex Cherry Flavor Gummies,personal care,vitamins supplements,0,afternoon,1,1,1,1.0,0.0,1.0,0.5
"All Natural Soda, Lime, Hibiscus & Clove",beverages,soft drinks,0,afternoon,2,2,2,1.0,0.0,1.0,0.5
Almond Dairy-Free Yogurt Alternative Strawberry,missing,missing,0,afternoon,2,2,2,1.0,0.0,1.0,0.5
Almond Oil Refined,pantry,oils vinegars,0,afternoon,2,2,2,1.0,0.0,1.0,0.5
Alpha Lipoic Sustain 300mg w/ Biotin Tablets,personal care,vitamins supplements,0,afternoon,1,1,1,1.0,0.0,1.0,0.5
Alpine Milk Chocolate Confection,snacks,candy chocolate,0,afternoon,1,1,1,1.0,0.0,1.0,0.5
Amaretti Cookies,snacks,cookies cakes,0,afternoon,1,1,1,1.0,0.0,1.0,0.5
Amazin' Mayo Sweet & Tangy Calorie Free,pantry,condiments,0,afternoon,2,2,2,1.0,0.0,1.0,0.5
Amazonas Honduras Coffee,missing,missing,0,afternoon,4,4,4,1.0,0.0001,1.0,0.5
American Classic Crunchy Peanut Butter,pantry,spreads,0,afternoon,3,3,3,1.0,0.0,1.0,0.5
"Anti-Stress Drink, Original (Unflavored)",personal care,vitamins supplements,0,afternoon,1,1,1,1.0,0.0,1.0,0.5
Antipasto Meat Selection,deli,prepared meals,0,afternoon,1,1,1,1.0,0.0,1.0,0.5
Apple Grape/Apple Strawberry Organic Variety Pack Frozen Juice,frozen,ice cream ice,0,afternoon,2,2,2,1.0,0.0,1.0,0.5
Apple Strawberry Juice,beverages,refrigerated,0,afternoon,1,1,1,1.0,0.0,1.0,0.5
B12 1000mcg Liquid Sublingual Drops Raspberry Flavor,personal care,vitamins supplements,0,afternoon,3,3,3,1.0,0.0,1.0,0.5
Bait Station Corner Fit With 4 Refills,household,more household,0,afternoon,2,2,2,1.0,0.0,1.0,0.5
Beams Catfish Skin Sticks Dog Treats,pets,dog food care,0,afternoon,4,4,4,1.0,0.0001,1.0,0.5
Beeswax & Banana Hand Creme,personal care,body lotions soap,0,afternoon,1,1,1,1.0,0.0,1.0,0.5
Berry Primrose Smooth Shampoo & Wash,babies,baby bath body care,0,afternoon,1,1,1,1.0,0.0,1.0,0.5
"Blended Juice Beverage, Mango Orange",frozen,frozen juice,0,afternoon,2,2,2,1.0,0.0,1.0,0.5
Boiler Onions,produce,fresh vegetables,0,afternoon,1,1,1,1.0,0.0,1.0,0.5
Bone Up Superior Calcium Capsules,personal care,muscles joints pain relief,0,afternoon,2,2,2,1.0,0.0,1.0,0.5
Bourbon Barrel Stout,alcohol,beers coolers,0,afternoon,1,1,1,1.0,0.0,1.0,0.5
"Bread, Gluten-Free, Multi-Grain, Deli Slice",bakery,bread,0,afternoon,1,1,1,1.0,0.0,1.0,0.5
"Breadsticks, Traditional",snacks,crackers,0,afternoon,2,2,2,1.0,0.0,1.0,0.5
Buffalo Style Chicken,frozen,frozen meat seafood,0,afternoon,4,4,4,1.0,0.0001,1.0,0.5
"Candy Bar, Milk Chocolate, Coconut",snacks,candy chocolate,0,afternoon,2,2,2,1.0,0.0,1.0,0.5
Cannoli,deli,prepared meals,0,afternoon,1,1,1,1.0,0.0,1.0,0.5
Caramel Macchiato,dairy eggs,cream,0,afternoon,1,1,1,1.0,0.0,1.0,0.5
Cardinal Zin Beastly Old Vines Zinfandel,alcohol,red wines,0,afternoon,4,4,4,1.0,0.0001,1.0,0.5
"Cat Litter, Scoopable, Scented",pets,cat food care,0,afternoon,1,1,1,1.0,0.0,1.0,0.5
Chapatti Chana Saag Wrap,frozen,frozen meals,0,afternoon,1,1,1,1.0,0.0,1.0,0.5
Cheese Flavor Sprinkles,pantry,spices seasonings,0,afternoon,4,4,4,1.0,0.0001,1.0,0.5
"Chelada Imported Beer With Tomato, Salt And Lime",alcohol,beers coolers,0,afternoon,1,1,1,1.0,0.0,1.0,0.5
Chianti Classico Tuscany,alcohol,red wines,0,afternoon,1,1,1,1.0,0.0,1.0,0.5
Chicken & Beef Dinner Cat Food,pets,cat food care,0,afternoon,1,1,1,1.0,0.0,1.0,0.5
"Chicken Wings, Lightly Breaded, Buffalo Style",frozen,frozen meat seafood,0,afternoon,2,2,2,1.0,0.0,1.0,0.5
Chocolate Animal Crackers,snacks,cookies cakes,0,afternoon,5,5,5,1.0,0.0001,1.0,0.5
Chocolate Mint Cacao superfood Drink,beverages,refrigerated,0,afternoon,4,4,4,1.0,0.0001,1.0,0.5
Classic Coca Cola,beverages,soft drinks,0,afternoon,3,3,3,1.0,0.0,1.0,0.5
Classic Limeade,beverages,juice nectars,0,afternoon,1,1,1,1.0,0.0,1.0,0.5
Classic Pate Ocean Whitefish Dinner Cat Food,pets,cat food care,0,afternoon,1,1,1,1.0,0.0,1.0,0.5
Classic Seltzer,beverages,water seltzer sparkling water,0,afternoon,5,5,5,1.0,0.0001,1.0,0.5
Coconut Curry,dry goods pasta,fresh pasta,0,afternoon,1,1,1,1.0,0.0,1.0,0.5
"Coffee, Ground, Medium, Kona Blend",beverages,coffee,0,afternoon,3,3,3,1.0,0.0,1.0,0.5
Cold Snap,personal care,cold flu allergy,0,afternoon,2,2,2,1.0,0.0,1.0,0.5
Colombia Luminosa,beverages,coffee,0,afternoon,3,3,3,1.0,0.0,1.0,0.5
Concentrated Citrus Cleaner and Degreaser,household,cleaning products,0,afternoon,1,1,1,1.0,0.0,1.0,0.5
Cookie Thins Cake Batter,pantry,doughs gelatins bake mixes,0,afternoon,1,1,1,1.0,0.0,1.0,0.5
Cookies & Cream Greek Crunch Yogurt,missing,missing,0,afternoon,1,1,1,1.0,0.0,1.0,0.5
"Cookies, Oat, Dark Chocolate Chip",snacks,cookies cakes,0,afternoon,1,1,1,1.0,0.0,1.0,0.5
"Crackers, Toasted Sesame",snacks,crackers,0,afternoon,1,1,1,1.0,0.0,1.0,0.5
Cranberry Heritage Beans,dry goods pasta,grains rice dried goods,0,afternoon,1,1,1,1.0,0.0,1.0,0.5
Deli Fresh Bold Italian Style Herb Turkey Breast,deli,lunch meat,0,afternoon,1,1,1,1.0,0.0,1.0,0.5
Delicious Blush,other,other,0,afternoon,1,1,1,1.0,0.0,1.0,0.5
Digest Gold Probiotics,personal care,digestion,0,afternoon,1,1,1,1.0,0.0,1.0,0.5
Double Barrel Ale,alcohol,beers coolers,0,afternoon,1,1,1,1.0,0.0,1.0,0.5
Dual Action Beta Immune and Anti-Oxidant Effervescent Citrus,personal care,cold flu allergy,0,afternoon,1,1,1,1.0,0.0,1.0,0.5
E Vitamin 400 IU Liquid Softgels,personal care,vitamins supplements,0,afternoon,1,1,1,1.0,0.0,1.0,0.5
Extra Hot Cocktail Sauce,pantry,condiments,0,afternoon,2,2,2,1.0,0.0,1.0,0.5
Farro,dry goods pasta,grains rice dried goods,0,afternoon,1,1,1,1.0,0.0,1.0,0.5
Feng Shui Rice Crackers Hot Wasabi,snacks,crackers,0,afternoon,1,1,1,1.0,0.0,1.0,0.5
For Men Active 3 in 1 Body Wash,personal care,body lotions soap,0,afternoon,2,2,2,1.0,0.0,1.0,0.5
Fortified Tomato & Basil Pasta Sauce,dry goods pasta,pasta sauce,0,afternoon,2,2,2,1.0,0.0,1.0,0.5
Freeze Away 1 Treatment Wart Remover,personal care,first aid,0,afternoon,3,3,3,1.0,0.0,1.0,0.5
French Fried Curly Fries Potatoes,frozen,frozen produce,0,afternoon,3,3,3,1.0,0.0,1.0,0.5
Fresh OXI Hand Wash Dish Soaps,household,cleaning products,0,afternoon,1,1,1,1.0,0.0,1.0,0.5
Fudge Rounds,snacks,cookies cakes,0,afternoon,5,5,5,1.0,0.0001,1.0,0.5
Garlic & Dill Golden Peperoncini,pantry,pickled goods olives,0,afternoon,1,1,1,1.0,0.0,1.0,0.5
Gel Drops Lubricant Eye Gel,personal care,eye ear care,0,afternoon,1,1,1,1.0,0.0,1.0,0.5
Gelato Pop Coffee dipped in chocolate,frozen,ice cream ice,0,afternoon,1,1,1,1.0,0.0,1.0,0.5
Gluten Free Cinnamon Roll Mix,pantry,doughs gelatins bake mixes,0,afternoon,1,1,1,1.0,0.0,1.0,0.5
Gluten Free Nut Bar Blueberry,snacks,energy granola bars,0,afternoon,1,1,1,1.0,0.0,1.0,0.5
GoLean Peanut Hemp Crunch,snacks,energy granola bars,0,afternoon,1,1,1,1.0,0.0,1.0,0.5
Golden Banquet Beer,alcohol,beers coolers,0,afternoon,1,1,1,1.0,0.0,1.0,0.5
Good Start® Gentle for Supplementing Powder Infant Formula,babies,baby food formula,0,afternoon,1,1,1,1.0,0.0,1.0,0.5
"Gourmet  Fruit Burst Jelly Beans,",snacks,candy chocolate,0,afternoon,3,3,3,1.0,0.0,1.0,0.5
Graduates Breakfast Buddies Peach Cereal,babies,baby food formula,0,afternoon,2,2,2,1.0,0.0,1.0,0.5
Grapefruit Brightening Facial Towelettes,personal care,facial care,0,afternoon,1,1,1,1.0,0.0,1.0,0.5
Greek Non Fat Yogurt Wild Blueberry,dairy eggs,yogurt,0,afternoon,1,1,1,1.0,0.0,1.0,0.5
Greek O% Fat Maple Yogurt,dairy eggs,yogurt,0,afternoon,2,2,2,1.0,0.0,1.0,0.5
"Gum, Slim Packs",snacks,mint gum,0,afternoon,2,2,2,1.0,0.0,1.0,0.5
Halloween Mixed Fruit Snack,missing,missing,0,afternoon,4,4,4,1.0,0.0001,1.0,0.5
Hearty Bits Banana Apple Strawberry Multigrain Toddler Cereal,babies,baby food formula,0,afternoon,3,3,3,1.0,0.0,1.0,0.5
Heath Coffee Creamer,dairy eggs,cream,0,afternoon,2,2,2,1.0,0.0,1.0,0.5
Heavy Duty Aluminum Foil 50 Sq. Ft.,household,food storage,0,afternoon,1,1,1,1.0,0.0,1.0,0.5
"Hemp Protein, Hi-Fiber, Bulk Pack",personal care,protein meal replacements,0,afternoon,1,1,1,1.0,0.0,1.0,0.5
"Herbal Tea, Organic Chamomile",beverages,tea,0,afternoon,2,2,2,1.0,0.0,1.0,0.5
Herring in Wine Sauce,canned goods,canned meat seafood,0,afternoon,1,1,1,1.0,0.0,1.0,0.5
High Performace Energy Drink,beverages,energy sports drinks,0,afternoon,2,2,2,1.0,0.0,1.0,0.5
Home-Style Boneless Pork,frozen,frozen meals,0,afternoon,2,2,2,1.0,0.0,1.0,0.5
Homestyle Patty Meal,frozen,frozen meals,0,afternoon,2,2,2,1.0,0.0,1.0,0.5
"Hulled, Organic Sunflower Seeds",snacks,nuts seeds dried fruit,0,afternoon,1,1,1,1.0,0.0,1.0,0.5
Imperial Champagne,alcohol,specialty wines champagnes,0,afternoon,1,1,1,1.0,0.0,1.0,0.5
In Tomato & Cheese Sauce Pasta,canned goods,canned meals beans,0,afternoon,2,2,2,1.0,0.0,1.0,0.5
Indulgent Recipe Chocolate Truffle Pudding,dairy eggs,refrigerated pudding desserts,0,afternoon,1,1,1,1.0,0.0,1.0,0.5
Into the Night Incense Stick of Auroville,household,air fresheners candles,0,afternoon,1,1,1,1.0,0.0,1.0,0.5
Italian Roast Ground Coffee,beverages,coffee,0,afternoon,1,1,1,1.0,0.0,1.0,0.5
Jaipur Karhi Organic Potato Dumplings in Spicy Buttermilk,international,indian foods,0,afternoon,3,3,3,1.0,0.0,1.0,0.5
JavaJig Single Serve Coffee Filters,beverages,coffee,0,afternoon,2,2,2,1.0,0.0,1.0,0.5
Jonamac Apple,missing,missing,0,afternoon,1,1,1,1.0,0.0,1.0,0.5
Jr Organic Chocolate Banana Granola,breakfast,granola,0,afternoon,1,1,1,1.0,0.0,1.0,0.5
Jurassic World Fruit Flavored Snacks,snacks,fruit vegetable snacks,0,afternoon,1,1,1,1.0,0.0,1.0,0.5
Kentucky Whisky,alcohol,spirits,0,afternoon,2,2,2,1.0,0.0,1.0,0.5
Kettle Cooked Waffle Cut Sea Salt Potato Chips,snacks,chips pretzels,0,afternoon,2,2,2,1.0,0.0,1.0,0.5
Kiwi Strawberry 100% Juice,beverages,juice nectars,0,afternoon,1,1,1,1.0,0.0,1.0,0.5
Kombucha Spring Fling White Tea Brew,missing,missing,0,afternoon,1,1,1,1.0,0.0,1.0,0.5
Lamb & Sweet Potato Stew Recipe Dog Food,pets,dog food care,0,afternoon,1,1,1,1.0,0.0,1.0,0.5
Large Value Pack Brushing Chews,pets,dog food care,0,afternoon,5,5,5,1.0,0.0001,1.0,0.5
Lean Beef Chili with Beans,canned goods,canned meat seafood,0,afternoon,1,1,1,1.0,0.0,1.0,0.5
Lemon Frosted Sugar Cookie,bakery,bakery desserts,0,afternoon,2,2,2,1.0,0.0,1.0,0.5
Lentil And Rice (Creamy Coconut),other,other,0,afternoon,1,1,1,1.0,0.0,1.0,0.5
Licorice Liquid Herbal Extract,personal care,vitamins supplements,0,afternoon,1,1,1,1.0,0.0,1.0,0.5
Light Original Ranch Family Size Salad Dressing,pantry,salad dressing toppings,0,afternoon,3,3,3,1.0,0.0,1.0,0.5
Light Recipe Vanilla Bean,frozen,ice cream ice,0,afternoon,2,2,2,1.0,0.0,1.0,0.5
Lil' Bits Oatmeal Apple Cinnamon Cereal,babies,baby food formula,0,afternoon,2,2,2,1.0,0.0,1.0,0.5
Limoncello Sorbet,frozen,ice cream ice,0,afternoon,2,2,2,1.0,0.0,1.0,0.5
Lindor Peanut Butter Truffle,snacks,candy chocolate,0,afternoon,1,1,1,1.0,0.0,1.0,0.5
Liquid Water Enhancer Peach Green Tea With Ginseng & Honey,beverages,cocoa drink mixes,0,afternoon,1,1,1,1.0,0.0,1.0,0.5
Little Bites Snackin' Bites Strawberry,snacks,cookies cakes,0,afternoon,2,2,2,1.0,0.0,1.0,0.5
"Low Fat Burrito Beans, Rice & Cheese Style",frozen,frozen meals,0,afternoon,1,1,1,1.0,0.0,1.0,0.5
Mandarin Soda,beverages,soft drinks,0,afternoon,5,5,5,1.0,0.0001,1.0,0.5
Mango Lime Energy Drink,beverages,energy sports drinks,0,afternoon,1,1,1,1.0,0.0,1.0,0.5
Marvelous Muffins Baking Mix,bakery,breakfast bakery,0,afternoon,1,1,1,1.0,0.0,1.0,0.5
Meat Loaf 30% Less Sodium Seasoning Mix,pantry,spices seasonings,0,afternoon,1,1,1,1.0,0.0,1.0,0.5
Mewo Mix Irresistibles Soft Treat With Real White Meat Chicken,pets,cat food care,0,afternoon,3,3,3,1.0,0.0,1.0,0.5
Minis Cheddar  Pretzel Crackers,snacks,chips pretzels,0,afternoon,2,2,2,1.0,0.0,1.0,0.5
Mint Whitening Gel Toothpaste,personal care,oral hygiene,0,afternoon,2,2,2,1.0,0.0,1.0,0.5
Mix Berry Fruitfulls,snacks,fruit vegetable snacks,0,afternoon,1,1,1,1.0,0.0,1.0,0.5
Mrs. Grass Soup Mix Homestyle Vegetable Chicken Noodle,canned goods,soup broth bouillon,0,afternoon,1,1,1,1.0,0.0,1.0,0.5
Mushroom Lover's Veggie Burgers,frozen,frozen vegan vegetarian,0,afternoon,3,3,3,1.0,0.0,1.0,0.5
Mushroom Rice Burger Patties,frozen,frozen vegan vegetarian,0,afternoon,2,2,2,1.0,0.0,1.0,0.5
Naturals Just Sweet Corn & Green Beans Stage 2,babies,baby food formula,0,afternoon,1,1,1,1.0,0.0,1.0,0.5
Nightly Calm Herbal Tea K-Cup Pods,beverages,tea,0,afternoon,4,4,4,1.0,0.0001,1.0,0.5
No Bake Cherry Cheesecake Dessert Kit,pantry,doughs gelatins bake mixes,0,afternoon,3,3,3,1.0,0.0,1.0,0.5
"Non-Aerosol Original Spray Starch Plus, Fresh Linen Scent",household,laundry,0,afternoon,3,3,3,1.0,0.0,1.0,0.5
NuStevia White Stevia Powder,pantry,baking ingredients,0,afternoon,4,4,4,1.0,0.0001,1.0,0.5
Nutrient Enhanced Cranberry Lime Water Beverage,beverages,energy sports drinks,0,afternoon,2,2,2,1.0,0.0,1.0,0.5
Open Mic Series Tropic Wonder Earl Grey & Orange Peel Brew,beverages,refrigerated,0,afternoon,3,3,3,1.0,0.0,1.0,0.5
Optive Advanced Lubricant Single Use Eye Drops,personal care,eye ear care,0,afternoon,1,1,1,1.0,0.0,1.0,0.5
Orchard Apple Liquid Water Enhancer,beverages,cocoa drink mixes,0,afternoon,2,2,2,1.0,0.0,1.0,0.5
Organic Butter With Sea Salt Crock Refill,dairy eggs,butter,0,afternoon,1,1,1,1.0,0.0,1.0,0.5
Organic Dark Chocolate,snacks,candy chocolate,0,afternoon,1,1,1,1.0,0.0,1.0,0.5
Organic Four Cheese Pizza,frozen,frozen pizza,0,afternoon,1,1,1,1.0,0.0,1.0,0.5
Organic Honey & Corn Snack Crackers,snacks,crackers,0,afternoon,4,4,4,1.0,0.0001,1.0,0.5
Organic Kale Krunchies Herbs De Provence,snacks,fruit vegetable snacks,0,afternoon,1,1,1,1.0,0.0,1.0,0.5
Organic Multigrain Batard,bakery,bread,0,afternoon,1,1,1,1.0,0.0,1.0,0.5
Organic Promise Cranberry Spelt & Flax Granola,breakfast,cereal,0,afternoon,5,5,5,1.0,0.0001,1.0,0.5
Organic Strawberry Super C Vitatrition Juice,beverages,refrigerated,0,afternoon,1,1,1,1.0,0.0,1.0,0.5
Organic Tomatoes,produce,fresh fruits,0,afternoon,1,1,1,1.0,0.0,1.0,0.5
Organic Yellow Popping Corn,snacks,chips pretzels,0,afternoon,3,3,3,1.0,0.0,1.0,0.5
Original Energy Drink,beverages,energy sports drinks,0,afternoon,4,4,4,1.0,0.0001,1.0,0.5
Original Iced Coffee,missing,missing,0,afternoon,1,1,1,1.0,0.0,1.0,0.5
Original Soft & Chewy With All Natural Grilled Beef Treats for Dogs,pets,dog food care,0,afternoon,1,1,1,1.0,0.0,1.0,0.5
Pad Thai for Two,international,asian foods,0,afternoon,1,1,1,1.0,0.0,1.0,0.5
Pasta Fideo 7 Oz.,dry goods pasta,dry pasta,0,afternoon,3,3,3,1.0,0.0,1.0,0.5
"Pasta Sauce, Traditional, Meat Flavored",dry goods pasta,pasta sauce,0,afternoon,3,3,3,1.0,0.0,1.0,0.5
"Peach, Natural Black Tea",beverages,tea,0,afternoon,4,4,4,1.0,0.0001,1.0,0.5
Pear Bar,snacks,fruit vegetable snacks,0,afternoon,3,3,3,1.0,0.0,1.0,0.5
Pecan Praline Ice Cream,frozen,ice cream ice,0,afternoon,1,1,1,1.0,0.0,1.0,0.5
PlugIns Scented Oil Refill 3 ct - Hawaiian Breeze,household,air fresheners candles,0,afternoon,2,2,2,1.0,0.0,1.0,0.5
Pomegranate Cranberry & Aloe Vera Enrich Drink,beverages,juice nectars,0,afternoon,1,1,1,1.0,0.0,1.0,0.5
Pomegranate Sangria Seltzer,beverages,soft drinks,0,afternoon,1,1,1,1.0,0.0,1.0,0.5
Potato Stix,snacks,chips pretzels,0,afternoon,2,2,2,1.0,0.0,1.0,0.5
Pour Over Movie Theater Butter Microwave Popcorn,snacks,popcorn jerky,0,afternoon,3,3,3,1.0,0.0,1.0,0.5
Premium Dog Food Turkey & Chicken Formula,pets,dog food care,0,afternoon,5,5,5,1.0,0.0001,1.0,0.5
Pretzel Sticks filled with Pub Cheese,bakery,buns rolls,0,afternoon,1,1,1,1.0,0.0,1.0,0.5
Pretzels Sesame Baked Not Fried,snacks,chips pretzels,0,afternoon,4,4,4,1.0,0.0001,1.0,0.5
Pro-Gest,personal care,feminine care,0,afternoon,1,1,1,1.0,0.0,1.0,0.5
Pro-Teen Crunch Cereal,breakfast,cereal,0,afternoon,1,1,1,1.0,0.0,1.0,0.5
Pro-V Nature Fusion Moisturizing Conditioner with Melon Essence,personal care,hair care,0,afternoon,2,2,2,1.0,0.0,1.0,0.5
Pure Leaf Unsweetened Green Tea,missing,missing,0,afternoon,1,1,1,1.0,0.0,1.0,0.5
Pure Mint With Herbal Accents Sugar Free Gum 3 Pk,snacks,mint gum,0,afternoon,2,2,2,1.0,0.0,1.0,0.5
Rainforest Blend Coffee K-Cups,beverages,coffee,0,afternoon,4,4,4,1.0,0.0001,1.0,0.5
Reading 3 Way Indoor 50/200/250 Watts Light Bulb,household,more household,0,afternoon,1,1,1,1.0,0.0,1.0,0.5
Red Beans,canned goods,canned meals beans,0,afternoon,2,2,2,1.0,0.0,1.0,0.5
Regular Relaxer Kit,personal care,hair care,0,afternoon,1,1,1,1.0,0.0,1.0,0.5
"Renola Cinnamon Nut, Almonds, Sunflower Seeds and Raisins Mix",snacks,energy granola bars,0,afternoon,1,1,1,1.0,0.0,1.0,0.5
"Rigatoni, No. 26, 100% Whole Wheat",dry goods pasta,instant foods,0,afternoon,4,4,4,1.0,0.0001,1.0,0.5
Roasted Chicken with Herb Gravy Tasty American Favorites,frozen,frozen meals,0,afternoon,1,1,1,1.0,0.0,1.0,0.5
Salted Caramel Brownie Nutrition,personal care,protein meal replacements,0,afternoon,3,3,3,1.0,0.0,1.0,0.5
Sangiovese,alcohol,red wines,0,afternoon,2,2,2,1.0,0.0,1.0,0.5
Santa Fe Barbecue Rice Chips,snacks,chips pretzels,0,afternoon,5,5,5,1.0,0.0001,1.0,0.5
"Sauerkraut, Raw",pantry,pickled goods olives,0,afternoon,2,2,2,1.0,0.0,1.0,0.5
Sauté Express Garlic & Herb Cooking Squares,dairy eggs,butter,0,afternoon,1,1,1,1.0,0.0,1.0,0.5
Scentsations Spring Sunshine,household,laundry,0,afternoon,1,1,1,1.0,0.0,1.0,0.5
Seasoning Blend Vegetables,frozen,frozen produce,0,afternoon,1,1,1,1.0,0.0,1.0,0.5
Select Starts Cranberry Almond Instant Oatmeal,breakfast,hot cereal pancake mixes,0,afternoon,1,1,1,1.0,0.0,1.0,0.5
Shiitake Mushrooms Rice Noodle Soup Bowl,international,asian foods,0,afternoon,3,3,3,1.0,0.0,1.0,0.5
Simply Nutritious VitaJuice,beverages,juice nectars,0,afternoon,4,4,4,1.0,0.0001,1.0,0.5
Six Cheese Flatbread Pizza,frozen,frozen pizza,0,afternoon,2,2,2,1.0,0.0,1.0,0.5
Size 2 Diapers,babies,diapers wipes,0,afternoon,2,2,2,1.0,0.0,1.0,0.5
Skinny Margarita,other,other,0,afternoon,2,2,2,1.0,0.0,1.0,0.5
Sliced Natural Muenster Cheese,dairy eggs,packaged cheese,0,afternoon,2,2,2,1.0,0.0,1.0,0.5
Sliced New Potatoes,canned goods,canned jarred vegetables,0,afternoon,4,4,4,1.0,0.0001,1.0,0.5
Small Breed Mini Bits,pets,dog food care,0,afternoon,2,2,2,1.0,0.0,1.0,0.5
Small Round Cheese Ravioli,frozen,frozen meals,0,afternoon,1,1,1,1.0,0.0,1.0,0.5
Smooth Red Pasta Sauce,dry goods pasta,pasta sauce,0,afternoon,1,1,1,1.0,0.0,1.0,0.5
Snack Mix Sweet Peanut Butter Crunch,snacks,chips pretzels,0,afternoon,1,1,1,1.0,0.0,1.0,0.5
Sockeye Salmon,meat seafood,packaged seafood,0,afternoon,2,2,2,1.0,0.0,1.0,0.5
Soft Baked Sugar Cookies,snacks,cookies cakes,0,afternoon,1,1,1,1.0,0.0,1.0,0.5
Soft Rye Bread,bakery,bread,0,afternoon,5,5,5,1.0,0.0001,1.0,0.5
Solid Tuna in Olive Oil,canned goods,canned meat seafood,0,afternoon,1,1,1,1.0,0.0,1.0,0.5
Solid White Albacore in Water Tuna,canned goods,canned meat seafood,0,afternoon,2,2,2,1.0,0.0,1.0,0.5
Sparkling Grapefruit Chamomile & Cardamom Soda,beverages,soft drinks,0,afternoon,1,1,1,1.0,0.0,1.0,0.5
Special K Caramel Nut Flavor Protein Bites,missing,missing,0,afternoon,1,1,1,1.0,0.0,1.0,0.5
Specialty Onion Sandwich Buns,bakery,buns rolls,0,afternoon,1,1,1,1.0,0.0,1.0,0.5
Spicy Peanut Chicken & Broccolli,missing,missing,0,afternoon,1,1,1,1.0,0.0,1.0,0.5
Spinach Artichoke Hummus,deli,fresh dips tapenades,0,afternoon,2,2,2,1.0,0.0,1.0,0.5
Sprinkles Butter Flavor Granules,pantry,spices seasonings,0,afternoon,3,3,3,1.0,0.0,1.0,0.5
Stage 2 Just Pinapple Pear Avocado Baby Food,missing,missing,0,afternoon,1,1,1,1.0,0.0,1.0,0.5
"Steamfresh Fresh Frozen Vegetables Broccoli, Cauliflower & Carrots",missing,missing,0,afternoon,1,1,1,1.0,0.0,1.0,0.5
Stir Fry Sauce Chow Mein,international,asian foods,0,afternoon,2,2,2,1.0,0.0,1.0,0.5
Strawberry Rhubarb Pie in Chocolate,snacks,candy chocolate,0,afternoon,1,1,1,1.0,0.0,1.0,0.5
Strawman Farmhouse Hard Cider,alcohol,beers coolers,0,afternoon,2,2,2,1.0,0.0,1.0,0.5
Sugar Free Assorted Hard Candies,snacks,candy chocolate,0,afternoon,1,1,1,1.0,0.0,1.0,0.5
Sunflower Fabric Softener,household,laundry,0,afternoon,1,1,1,1.0,0.0,1.0,0.5
Super Food Salad,missing,missing,0,afternoon,1,1,1,1.0,0.0,1.0,0.5
Sweet Potato Casserole,frozen,frozen meals,0,afternoon,2,2,2,1.0,0.0,1.0,0.5
Take Alongs Twist & Seal Liquid Storage,household,food storage,0,afternoon,1,1,1,1.0,0.0,1.0,0.5
Tangerine with Lemongrass Dish Soap,household,dish detergents,0,afternoon,1,1,1,1.0,0.0,1.0,0.5
Tegaderm Waterproof Transparent Dressing,personal care,first aid,0,afternoon,1,1,1,1.0,0.0,1.0,0.5
"Tender Moments, Salmon Flavor Cat Treats",pets,cat food care,0,afternoon,1,1,1,1.0,0.0,1.0,0.5
Toasted Wheat & Sesame Crackers,snacks,crackers,0,afternoon,2,2,2,1.0,0.0,1.0,0.5
Traditional Scone Mix,pantry,doughs gelatins bake mixes,0,afternoon,1,1,1,1.0,0.0,1.0,0.5
True Fruit Peach Chunks,canned goods,canned fruit applesauce,0,afternoon,1,1,1,1.0,0.0,1.0,0.5
Tumblers Savory Salmon & Tuna Flavors Cat Treats,pets,cat food care,0,afternoon,1,1,1,1.0,0.0,1.0,0.5
Turkey Sausage Bagel Sandwiches,frozen,frozen breakfast,0,afternoon,1,1,1,1.0,0.0,1.0,0.5
U Cubes Children's Multi Vitamin & Mineral Gummies,personal care,vitamins supplements,0,afternoon,1,1,1,1.0,0.0,1.0,0.5
Ultiamte 10 BB Creme Conditioner,personal care,hair care,0,afternoon,5,5,5,1.0,0.0001,1.0,0.5
Unscented Liken Plant Natural Deodorant,personal care,deodorants,0,afternoon,1,1,1,1.0,0.0,1.0,0.5
V-Fusion Energy Diet Strawberry Lemondade,beverages,energy sports drinks,0,afternoon,3,3,3,1.0,0.0,1.0,0.5
Vanilla Cranberry Granola,breakfast,granola,0,afternoon,3,3,3,1.0,0.0,1.0,0.5
Vanilla Spiru-Tein High Protein Energy Shake,personal care,protein meal replacements,0,afternoon,2,2,2,1.0,0.0,1.0,0.5
Vegetable Base Eucalyptus Soap,personal care,soap,0,afternoon,2,2,2,1.0,0.0,1.0,0.5
VentAire Wide Bottle,babies,baby accessories,0,afternoon,1,1,1,1.0,0.0,1.0,0.5
Vitamin Code 50 & Wiser Women's Multivitamin,personal care,vitamins supplements,0,afternoon,2,2,2,1.0,0.0,1.0,0.5
"Water Capsules, Extended Relief",personal care,protein meal replacements,0,afternoon,2,2,2,1.0,0.0,1.0,0.5
Water Essentia Sportscap,beverages,water seltzer sparkling water,0,afternoon,1,1,1,1.0,0.0,1.0,0.5
Weightless Hydration Coconut Water Conditioner,personal care,hair care,0,afternoon,1,1,1,1.0,0.0,1.0,0.5
Wet Sweeper Cloths Refills,household,cleaning products,0,afternoon,1,1,1,1.0,0.0,1.0,0.5
"White Bean Crunch, Mac N' Cheese",missing,missing,0,afternoon,1,1,1,1.0,0.0,1.0,0.5
White Grape Peach Mango Juice Cocktail,beverages,juice nectars,0,afternoon,1,1,1,1.0,0.0,1.0,0.5
White Vanilla Fondant,pantry,baking supplies decor,0,afternoon,1,1,1,1.0,0.0,1.0,0.5
Whole Cut Up Chicken,meat seafood,packaged poultry,0,afternoon,1,1,1,1.0,0.0,1.0,0.5
Wholesome Medley,snacks,trail mix snack mix,0,afternoon,3,3,3,1.0,0.0,1.0,0.5
Yellow Cake Icing,pantry,baking supplies decor,0,afternoon,2,2,2,1.0,0.0,1.0,0.5
Yogurt Almond Milk Coconut,dairy eggs,milk,0,afternoon,1,1,1,1.0,0.0,1.0,0.5
Yuca/Cassava,frozen,frozen appetizers sides,0,afternoon,1,1,1,1.0,0.0,1.0,0.5
Zero Calorie Lemonade Organic Lemonade,beverages,juice nectars,0,afternoon,1,1,1,1.0,0.0,1.0,0.5
Zero Calorie Lemonade Strawberry Lemonade,beverages,juice nectars,0,afternoon,1,1,1,1.0,0.0,1.0,0.5
Zesty Catalina Dressing Bright & Tany,pantry,salad dressing toppings,0,afternoon,2,2,2,1.0,0.0,1.0,0.5
Soy Ginger Noodle Bowl,international,asian foods,0,afternoon,6,6,6,1.0,0.0001,0.9765,0.4954
Chocolate Fudge Ice Cream,frozen,ice cream ice,0,afternoon,5,5,5,1.0,0.0001,0.9719,0.4944
Ramen Noodle Soup Roast Beef Flavor,missing,missing,0,afternoon,4,4,4,1.0,0.0001,0.9652,0.4931
Swedish Ginger Snaps,snacks,cookies cakes,0,afternoon,4,4,4,1.0,0.0001,0.9652,0.4931
Original High Fiber 100% Vegetable Juice,beverages,juice nectars,0,afternoon,6,6,6,1.0,0.0001,0.9541,0.4909
Artichoke Ravioli,missing,missing,0,afternoon,3,3,3,1.0,0.0,0.9541,0.4908
Chocolate Cake Baking Mix,pantry,doughs gelatins bake mixes,0,afternoon,3,3,3,1.0,0.0,0.9541,0.4908
Farfalle Tricolor Pasta No. 93,dry goods pasta,dry pasta,0,afternoon,3,3,3,1.0,0.0,0.9541,0.4908
Organic Raspberries,produce,packaged vegetables fruits,0,afternoon,13421,10104,13421,0.7529,0.2644,0.6554,0.4892
Graziers Raw Jalapeño Jack Cheese,dairy eggs,specialty cheeses,0,afternoon,4,4,4,1.0,0.0001,0.9327,0.4866
Zap Ems Pizza Snacks,frozen,frozen meals,0,afternoon,4,4,4,1.0,0.0001,0.9327,0.4866
31% Cacao Salted Caramel Milk Chocolate,snacks,candy chocolate,0,afternoon,2,2,2,1.0,0.0,0.9327,0.4865
Crispy Thin Crust Gluten Free BBQ Chicken Pizza,frozen,frozen pizza,0,afternoon,2,2,2,1.0,0.0,0.9327,0.4865
Frontera Chardonnay,alcohol,red wines,0,afternoon,2,2,2,1.0,0.0,0.9327,0.4865
Fructis Color Shield Complete Defense Fortifying Conditioner For Color-Treated Hair,personal care,hair care,0,afternoon,2,2,2,1.0,0.0,0.9327,0.4865
Healthy Naturals Dry Cat Chicken,pets,cat food care,0,afternoon,2,2,2,1.0,0.0,0.9327,0.4865
Hearty Beef Franks,meat seafood,hot dogs bacon sausage,0,afternoon,2,2,2,1.0,0.0,0.9327,0.4865
Moka Java 100% Organic Coffee,beverages,coffee,0,afternoon,2,2,2,1.0,0.0,0.9327,0.4865
Original Reduced Fat Potato Chips,snacks,chips pretzels,0,afternoon,2,2,2,1.0,0.0,0.9327,0.4865
Ranch Vegetable Dip,deli,fresh dips tapenades,0,afternoon,2,2,2,1.0,0.0,0.9327,0.4865
Sparkling Beverage Orange Dry,beverages,water seltzer sparkling water,0,afternoon,2,2,2,1.0,0.0,0.9327,0.4865
Toasted Coconut Breakfast Biscuits Packs,missing,missing,0,afternoon,2,2,2,1.0,0.0,0.9327,0.4865
Organic Zucchini,produce,fresh vegetables,0,afternoon,12565,8461,12565,0.6734,0.2476,0.8019,0.4862
Vanilla Latte Chilled Espresso Beverage,other,other,0,afternoon,21,20,21,0.9524,0.0004,1.0,0.4859
Organic Dark Chocolate Bar with Sea Salt and Turbinado Cane Sugar,snacks,candy chocolate,0,afternoon,20,19,20,0.95,0.0004,1.0,0.4852
Greek Style Honey Yogurt,other,other,0,afternoon,7,7,7,1.0,0.0001,0.9238,0.4848
Bean and Cheese Gorditas,deli,prepared meals,0,afternoon,17,16,17,0.9412,0.0003,1.0,0.4825
Burger Roasted Garlic & Quinoa,frozen,frozen vegan vegetarian,0,afternoon,3,3,3,1.0,0.0,0.9122,0.4825
Classic Basil Pesto Sauce,dry goods pasta,pasta sauce,0,afternoon,3,3,3,1.0,0.0,0.9122,0.4825
"Drink, Concentrated, The Original",beverages,juice nectars,0,afternoon,3,3,3,1.0,0.0,0.9122,0.4825
Frosted Mini-Wheats Touch of Fruit Raspberry Cereal,breakfast,cereal,0,afternoon,3,3,3,1.0,0.0,0.9122,0.4825
Loose Mushrooms,produce,fresh vegetables,0,afternoon,3,3,3,1.0,0.0,0.9122,0.4825
Cucumber Kirby,produce,fresh vegetables,0,afternoon,11591,7900,11591,0.6816,0.2284,0.8117,0.481
Beneful Chopped Blends Chicken Dog Food,pets,dog food care,0,afternoon,9,9,9,1.0,0.0002,0.899,0.4799
Apricot Oat Bar,snacks,energy granola bars,0,afternoon,5,5,5,1.0,0.0001,0.8964,0.4793
"Palmiers, Petite",snacks,cookies cakes,0,afternoon,14,13,14,0.9286,0.0003,1.0,0.4787
Stronger Cookies 'n Cream Protein Bar,snacks,energy granola bars,0,afternoon,14,13,14,0.9286,0.0003,1.0,0.4787
Dunkin' Turbo Ground Coffee,beverages,coffee,0,afternoon,6,6,6,1.0,0.0001,0.8926,0.4786
Strawberries,produce,fresh fruits,0,afternoon,14194,9748,14194,0.6868,0.2797,0.6615,0.4782
Gluten-Free Reduced Sodium Popcorn,snacks,popcorn jerky,0,afternoon,12,11,12,0.9167,0.0002,1.0,0.4751
Sweet Potato Julienne Fries,frozen,frozen appetizers sides,0,afternoon,12,11,12,0.9167,0.0002,1.0,0.4751
Zero Calorie Sparkling Water Black Cherry,beverages,water seltzer sparkling water,0,afternoon,12,11,12,0.9167,0.0002,1.0,0.4751
4.5 Oz. Special K Popcorn Chips Butter,snacks,crackers,0,afternoon,1,1,1,1.0,0.0,0.8738,0.4748
Agar Agar Powder,other,other,0,afternoon,1,1,1,1.0,0.0,0.8738,0.4748
All Natural Hand And Body Lotion - Sandalwood,personal care,soap,0,afternoon,1,1,1,1.0,0.0,0.8738,0.4748
Alphabet Cookies  Cinnamon Graham,snacks,cookies cakes,0,afternoon,1,1,1,1.0,0.0,0.8738,0.4748
American Cheese Singles 22 Count,dairy eggs,packaged cheese,0,afternoon,1,1,1,1.0,0.0,0.8738,0.4748
Banana Chocolate Protein Juice Smoothie,beverages,refrigerated,0,afternoon,3,3,3,1.0,0.0,0.8738,0.4748
Big Kick Wasabi,international,asian foods,0,afternoon,1,1,1,1.0,0.0,0.8738,0.4748
Bite Size Candies Tropical,missing,missing,0,afternoon,1,1,1,1.0,0.0,0.8738,0.4748
C & F Seasonal Support,personal care,vitamins supplements,0,afternoon,2,2,2,1.0,0.0,0.8738,0.4748
Cajun Style Chicken Alfredo,frozen,frozen meals,0,afternoon,1,1,1,1.0,0.0,0.8738,0.4748
"Cheese, Pasteurized Process, Cheddar, Hot Stuff Buffalo Wing",dairy eggs,specialty cheeses,0,afternoon,1,1,1,1.0,0.0,0.8738,0.4748
Cheesecake Choco Truffle,bakery,bakery desserts,0,afternoon,1,1,1,1.0,0.0,0.8738,0.4748
Chuck Eye Steak,meat seafood,meat counter,0,afternoon,2,2,2,1.0,0.0,0.8738,0.4748
"Cookies, Vanilla",snacks,cookies cakes,0,afternoon,1,1,1,1.0,0.0,0.8738,0.4748
Crystal Pacifier,babies,baby accessories,0,afternoon,2,2,2,1.0,0.0,0.8738,0.4748
"Dark Chocolate, Extra, 85% Cacao",snacks,candy chocolate,0,afternoon,1,1,1,1.0,0.0,0.8738,0.4748
Deluxe White Cheddar & Bacon Macaroni & Cheese Dinner,dry goods pasta,instant foods,0,afternoon,1,1,1,1.0,0.0,0.8738,0.4748
Disinfecting Wipes Lemon Scent,household,cleaning products,0,afternoon,1,1,1,1.0,0.0,0.8738,0.4748
Energy 3-in-1 Body Wash,personal care,body lotions soap,0,afternoon,1,1,1,1.0,0.0,0.8738,0.4748
Fruit Nut Rasberry Cashew Chia,snacks,energy granola bars,0,afternoon,1,1,1,1.0,0.0,0.8738,0.4748
Garlic Aioli,pantry,condiments,0,afternoon,1,1,1,1.0,0.0,0.8738,0.4748
Glazed Chocolate Pie,bakery,bakery desserts,0,afternoon,2,2,2,1.0,0.0,0.8738,0.4748
Gluten Free Original Oatmeal,breakfast,hot cereal pancake mixes,0,afternoon,2,2,2,1.0,0.0,0.8738,0.4748
Gluten-Free Smoked Chicken Breast Chipotle Pineapple,deli,lunch meat,0,afternoon,1,1,1,1.0,0.0,0.8738,0.4748
Go Bites Chocolate Graham Crackers,snacks,crackers,0,afternoon,1,1,1,1.0,0.0,0.8738,0.4748
"Granny Smith, Tart Green Apple",alcohol,beers coolers,0,afternoon,1,1,1,1.0,0.0,0.8738,0.4748
Gravy Sensations Surfin' & Turfin' Favorites Variety Pack Cat Food,pets,cat food care,0,afternoon,2,2,2,1.0,0.0,0.8738,0.4748
Grilled Marinated Hearts,canned goods,canned jarred vegetables,0,afternoon,2,2,2,1.0,0.0,0.8738,0.4748
Hazelnut Cream Coffee K-Cup Packs,beverages,coffee,0,afternoon,2,2,2,1.0,0.0,0.8738,0.4748
"Hydrating Serum, Ultra Hyaluronic, Dry",personal care,skin care,0,afternoon,1,1,1,1.0,0.0,0.8738,0.4748
"Just Mango, Apple & Avocado Baby Food",produce,packaged vegetables fruits,0,afternoon,1,1,1,1.0,0.0,0.8738,0.4748
Kidz Yellow Cupcake Nutrition Bars,snacks,energy granola bars,0,afternoon,1,1,1,1.0,0.0,0.8738,0.4748
Korean Kalbi Bulgogi BBQ Sauce,international,asian foods,0,afternoon,1,1,1,1.0,0.0,0.8738,0.4748
L-Theanine  Vegetarian Capsules,other,other,0,afternoon,2,2,2,1.0,0.0,0.8738,0.4748
Lamb Rice Adult Dog,pets,dog food care,0,afternoon,2,2,2,1.0,0.0,0.8738,0.4748
Loaded Buffalo Style Chicken Potato Skins,missing,missing,0,afternoon,1,1,1,1.0,0.0,0.8738,0.4748
Low Sodium Borscht,international,kosher foods,0,afternoon,2,2,2,1.0,0.0,0.8738,0.4748
Macro Greens Drink Mix,personal care,protein meal replacements,0,afternoon,1,1,1,1.0,0.0,0.8738,0.4748
Medium Roast Breakfast Blend Coffee,beverages,coffee,0,afternoon,2,2,2,1.0,0.0,0.8738,0.4748
Medjoul Dates,snacks,nuts seeds dried fruit,0,afternoon,1,1,1,1.0,0.0,0.8738,0.4748
Men+Care Fresh Awake Deodorant,personal care,deodorants,0,afternoon,1,1,1,1.0,0.0,0.8738,0.4748
Mens Complete Gummy Vitamins,missing,missing,0,afternoon,1,1,1,1.0,0.0,0.8738,0.4748
Mirabelle Preserves Golden Plum,pantry,spreads,0,afternoon,2,2,2,1.0,0.0,0.8738,0.4748
Nature's Way Long Grain & Wild Rice Rice Mix,dry goods pasta,instant foods,0,afternoon,2,2,2,1.0,0.0,0.8738,0.4748
Orange Pineapple Drink Mix,beverages,cocoa drink mixes,0,afternoon,1,1,1,1.0,0.0,0.8738,0.4748
Organic Honey & Oats Medley Cereal,breakfast,cereal,0,afternoon,1,1,1,1.0,0.0,0.8738,0.4748
Organic Peruvian Coffee,beverages,coffee,0,afternoon,3,3,3,1.0,0.0,0.8738,0.4748
Peanut Butter Pretzels,other,other,0,afternoon,1,1,1,1.0,0.0,0.8738,0.4748
Pro-V Nature Fusion Moisturizing Shampoo with Melon Essence,personal care,hair care,0,afternoon,1,1,1,1.0,0.0,0.8738,0.4748
ProSobee Soy Infant Formula Powder,babies,baby food formula,0,afternoon,1,1,1,1.0,0.0,0.8738,0.4748
"Pumpkin Seeds, Heirloom, Organic, With a Bit of Sea Salt",snacks,nuts seeds dried fruit,0,afternoon,1,1,1,1.0,0.0,0.8738,0.4748
Pure Leaf Extra Sweet Tea,beverages,tea,0,afternoon,2,2,2,1.0,0.0,0.8738,0.4748
Regenerist Moisturizer Regenerating Lotion With SPF 15,personal care,facial care,0,afternoon,1,1,1,1.0,0.0,0.8738,0.4748
"Rhodiola Rosea, Standardized, Premium Extract, Vegetarian Vcaps",personal care,vitamins supplements,0,afternoon,1,1,1,1.0,0.0,0.8738,0.4748
Rise Sports Drink,beverages,energy sports drinks,0,afternoon,1,1,1,1.0,0.0,0.8738,0.4748
Rose Balancing Face Care Kit,personal care,skin care,0,afternoon,1,1,1,1.0,0.0,0.8738,0.4748
Sea Scrub With Sea Clay And Kelp Organic Bar,personal care,soap,0,afternoon,1,1,1,1.0,0.0,0.8738,0.4748
Sparkling Clementine Juice Beverage,beverages,soft drinks,0,afternoon,4,4,4,1.0,0.0001,0.8738,0.4748
Stove Top Everyday Chicken Stuffing Mix,dry goods pasta,instant foods,0,afternoon,1,1,1,1.0,0.0,0.8738,0.4748
Sugar Free Gum with Xylitol - Mint Bliss,snacks,mint gum,0,afternoon,3,3,3,1.0,0.0,0.8738,0.4748
Sugar Free Raspberry Vinaigrette Dressing,pantry,salad dressing toppings,0,afternoon,1,1,1,1.0,0.0,0.8738,0.4748
Thick Cut Sea Salt Potato Chips,snacks,chips pretzels,0,afternoon,1,1,1,1.0,0.0,0.8738,0.4748
Three Cheese Pizza Pocket,missing,missing,0,afternoon,2,2,2,1.0,0.0,0.8738,0.4748
Ultimate Omega Xtra,personal care,vitamins supplements,0,afternoon,2,2,2,1.0,0.0,0.8738,0.4748
Ultra Thin Slender w/Flexi-Wings Pads,personal care,feminine care,0,afternoon,1,1,1,1.0,0.0,0.8738,0.4748
Veggie Made Riced Cauliflower Lightly Sauced with Savory Herb,missing,missing,0,afternoon,1,1,1,1.0,0.0,0.8738,0.4748
Wavy Organic Sea Salted Potato Chips,snacks,chips pretzels,0,afternoon,1,1,1,1.0,0.0,0.8738,0.4748
WellBars With Crunchy Peanuts & Honey,breakfast,breakfast bars pastries,0,afternoon,1,1,1,1.0,0.0,0.8738,0.4748
White Balsamic Shallot Vinaigrette,pantry,salad dressing toppings,0,afternoon,1,1,1,1.0,0.0,0.8738,0.4748
Rehab Tea + Lemonade + Energy,beverages,energy sports drinks,0,afternoon,45,41,45,0.9111,0.0009,1.0,0.4738
Woodland Soap Bar,personal care,body lotions soap,0,afternoon,22,20,22,0.9091,0.0004,1.0,0.4729
Beer Can,alcohol,beers coolers,0,afternoon,11,10,11,0.9091,0.0002,1.0,0.4728
Soy Crisps Lightly Salted,snacks,chips pretzels,0,afternoon,11,10,11,0.9091,0.0002,1.0,0.4728
Blended Canadian Whisky,alcohol,spirits,0,afternoon,12,11,12,0.9167,0.0002,0.9881,0.4727
Original Vanilla Low Fat Yogurt,dairy eggs,yogurt,0,afternoon,21,19,21,0.9048,0.0004,1.0,0.4716
Crispy Mini Wafer Sticks,snacks,candy chocolate,0,afternoon,6,6,6,1.0,0.0001,0.8557,0.4712
Atlantic Skinless & Boneless Prime Fillet Salmon,canned goods,canned meat seafood,0,afternoon,5,5,5,1.0,0.0001,0.8522,0.4705
Cherry Coke Zero,beverages,soft drinks,0,afternoon,20,18,20,0.9,0.0004,1.0,0.4702
V-Fusion +Energy Orange Pineapple Juice,beverages,juice nectars,0,afternoon,20,18,20,0.9,0.0004,1.0,0.4702
Blueberry Walnut Organic Flakes and Clusters,breakfast,cereal,0,afternoon,10,9,10,0.9,0.0002,1.0,0.4701
Flavor & Fiber Banana Walnut Bar,snacks,energy granola bars,0,afternoon,10,9,10,0.9,0.0002,1.0,0.4701
OptiGRO with Iron Infant Formula,babies,baby food formula,0,afternoon,10,9,10,0.9,0.0002,1.0,0.4701
Smoked Sea Salt & Almond Chocolate Bar,snacks,candy chocolate,0,afternoon,10,9,10,0.9,0.0002,1.0,0.4701
"Soymilk, Classic, Vanilla",dairy eggs,soy lactosefree,0,afternoon,10,9,10,0.9,0.0002,1.0,0.4701
For Digestive Health & Soft Stools Milk-Based with Iron Infant Formula Powder,babies,baby food formula,0,afternoon,4,4,4,1.0,0.0001,0.847,0.4694
Mango Yogurt,dairy eggs,yogurt,0,afternoon,4,4,4,1.0,0.0001,0.847,0.4694
"Bread, Watsonville Sourdough",bakery,bread,0,afternoon,25,23,25,0.92,0.0005,0.9612,0.4685
Albacore Solid White Tuna,canned goods,canned meat seafood,0,afternoon,3,3,3,1.0,0.0,0.8384,0.4677
Chlorine Free Flushable Wipes Pack,babies,diapers wipes,0,afternoon,3,3,3,1.0,0.0,0.8384,0.4677
Ethiopian Hummus,deli,fresh dips tapenades,0,afternoon,3,3,3,1.0,0.0,0.8384,0.4677
Italian Pork Sausage,meat seafood,hot dogs bacon sausage,0,afternoon,3,3,3,1.0,0.0,0.8384,0.4677
Sensitive Systems Formula Adult Dog Food,pets,dog food care,0,afternoon,3,3,3,1.0,0.0,0.8384,0.4677
Mandarin Orange with Electrolytes & Vitamins Water Beverage,beverages,energy sports drinks,0,afternoon,27,24,27,0.8889,0.0005,1.0,0.4669
Brown'N Serve Sausage Links Lite Original - 10 CT,frozen,frozen breakfast,0,afternoon,9,8,9,0.8889,0.0002,1.0,0.4667
Light Tapioca Loaf,bakery,bread,0,afternoon,9,8,9,0.8889,0.0002,1.0,0.4667
Bubble Daily Shower Trig,household,cleaning products,0,afternoon,5,5,5,1.0,0.0001,0.8317,0.4664
Reduced Fat Original Crackers,snacks,crackers,0,afternoon,5,5,5,1.0,0.0001,0.8317,0.4664
Lactose Free Whole Milk,dairy eggs,milk,0,afternoon,7,7,7,1.0,0.0001,0.8288,0.4658
Jumbone Mini Toy/Small (PS #5129732) Dog Care & Treats,pets,dog food care,0,afternoon,17,15,17,0.8824,0.0003,1.0,0.4649
2x Ultra Active Stainfighter Formula Liquid Laundry Detergent,household,laundry,0,afternoon,2,2,2,1.0,0.0,0.8218,0.4644
Blueberry Greek Yogurt,dairy eggs,yogurt,0,afternoon,2,2,2,1.0,0.0,0.8218,0.4644
California Almond French Twists,bakery,bakery desserts,0,afternoon,2,2,2,1.0,0.0,0.8218,0.4644
Made with Organic Pasta & Cheddar Cheese Alphabet Shapes Macaroni & Cheese Dinner,dry goods pasta,instant foods,0,afternoon,2,2,2,1.0,0.0,0.8218,0.4644
Peach Rings Candy,snacks,candy chocolate,0,afternoon,2,2,2,1.0,0.0,0.8218,0.4644
Pear Vinaigrette Dressing and Marinade,pantry,salad dressing toppings,0,afternoon,2,2,2,1.0,0.0,0.8218,0.4644
ProActive Health Adult Hairball Care Dry Cat Food,pets,cat food care,0,afternoon,2,2,2,1.0,0.0,0.8218,0.4644
"Rev #12 Turkey, Ham & Cheese Snack Wrap",deli,prepared meals,0,afternoon,2,2,2,1.0,0.0,0.8218,0.4644
Sheep Butter,dairy eggs,butter,0,afternoon,4,4,4,1.0,0.0001,0.8218,0.4644
Ultra Pure Drinking Water,beverages,water seltzer sparkling water,0,afternoon,2,2,2,1.0,0.0,0.8218,0.4644
Vitamin Code Kids Chewable Whole Food Multivitamin For Kids Cherry Berry,other,other,0,afternoon,4,4,4,1.0,0.0001,0.8218,0.4644
Greek Nonfat Yogurt Plain,dairy eggs,yogurt,0,afternoon,24,21,24,0.875,0.0005,1.0,0.4627
Blackcurrant,beverages,juice nectars,0,afternoon,8,7,8,0.875,0.0001,1.0,0.4626
Compleats Homestyle Chicken & Dumplings,dry goods pasta,instant foods,0,afternoon,16,14,16,0.875,0.0003,1.0,0.4626
Deluxe Bread Wheat,bakery,bread,0,afternoon,8,7,8,0.875,0.0001,1.0,0.4626
Fresh Collection Fiji Body Wash,personal care,body lotions soap,0,afternoon,8,7,8,0.875,0.0001,1.0,0.4626
Key Lime Soda,beverages,soft drinks,0,afternoon,8,7,8,0.875,0.0001,1.0,0.4626
Menudo,international,latino foods,0,afternoon,8,7,8,0.875,0.0001,1.0,0.4626
Organic Grain Free Chicken & Liver Dinner Canned Dog Food,pets,dog food care,0,afternoon,8,7,8,0.875,0.0001,1.0,0.4626
RIP-L Family Pack Potato Chips,snacks,chips pretzels,0,afternoon,8,7,8,0.875,0.0001,1.0,0.4626
Taro Root,produce,fresh vegetables,0,afternoon,8,8,8,1.0,0.0001,0.8097,0.462
Peanut Butter Toasty Crackers,snacks,crackers,0,afternoon,10,9,10,0.9,0.0002,0.9585,0.4618
Organic Grape Tomatoes,produce,packaged vegetables fruits,0,afternoon,10454,6706,10454,0.6415,0.206,0.8291,0.4613
Busy Heartyhide Real Beefhide Basted Chicken Flavor Dog Treats,pets,dog food care,0,afternoon,3,3,3,1.0,0.0,0.8058,0.4612
D:tox System Purifying & Exfoliating Facial Cleansing Towelettes,personal care,skin care,0,afternoon,3,3,3,1.0,0.0,0.8058,0.4612
Graduates Lil' Crunchies Cinnamon Maple,babies,baby food formula,0,afternoon,6,6,6,1.0,0.0001,0.8058,0.4612
Sauce for Broccoli Beef,international,asian foods,0,afternoon,3,3,3,1.0,0.0,0.8058,0.4612
Blueberry Blended Cultured Soymilk,dairy eggs,yogurt,0,afternoon,13,12,13,0.9231,0.0002,0.9184,0.4607
Prime Filets Meaty Favorites Variety Pack Cat Food,pets,cat food care,0,afternoon,18,16,18,0.8889,0.0003,0.9689,0.4606
Organic & Raw Trilogy,beverages,refrigerated,0,afternoon,4,4,4,1.0,0.0001,0.798,0.4596
Tangy Tart Candy,snacks,candy chocolate,0,afternoon,4,4,4,1.0,0.0001,0.798,0.4596
24HR Capsules - 14 CT,personal care,digestion,0,afternoon,10,9,10,0.9,0.0002,0.9454,0.4592
The Original Whole Bean Coffee,beverages,coffee,0,afternoon,10,9,10,0.9,0.0002,0.9454,0.4592
Cheetos Crunchy Xxtra Hot Cheese Snacks,snacks,chips pretzels,0,afternoon,5,5,5,1.0,0.0001,0.7934,0.4587
Private Bin Sauvignon Blanc,alcohol,white wines,0,afternoon,5,5,5,1.0,0.0001,0.7934,0.4587
Banana Greek Nonfat Yogurt,dairy eggs,yogurt,0,afternoon,6,6,6,1.0,0.0001,0.7904,0.4581
Raspberry Truffle Nutrition Bar,snacks,energy granola bars,0,afternoon,28,24,28,0.8571,0.0005,1.0,0.4574
Chocolate Milk 1% Milkfat,dairy eggs,milk,0,afternoon,143,122,143,0.8531,0.0028,1.0,0.4573
Buffalo Style Chicken Breast,meat seafood,poultry counter,0,afternoon,7,6,7,0.8571,0.0001,1.0,0.4572
Collisions Gummies,snacks,candy chocolate,0,afternoon,7,6,7,0.8571,0.0001,1.0,0.4572
Eggplant Pesto,deli,fresh dips tapenades,0,afternoon,7,6,7,0.8571,0.0001,1.0,0.4572
Exposed Original + Honey Water Beverage,beverages,juice nectars,0,afternoon,7,6,7,0.8571,0.0001,1.0,0.4572
Gluten Free Original Waffles,frozen,frozen breakfast,0,afternoon,7,6,7,0.8571,0.0001,1.0,0.4572
"Ice Cream , Cookie Dough",frozen,ice cream ice,0,afternoon,7,6,7,0.8571,0.0001,1.0,0.4572
Lil' Meals Rice & Sweet Potatoes with Carrots & Chicken,babies,baby food formula,0,afternoon,7,6,7,0.8571,0.0001,1.0,0.4572
Organic Wheatgrass Sprouts,produce,packaged vegetables fruits,0,afternoon,7,6,7,0.8571,0.0001,1.0,0.4572
Southern Style Sweet Tea,beverages,tea,0,afternoon,7,6,7,0.8571,0.0001,1.0,0.4572
Michigan Organic Kale,produce,fresh vegetables,0,afternoon,8424,5776,8424,0.6857,0.166,0.8399,0.4567
Bakery Shop Banana Cream Pie Pudding,dairy eggs,refrigerated pudding desserts,0,afternoon,10,9,10,0.9,0.0002,0.9327,0.4566
Strawberry Yogurt,dairy eggs,yogurt,0,afternoon,10,9,10,0.9,0.0002,0.9327,0.4566
Chocolate Love Bar,snacks,candy chocolate,0,afternoon,13,12,13,0.9231,0.0002,0.8911,0.4553
Light Brain Toniq,beverages,energy sports drinks,0,afternoon,6,6,6,1.0,0.0001,0.7756,0.4552
100% Juice Cranberry,beverages,juice nectars,0,afternoon,2,2,2,1.0,0.0,0.7756,0.4551
100% Pure Grape Seed Oil,pantry,oils vinegars,0,afternoon,1,1,1,1.0,0.0,0.7756,0.4551
Beneful Original Dog Food,pets,dog food care,0,afternoon,3,3,3,1.0,0.0,0.7756,0.4551
Black Chilli Beans With Onion Garlic & Chilli Spices,canned goods,canned meals beans,0,afternoon,2,2,2,1.0,0.0,0.7756,0.4551
Blackberry Ginger Ale,beverages,soft drinks,0,afternoon,1,1,1,1.0,0.0,0.7756,0.4551
Blueberry Nonfat Yogurt,missing,missing,0,afternoon,2,2,2,1.0,0.0,0.7756,0.4551
Cajun Flavor Smoked Smoked Salmon Alder Wood Smoked,meat seafood,packaged seafood,0,afternoon,1,1,1,1.0,0.0,0.7756,0.4551
"Casual Foam Plates, 8.875\""",household,plates bowls cups flatware,0,afternoon,1,1,1,1.0,0.0,0.7756,0.4551
"Chips, Kale + Chia, Chili Lime",snacks,fruit vegetable snacks,0,afternoon,1,1,1,1.0,0.0,0.7756,0.4551
Chocolate Eclairs,snacks,cookies cakes,0,afternoon,1,1,1,1.0,0.0,0.7756,0.4551
Churro Tortilla Chips,snacks,chips pretzels,0,afternoon,1,1,1,1.0,0.0,0.7756,0.4551
Clarifying Day Oil,personal care,skin care,0,afternoon,1,1,1,1.0,0.0,0.7756,0.4551
Classic Clean Linen Candle,household,air fresheners candles,0,afternoon,1,1,1,1.0,0.0,0.7756,0.4551
Classic Iceberg Salad Mix,produce,packaged vegetables fruits,0,afternoon,2,2,2,1.0,0.0,0.7756,0.4551
Coconut Straightening Shampoo,personal care,hair care,0,afternoon,1,1,1,1.0,0.0,0.7756,0.4551
Cranberry Fruit Dietary Supplement,personal care,vitamins supplements,0,afternoon,1,1,1,1.0,0.0,0.7756,0.4551
Cranberry Walnut Salad,produce,packaged vegetables fruits,0,afternoon,3,3,3,1.0,0.0,0.7756,0.4551
Disney Princesses Bonus Pack 30% More Assorted,personal care,first aid,0,afternoon,1,1,1,1.0,0.0,0.7756,0.4551
Dressing & Sandwich Spread,pantry,spreads,0,afternoon,1,1,1,1.0,0.0,0.7756,0.4551
Extreme Hold Hair Spray #10,personal care,hair care,0,afternoon,1,1,1,1.0,0.0,0.7756,0.4551
Farmer's Pick Concord Grape Juice,beverages,juice nectars,0,afternoon,1,1,1,1.0,0.0,0.7756,0.4551
Fresh Protect April Fresh,household,cleaning products,0,afternoon,1,1,1,1.0,0.0,0.7756,0.4551
Fusilli Corti Col Bugo,dry goods pasta,dry pasta,0,afternoon,2,2,2,1.0,0.0,0.7756,0.4551
Gluten Free Beef and Potato Burrito,frozen,frozen meals,0,afternoon,2,2,2,1.0,0.0,0.7756,0.4551
Gluten Free Cheese Balls,snacks,chips pretzels,0,afternoon,3,3,3,1.0,0.0,0.7756,0.4551
Gluten Free Chocolate Chip Pancake Mix,breakfast,hot cereal pancake mixes,0,afternoon,1,1,1,1.0,0.0,0.7756,0.4551
Greek Mousse Coconut Cream Yogurt,dairy eggs,yogurt,0,afternoon,1,1,1,1.0,0.0,0.7756,0.4551
Hair Expertise EverSleek Reparative Smoothing Conditioner,personal care,hair care,0,afternoon,2,2,2,1.0,0.0,0.7756,0.4551
Hairball Control Dry Cat Food,pets,cat food care,0,afternoon,1,1,1,1.0,0.0,0.7756,0.4551
Healthy Growth Dry Puppy Food,pets,dog food care,0,afternoon,1,1,1,1.0,0.0,0.7756,0.4551
Healthy Request Minestrone Condensed Soup,canned goods,soup broth bouillon,0,afternoon,2,2,2,1.0,0.0,0.7756,0.4551
Homestyle Chicken Gravy,dry goods pasta,instant foods,0,afternoon,1,1,1,1.0,0.0,0.7756,0.4551
"Instant Mousse Mix, Dark Chocolate Truffle",pantry,doughs gelatins bake mixes,0,afternoon,1,1,1,1.0,0.0,0.7756,0.4551
Key Lime Moisture Shave,personal care,shave needs,0,afternoon,1,1,1,1.0,0.0,0.7756,0.4551
"Lager Beer, Organic, Pure Brewed",alcohol,beers coolers,0,afternoon,1,1,1,1.0,0.0,0.7756,0.4551
Magazine Elle Decor,household,more household,0,afternoon,1,1,1,1.0,0.0,0.7756,0.4551
Milk Chocolate Candies Fun Size Packs,snacks,candy chocolate,0,afternoon,1,1,1,1.0,0.0,0.7756,0.4551
Morning Burst® Facial Scrub Cleansers,personal care,facial care,0,afternoon,2,2,2,1.0,0.0,0.7756,0.4551
Napa Valley Zinfandel Wine,alcohol,red wines,0,afternoon,1,1,1,1.0,0.0,0.7756,0.4551
No Salt Added Diced Tomatoes,missing,missing,0,afternoon,1,1,1,1.0,0.0,0.7756,0.4551
Noticeables Hawaiian Scent Air Freshener Refills,household,air fresheners candles,0,afternoon,2,2,2,1.0,0.0,0.7756,0.4551
Oikos Greek Frozen Yogurt Mint Chocolate Chip,frozen,ice cream ice,0,afternoon,1,1,1,1.0,0.0,0.7756,0.4551
One Love Medium Organic Ground Coffee,beverages,coffee,0,afternoon,1,1,1,1.0,0.0,0.7756,0.4551
Organic Audacia Granola,missing,missing,0,afternoon,1,1,1,1.0,0.0,0.7756,0.4551
Organic Hazelnut Chocolate Butter,pantry,spreads,0,afternoon,1,1,1,1.0,0.0,0.7756,0.4551
Organic Sun-Washed Mediterranean Salad,produce,packaged vegetables fruits,0,afternoon,1,1,1,1.0,0.0,0.7756,0.4551
Original 72% Raw Cacao Chocolate Bar,snacks,candy chocolate,0,afternoon,1,1,1,1.0,0.0,0.7756,0.4551
Original Cheesy Made Easy Macaroni & Cheese Dinner,dry goods pasta,instant foods,0,afternoon,1,1,1,1.0,0.0,0.7756,0.4551
Palmeritas,snacks,cookies cakes,0,afternoon,1,1,1,1.0,0.0,0.7756,0.4551
Paste For Chicken Curry,international,indian foods,0,afternoon,1,1,1,1.0,0.0,0.7756,0.4551
Pb 'N J Sandwich Crackers,snacks,crackers,0,afternoon,1,1,1,1.0,0.0,0.7756,0.4551
Pineapple Cucumber Fruit and Vegetable Juice,beverages,refrigerated,0,afternoon,1,1,1,1.0,0.0,0.7756,0.4551
Plain Cashews,snacks,nuts seeds dried fruit,0,afternoon,1,1,1,1.0,0.0,0.7756,0.4551
Puff Pastry Dough For Turnovers,pantry,baking supplies decor,0,afternoon,1,1,1,1.0,0.0,0.7756,0.4551
Pure Cornstarch Baby Powder,babies,baby bath body care,0,afternoon,1,1,1,1.0,0.0,0.7756,0.4551
Real Zero Cola,beverages,soft drinks,0,afternoon,1,1,1,1.0,0.0,0.7756,0.4551
Salted Caramel Pecans,snacks,candy chocolate,0,afternoon,1,1,1,1.0,0.0,0.7756,0.4551
Scented Wax Melts Refill 8 ct - Pure Vanilla Joy,household,air fresheners candles,0,afternoon,1,1,1,1.0,0.0,0.7756,0.4551
Seeded Italian Enriched Bread,bakery,bread,0,afternoon,2,2,2,1.0,0.0,0.7756,0.4551
Sesame Tamari Organic Vinaigrette,pantry,salad dressing toppings,0,afternoon,1,1,1,1.0,0.0,0.7756,0.4551
Simply Caramel Milk Chocolate,snacks,candy chocolate,0,afternoon,1,1,1,1.0,0.0,0.7756,0.4551
Simply Traditional Pasta Sauce,dry goods pasta,pasta sauce,0,afternoon,1,1,1,1.0,0.0,0.7756,0.4551
Soap Travel Case,personal care,soap,0,afternoon,1,1,1,1.0,0.0,0.7756,0.4551
Special K Nourish Bites Dark Chocolate Pistachio,missing,missing,0,afternoon,1,1,1,1.0,0.0,0.7756,0.4551
Spinach Tomato Natural & Beef Flavored Veggie Rotini,dry goods pasta,dry pasta,0,afternoon,1,1,1,1.0,0.0,0.7756,0.4551
Sweet Black Cold Brew Coffee,beverages,coffee,0,afternoon,1,1,1,1.0,0.0,0.7756,0.4551
Tofu Scrambler,dry goods pasta,instant foods,0,afternoon,1,1,1,1.0,0.0,0.7756,0.4551
Tropical Goodness Juice Smoothie,beverages,refrigerated,0,afternoon,2,2,2,1.0,0.0,0.7756,0.4551
Unscented Regular Pantiliners,personal care,feminine care,0,afternoon,2,2,2,1.0,0.0,0.7756,0.4551
Vegan Gluten Free Ginger Sanpdragons Molasses Cookies,bakery,bakery desserts,0,afternoon,1,1,1,1.0,0.0,0.7756,0.4551
Very Light Pads,personal care,feminine care,0,afternoon,1,1,1,1.0,0.0,0.7756,0.4551
Water Beverage with Vitamins Black Cherry Flavor,beverages,energy sports drinks,0,afternoon,2,2,2,1.0,0.0,0.7756,0.4551
Whole Milk Cherry Organic Yogurt,dairy eggs,yogurt,0,afternoon,1,1,1,1.0,0.0,0.7756,0.4551
Boneless Skinless Chicken Breasts,meat seafood,packaged poultry,0,afternoon,6906,4660,6906,0.6748,0.1361,0.9223,0.4549
Ice Cream,frozen,ice cream ice,0,afternoon,13,11,13,0.8462,0.0002,1.0,0.454
Lowfat Plain Yogurt,dairy eggs,yogurt,0,afternoon,13,11,13,0.8462,0.0002,1.0,0.454
"Marinade & Grilling, Island Teriyaki",pantry,marinades meat preparation,0,afternoon,13,11,13,0.8462,0.0002,1.0,0.454
Honeycrisp Apple,produce,fresh fruits,0,afternoon,8973,6428,8973,0.7164,0.1768,0.7514,0.4536
Chocolate Joy Mighty Flakes,breakfast,cereal,0,afternoon,7,6,7,0.8571,0.0001,0.9798,0.4532
Original A to Z's Pasta,canned goods,canned meals beans,0,afternoon,7,6,7,0.8571,0.0001,0.9798,0.4532
DairyPure Fat Free Milk,dairy eggs,milk,0,afternoon,19,16,19,0.8421,0.0004,1.0,0.4528
Puffed Corn Cereal,breakfast,cereal,0,afternoon,23,21,23,0.913,0.0004,0.8884,0.4518
Arsenicum Album 30 C - 80 CT,personal care,vitamins supplements,0,afternoon,4,4,4,1.0,0.0001,0.7543,0.4509
Jordan Almonds,snacks,nuts seeds dried fruit,0,afternoon,4,4,4,1.0,0.0001,0.7543,0.4509
Smoked Salt Caramels,snacks,candy chocolate,0,afternoon,4,4,4,1.0,0.0001,0.7543,0.4509
Best Grains 12 Whole Grains Bread,bakery,bread,0,afternoon,21,18,21,0.8571,0.0004,0.9668,0.4507
Organic Maple Whole Milk Yogurt,dairy eggs,yogurt,0,afternoon,21,19,21,0.9048,0.0004,0.8953,0.4507
Pineapple Super Greens Kombucha,beverages,refrigerated,0,afternoon,18,15,18,0.8333,0.0003,1.0,0.4502
White Paper Towel Roll,household,paper goods,0,afternoon,24,20,24,0.8333,0.0005,1.0,0.4502
Beef Cotto Salami,deli,lunch meat,0,afternoon,12,10,12,0.8333,0.0002,1.0,0.4501
Black Cherry Seltzer,beverages,water seltzer sparkling water,0,afternoon,12,10,12,0.8333,0.0002,1.0,0.4501
Portero Hill Raw Honey,pantry,honeys syrups nectars,0,afternoon,12,10,12,0.8333,0.0002,1.0,0.4501
Very Verde Good Tortilla Chips,snacks,chips pretzels,0,afternoon,12,10,12,0.8333,0.0002,1.0,0.4501
All Bean Chili,deli,prepared meals,0,afternoon,6,5,6,0.8333,0.0001,1.0,0.45
Apples + Blueberries Bars,snacks,energy granola bars,0,afternoon,6,5,6,0.8333,0.0001,1.0,0.45
Asiago Pontina Parmesan Provolone Four Cheese Freshly Shredded,dairy eggs,packaged cheese,0,afternoon,6,5,6,0.8333,0.0001,1.0,0.45
Big with Beef in Tomato Sauce Beefaroni,canned goods,canned meals beans,0,afternoon,6,5,6,0.8333,0.0001,1.0,0.45
Cheddar Sliced Mild,dairy eggs,packaged cheese,0,afternoon,6,5,6,0.8333,0.0001,1.0,0.45
Chicken Penne Alfredo,frozen,frozen meals,0,afternoon,6,5,6,0.8333,0.0001,1.0,0.45
F/C Turkey Patties,meat seafood,meat counter,0,afternoon,6,5,6,0.8333,0.0001,1.0,0.45
Find Your Thrill On Blueberry Hill Cheesecake,bakery,bakery desserts,0,afternoon,6,5,6,0.8333,0.0001,1.0,0.45
"Graduates Grabbers Fruit & Yogurt, Tropical",babies,baby food formula,0,afternoon,6,5,6,0.8333,0.0001,1.0,0.45
"Granola, Veritas, Organic",breakfast,granola,0,afternoon,6,5,6,0.8333,0.0001,1.0,0.45
Greek Yogurt Ranch Dip,pantry,salad dressing toppings,0,afternoon,6,5,6,0.8333,0.0001,1.0,0.45
Jewel Signature Provolone,dairy eggs,other creams cheeses,0,afternoon,6,5,6,0.8333,0.0001,1.0,0.45
Kombucha Pomtastic Blueberry,beverages,soft drinks,0,afternoon,6,5,6,0.8333,0.0001,1.0,0.45
Nitro Milk Stout,alcohol,beers coolers,0,afternoon,6,5,6,0.8333,0.0001,1.0,0.45
Nutrisca Chicken And Chickpea Recipe Dog Food,pets,dog food care,0,afternoon,6,5,6,0.8333,0.0001,1.0,0.45
Organic Raw Fit High Protein for Weight Loss,personal care,protein meal replacements,0,afternoon,6,5,6,0.8333,0.0001,1.0,0.45
Peanut Butter Formula Miniature Dog Treats,pets,dog food care,0,afternoon,6,5,6,0.8333,0.0001,1.0,0.45
Small Brushing Chews Dog Treats,pets,dog food care,0,afternoon,6,5,6,0.8333,0.0001,1.0,0.45
Steamfresh Garlic Parm Peas,frozen,frozen produce,0,afternoon,6,5,6,0.8333,0.0001,1.0,0.45
Sugar-Free Wintergreen Chewing Gum,snacks,mint gum,0,afternoon,6,5,6,0.8333,0.0001,1.0,0.45
Twister Fruit Punch Juice Beverage,beverages,refrigerated,0,afternoon,6,5,6,0.8333,0.0001,1.0,0.45
with Xylitol Minty Sweet Twist 18 Sticks Sugar Free Gum,snacks,mint gum,0,afternoon,6,5,6,0.8333,0.0001,1.0,0.45
Asiago Cheese Crackers,snacks,crackers,0,afternoon,3,3,3,1.0,0.0,0.7475,0.4495
Creamy Peanut Butter Bars,snacks,energy granola bars,0,afternoon,3,3,3,1.0,0.0,0.7475,0.4495
Kipper Snacks Naturally Smoked,canned goods,canned meat seafood,0,afternoon,3,3,3,1.0,0.0,0.7475,0.4495
Organic Pear,beverages,water seltzer sparkling water,0,afternoon,3,3,3,1.0,0.0,0.7475,0.4495
Campfire Genmaicha Brew Kombucha,beverages,refrigerated,0,afternoon,8,7,8,0.875,0.0001,0.9327,0.4491
Organic Baby Arugula,produce,packaged vegetables fruits,0,afternoon,8662,5892,8662,0.6802,0.1707,0.7984,0.4491
Organic Cucumber,produce,fresh vegetables,0,afternoon,9173,6364,9173,0.6938,0.1807,0.7529,0.4491
Mixed Beans,canned goods,canned meals beans,0,afternoon,5,5,5,1.0,0.0001,0.7421,0.4485
Raw Pure Goat Milk,dairy eggs,milk,0,afternoon,7,7,7,1.0,0.0001,0.7399,0.448
Vitaminwater Zero Glow Strawberry Guanabana,beverages,energy sports drinks,0,afternoon,17,14,17,0.8235,0.0003,1.0,0.4472
Yellow Onions,produce,fresh vegetables,0,afternoon,9587,5701,9587,0.5947,0.1889,0.8711,0.4471
"Ale, Hop Stoopid",alcohol,beers coolers,0,afternoon,19,17,19,0.8947,0.0004,0.8915,0.4469
Allergy Relief Tablets,personal care,cold flu allergy,0,afternoon,2,2,2,1.0,0.0,0.7342,0.4469
Almonette Cookies,snacks,cookies cakes,0,afternoon,2,2,2,1.0,0.0,0.7342,0.4469
Caffeine Free Strawberry Soda,beverages,soft drinks,0,afternoon,2,2,2,1.0,0.0,0.7342,0.4469
Craisins Fruit & Nut Trail Mix,snacks,nuts seeds dried fruit,0,afternoon,2,2,2,1.0,0.0,0.7342,0.4469
Crispy Asparagus Pickled Hot and Spicy,pantry,pickled goods olives,0,afternoon,2,2,2,1.0,0.0,0.7342,0.4469
H20 Cocolate Flavored Coconut Water,beverages,juice nectars,0,afternoon,4,4,4,1.0,0.0001,0.7342,0.4469
Half Lemonade & Half Iced Tea Drink Mix,beverages,cocoa drink mixes,0,afternoon,2,2,2,1.0,0.0,0.7342,0.4469
"Iso Maki, Seaweed Wrapped Rice Cracker",international,asian foods,0,afternoon,4,4,4,1.0,0.0001,0.7342,0.4469
Kids Oatmeal & Chocolate Chunk Snack Bar,snacks,energy granola bars,0,afternoon,2,2,2,1.0,0.0,0.7342,0.4469
Original Teriyaki Nori,international,asian foods,0,afternoon,2,2,2,1.0,0.0,0.7342,0.4469
Outlast Long Lasting Mint Mouthwash,personal care,oral hygiene,0,afternoon,2,2,2,1.0,0.0,0.7342,0.4469
Oven Roasted Sliced Turkey Breast,meat seafood,hot dogs bacon sausage,0,afternoon,4,4,4,1.0,0.0001,0.7342,0.4469
Roasted Tomato Rice Seasoning Sauce With Garlic + Red Chile,international,latino foods,0,afternoon,2,2,2,1.0,0.0,0.7342,0.4469
"Shredded Cheese, Cheddar",dairy eggs,packaged cheese,0,afternoon,2,2,2,1.0,0.0,0.7342,0.4469
"Soap, French Milled Oval, Climbing Wild Rose",personal care,soap,0,afternoon,2,2,2,1.0,0.0,0.7342,0.4469
Soft Caramels,snacks,candy chocolate,0,afternoon,2,2,2,1.0,0.0,0.7342,0.4469
Sugar Free Mandarin Energy Drink,beverages,energy sports drinks,0,afternoon,2,2,2,1.0,0.0,0.7342,0.4469
Sugar Free Real Desserts Gelatin Snacks,dairy eggs,refrigerated pudding desserts,0,afternoon,2,2,2,1.0,0.0,0.7342,0.4469
T-Bonz Porterhouse Flavor Steak-Shaped Dog Treats,pets,dog food care,0,afternoon,2,2,2,1.0,0.0,0.7342,0.4469
"Yogurt, Greek, Reduced Fat, Vanilla Cinnamon Orange Flavored",dairy eggs,yogurt,0,afternoon,4,4,4,1.0,0.0001,0.7342,0.4469
Nutrish Soup Bones Real Beef & Barley Flavor Chew Bones For Dogs,pets,dog food care,0,afternoon,8,7,8,0.875,0.0001,0.9172,0.446
Chocolate Love Truffles,snacks,candy chocolate,0,afternoon,11,9,11,0.8182,0.0002,1.0,0.4456
Kellogg's Pop-Tarts Frosted Chocolate Chip Cookie Dough Pastries,breakfast,breakfast bars pastries,0,afternoon,11,9,11,0.8182,0.0002,1.0,0.4456
Swaddlers Diapers Jumbo Pack Size,babies,diapers wipes,0,afternoon,11,9,11,0.8182,0.0002,1.0,0.4456
Z Filets Grilled Beef Dog Treats,pets,dog food care,0,afternoon,11,9,11,0.8182,0.0002,1.0,0.4456
ZzzQuil Nighttime Liquid Sleep-Aid Twin Pack,personal care,cold flu allergy,0,afternoon,11,9,11,0.8182,0.0002,1.0,0.4456
Apple Honeycrisp Organic,produce,fresh fruits,0,afternoon,8919,6394,8919,0.7169,0.1757,0.7126,0.4454
70% Dark Organic Stone Ground Chocolate,snacks,candy chocolate,0,afternoon,3,3,3,1.0,0.0,0.7214,0.4443
Artichoke & Spinach Hummus,pantry,spreads,0,afternoon,3,3,3,1.0,0.0,0.7214,0.4443
Choice Cuts In Gravy with Chicken & Rice Wet Dog Food,pets,dog food care,0,afternoon,3,3,3,1.0,0.0,0.7214,0.4443
Fragrance Free Moisturizing Bar,personal care,body lotions soap,0,afternoon,3,3,3,1.0,0.0,0.7214,0.4443
OTC™ Heartburn Capsules,personal care,digestion,0,afternoon,3,3,3,1.0,0.0,0.7214,0.4443
Original Cola,beverages,soft drinks,0,afternoon,3,3,3,1.0,0.0,0.7214,0.4443
Vanilla Hazelnut Coffee,beverages,coffee,0,afternoon,3,3,3,1.0,0.0,0.7214,0.4443
Pure Leaf Raspberry,beverages,tea,0,afternoon,16,13,16,0.8125,0.0003,1.0,0.4439
Tangerine Orange Pineapple Juice,beverages,refrigerated,0,afternoon,16,13,16,0.8125,0.0003,1.0,0.4439
Banana Oat Bars,snacks,energy granola bars,0,afternoon,21,17,21,0.8095,0.0004,1.0,0.4431
Bar Dark Chocolate Hazelnut Bar,snacks,candy chocolate,0,afternoon,21,17,21,0.8095,0.0004,1.0,0.4431
Blueberry Pomegranate with Electrolytes & Vitamins Water Beverage,beverages,energy sports drinks,0,afternoon,4,4,4,1.0,0.0001,0.7151,0.4431
Grape Sports Drink,beverages,energy sports drinks,0,afternoon,21,17,21,0.8095,0.0004,1.0,0.4431
Outrageous Ginger Ale,beverages,soft drinks,0,afternoon,4,4,4,1.0,0.0001,0.7151,0.4431
Oikos Fat Free Black Cherry Greek Yogurt,dairy eggs,yogurt,0,afternoon,26,21,26,0.8077,0.0005,1.0,0.4426
Black Forest Turkey,deli,lunch meat,0,afternoon,7,6,7,0.8571,0.0001,0.9238,0.442
Chocolate Filled Crepe,bakery,bakery desserts,0,afternoon,7,6,7,0.8571,0.0001,0.9238,0.442
Protein Energy Bar Original Peanut Butter Fudge,snacks,energy granola bars,0,afternoon,36,29,36,0.8056,0.0007,1.0,0.442
Southwestern Veggie Breakfast Bowl,frozen,frozen breakfast,0,afternoon,7,6,7,0.8571,0.0001,0.9238,0.442
Pure Zero Energy Drink Watermelon,beverages,energy sports drinks,0,afternoon,6,6,6,1.0,0.0001,0.709,0.4418
Strawberry Cream Covered Biscuit Sticks,international,asian foods,0,afternoon,7,7,7,1.0,0.0001,0.7073,0.4415
Russian River Pinot Noir,alcohol,red wines,0,afternoon,6,5,6,0.8333,0.0001,0.9541,0.4409
Spot's Stew Chicken Dog Food,pets,dog food care,0,afternoon,6,5,6,0.8333,0.0001,0.9541,0.4409
Organic Lemon,produce,fresh fruits,0,afternoon,9550,6389,9550,0.669,0.1882,0.7299,0.4408
Organic Whole String Cheese,dairy eggs,packaged cheese,0,afternoon,6535,4972,6535,0.7608,0.1287,0.7392,0.4405
Total 2% Cherry Lowfat Greek Strained Yogurt,dairy eggs,yogurt,0,afternoon,45,36,45,0.8,0.0009,1.0,0.4404
Penne Brown Rice Pasta,dry goods pasta,dry pasta,0,afternoon,30,24,30,0.8,0.0006,1.0,0.4403
Gluten Free Rice Spirals Pasta,dry goods pasta,dry pasta,0,afternoon,10,8,10,0.8,0.0002,1.0,0.4401
Gluten Free Thin Crust Meat Lovers Pizza,frozen,frozen pizza,0,afternoon,10,8,10,0.8,0.0002,1.0,0.4401
Natural Atrisan Granola Original,breakfast,granola,0,afternoon,15,12,15,0.8,0.0003,1.0,0.4401
One Layer Mediterranean Style Sardines,canned goods,canned meat seafood,0,afternoon,15,12,15,0.8,0.0003,1.0,0.4401
Wicked Blue Citrus Liquid Water Enhancer,beverages,cocoa drink mixes,0,afternoon,10,8,10,0.8,0.0002,1.0,0.4401
"Antiperspirant Deodorant, Fresh",personal care,deodorants,0,afternoon,5,4,5,0.8,0.0001,1.0,0.44
Bite Size Crisps,snacks,crackers,0,afternoon,5,4,5,0.8,0.0001,1.0,0.44
Black Cherry 4pk12oz,beverages,soft drinks,0,afternoon,5,4,5,0.8,0.0001,1.0,0.44
Cafe Steamers Simply Beef & Broccoli,frozen,frozen meals,0,afternoon,5,4,5,0.8,0.0001,1.0,0.44
Cheese & Garlic Croutons,deli,prepared meals,0,afternoon,5,4,5,0.8,0.0001,1.0,0.44
Chicken Flavored Dog Chew Bone,pets,dog food care,0,afternoon,5,4,5,0.8,0.0001,1.0,0.44
Coconut Cashew Crunch Bar,snacks,energy granola bars,0,afternoon,5,4,5,0.8,0.0001,1.0,0.44
Doubleshot Dark Chocolate Coffee & Protein Beverage,beverages,coffee,0,afternoon,5,4,5,0.8,0.0001,1.0,0.44
G Series Fierce Strawberry Sports Drink,beverages,energy sports drinks,0,afternoon,5,4,5,0.8,0.0001,1.0,0.44
HELLO Toffee Bites,snacks,candy chocolate,0,afternoon,5,4,5,0.8,0.0001,1.0,0.44
Henna Cream Black,personal care,hair care,0,afternoon,5,4,5,0.8,0.0001,1.0,0.44
Just 6 Lamb Meal & Brown Rice Recipe Dog Food,pets,dog food care,0,afternoon,5,4,5,0.8,0.0001,1.0,0.44
"Marinara Sauce, Heirloom",dry goods pasta,pasta sauce,0,afternoon,5,4,5,0.8,0.0001,1.0,0.44
Movie Theatre Butter Microwave Popcorn,snacks,popcorn jerky,0,afternoon,5,4,5,0.8,0.0001,1.0,0.44
Oikos Triple Zero Peach Greek Yogurt,missing,missing,0,afternoon,5,4,5,0.8,0.0001,1.0,0.44
"Pinot Grigio, California, 2006",alcohol,white wines,0,afternoon,5,4,5,0.8,0.0001,1.0,0.44
Pitted Medium Ripe Olives,pantry,pickled goods olives,0,afternoon,5,4,5,0.8,0.0001,1.0,0.44
Powdered Sugar Junior Doughnuts,bakery,bakery desserts,0,afternoon,5,4,5,0.8,0.0001,1.0,0.44
Ready Meals Marinara & Italian Sausage Rotini,dry goods pasta,instant foods,0,afternoon,5,4,5,0.8,0.0001,1.0,0.44
Saucesations with Beef in Garden Sauce Cat Food,pets,cat food care,0,afternoon,5,4,5,0.8,0.0001,1.0,0.44
"Sauvignon Blanc, California, 2013",alcohol,white wines,0,afternoon,5,4,5,0.8,0.0001,1.0,0.44
Sea Veggies Seaweed Snack Sea Salt,snacks,fruit vegetable snacks,0,afternoon,5,4,5,0.8,0.0001,1.0,0.44
Sf Protein New England Style,frozen,frozen vegan vegetarian,0,afternoon,5,4,5,0.8,0.0001,1.0,0.44
Smart Ones Tasty American Favorites Tuna Noodle Casserole,frozen,frozen meals,0,afternoon,5,4,5,0.8,0.0001,1.0,0.44
Soft Giant Bread,bakery,bread,0,afternoon,5,4,5,0.8,0.0001,1.0,0.44
Stevia Sweetener,pantry,baking supplies decor,0,afternoon,5,4,5,0.8,0.0001,1.0,0.44
Strawberry Fields Cheesecake Vegan Gluten-Free,dairy eggs,refrigerated pudding desserts,0,afternoon,5,4,5,0.8,0.0001,1.0,0.44
Sweet Chili With Roasted Peanuts Snack,international,asian foods,0,afternoon,5,4,5,0.8,0.0001,1.0,0.44
Sweet Onion Flatbread Crisps,snacks,crackers,0,afternoon,5,4,5,0.8,0.0001,1.0,0.44
Turkey Sandwich,deli,prepared meals,0,afternoon,5,4,5,0.8,0.0001,1.0,0.44
Unseasoned Whole Grain Bread Crumbs,pantry,marinades meat preparation,0,afternoon,5,4,5,0.8,0.0001,1.0,0.44
Watermelon Strawberry Wave Sports Drink,beverages,energy sports drinks,0,afternoon,5,4,5,0.8,0.0001,1.0,0.44
Whole Bean Highlander Grog,beverages,coffee,0,afternoon,5,4,5,0.8,0.0001,1.0,0.44
Protein Energy Bar Original Peanut Butter Creme,snacks,energy granola bars,0,afternoon,7,7,7,1.0,0.0001,0.697,0.4395
100% Pure Raw & Unfiltered Honey,pantry,honeys syrups nectars,0,afternoon,1,1,1,1.0,0.0,0.697,0.4394
3 Best Friends Coffee Vanilla Lager,alcohol,beers coolers,0,afternoon,1,1,1,1.0,0.0,0.697,0.4394
8 Piece Quattro Bittersweet Tiles,snacks,candy chocolate,0,afternoon,1,1,1,1.0,0.0,0.697,0.4394
All Natural French Vanilla Hand & Body Lotion,personal care,soap,0,afternoon,1,1,1,1.0,0.0,0.697,0.4394
"Artichoke Hearts, Count 10-12, Medium Size",canned goods,canned jarred vegetables,0,afternoon,1,1,1,1.0,0.0,0.697,0.4394
Better Stevia Liquid Sweetener English Toffee,pantry,baking ingredients,0,afternoon,1,1,1,1.0,0.0,0.697,0.4394
Blueberry Crumb Cake 4 Ct,bakery,bakery desserts,0,afternoon,1,1,1,1.0,0.0,0.697,0.4394
"Body Wash, Patchouli & Buriti",personal care,soap,0,afternoon,1,1,1,1.0,0.0,0.697,0.4394
California Paisano,alcohol,red wines,0,afternoon,1,1,1,1.0,0.0,0.697,0.4394
Caramel Walnut Brownie,snacks,energy granola bars,0,afternoon,5,5,5,1.0,0.0001,0.697,0.4394
Chalk - 12 CT,household,more household,0,afternoon,1,1,1,1.0,0.0,0.697,0.4394
Cinnamon Cardamon And Ginger Cultured Butter,dairy eggs,butter,0,afternoon,1,1,1,1.0,0.0,0.697,0.4394
Citron with Sandalwood Anti-Perspirant & Deodorant,personal care,deodorants,0,afternoon,1,1,1,1.0,0.0,0.697,0.4394
Citrus Essence Laundry Powder Detergent,household,laundry,0,afternoon,1,1,1,1.0,0.0,0.697,0.4394
Clean Linen Spray,household,laundry,0,afternoon,1,1,1,1.0,0.0,0.697,0.4394
Clear Care Plus with Hydraglyde Cleaning & Disinfecting Solution,personal care,eye ear care,0,afternoon,1,1,1,1.0,0.0,0.697,0.4394
Coconut Almond Chocolate Cookies,snacks,candy chocolate,0,afternoon,1,1,1,1.0,0.0,0.697,0.4394
Coffee Bean Chia Pod,dairy eggs,yogurt,0,afternoon,1,1,1,1.0,0.0,0.697,0.4394
ColorSilk Hair Color- Black,personal care,hair care,0,afternoon,1,1,1,1.0,0.0,0.697,0.4394
Comprehensive Immune Support,personal care,vitamins supplements,0,afternoon,1,1,1,1.0,0.0,0.697,0.4394
Cooked Wild Rice,canned goods,canned meals beans,0,afternoon,1,1,1,1.0,0.0,0.697,0.4394
Creamy Chocolate Powder Coffee Creamer,dairy eggs,cream,0,afternoon,1,1,1,1.0,0.0,0.697,0.4394
Dove Dark Chocolate Candy,snacks,candy chocolate,0,afternoon,1,1,1,1.0,0.0,0.697,0.4394
Eclipse Sugar Free Gum Peppermint - 18 CT,snacks,mint gum,0,afternoon,3,3,3,1.0,0.0,0.697,0.4394
Energy Drink Ultra Citron,beverages,energy sports drinks,0,afternoon,1,1,1,1.0,0.0,0.697,0.4394
Finely Shredded Marble Jack Cheese,dairy eggs,packaged cheese,0,afternoon,1,1,1,1.0,0.0,0.697,0.4394
Fk Oven Roasted Chicken,frozen,frozen meals,0,afternoon,1,1,1,1.0,0.0,0.697,0.4394
French Vanilla Light Roast Ground Coffee,beverages,coffee,0,afternoon,1,1,1,1.0,0.0,0.697,0.4394
Frozen Concentrated Orange Juice With Added Calcium,frozen,frozen juice,0,afternoon,1,1,1,1.0,0.0,0.697,0.4394
Fruit + Vegetable Green Fusion Juice Beverage,beverages,refrigerated,0,afternoon,1,1,1,1.0,0.0,0.697,0.4394
Gluten Free Pantry Pizza Crust Mix,pantry,doughs gelatins bake mixes,0,afternoon,1,1,1,1.0,0.0,0.697,0.4394
Goblin Chocolate Chip Energy Snack,snacks,energy granola bars,0,afternoon,2,2,2,1.0,0.0,0.697,0.4394
Harvest Best In 100% Fruit Juice Mixed Fruit,canned goods,canned fruit applesauce,0,afternoon,1,1,1,1.0,0.0,0.697,0.4394
High Protein Chocolate Light Milk Shake,personal care,protein meal replacements,0,afternoon,1,1,1,1.0,0.0,0.697,0.4394
Hot & Spicy Veggie Sausage Patties,frozen,frozen breakfast,0,afternoon,2,2,2,1.0,0.0,0.697,0.4394
Hot Cross Buns,bakery,buns rolls,0,afternoon,1,1,1,1.0,0.0,0.697,0.4394
Indulgent Banana & Dark Chocolate Greek Yogurt,dairy eggs,yogurt,0,afternoon,2,2,2,1.0,0.0,0.697,0.4394
Kellogg's Poptarts Frosted Cookies & Creme Toaster Pastries,breakfast,breakfast bars pastries,0,afternoon,1,1,1,1.0,0.0,0.697,0.4394
Lemon Lime Sparkling Energy Water,beverages,water seltzer sparkling water,0,afternoon,2,2,2,1.0,0.0,0.697,0.4394
Light 50 Cranberry,beverages,juice nectars,0,afternoon,1,1,1,1.0,0.0,0.697,0.4394
Lightly Salted Mini Rice Crackers,snacks,crackers,0,afternoon,1,1,1,1.0,0.0,0.697,0.4394
Little Gems Sweet Lettuce,produce,fresh vegetables,0,afternoon,1,1,1,1.0,0.0,0.697,0.4394
Mandarin Orange Kiwi,missing,missing,0,afternoon,1,1,1,1.0,0.0,0.697,0.4394
Maximum Strength Laxative,personal care,digestion,0,afternoon,1,1,1,1.0,0.0,0.697,0.4394
Men's One Food-Based Multivitamin,personal care,vitamins supplements,0,afternoon,2,2,2,1.0,0.0,0.697,0.4394
Mixed Berry Flavor Enhancer,missing,missing,0,afternoon,2,2,2,1.0,0.0,0.697,0.4394
Mountain Berry Blast Sports Drink,beverages,energy sports drinks,0,afternoon,2,2,2,1.0,0.0,0.697,0.4394
Multigrain Spelt Bread,bakery,bread,0,afternoon,1,1,1,1.0,0.0,0.697,0.4394
My Moms Red Pepper Spread,deli,fresh dips tapenades,0,afternoon,1,1,1,1.0,0.0,0.697,0.4394
Natural Body & Foot Powder with Tea Tree Oil & GSE,other,other,0,afternoon,1,1,1,1.0,0.0,0.697,0.4394
Organic Barley Flour,pantry,baking ingredients,0,afternoon,1,1,1,1.0,0.0,0.697,0.4394
Organic Hard Candy d'Anjou Pear & Cinnamon,snacks,candy chocolate,0,afternoon,1,1,1,1.0,0.0,0.697,0.4394
Organic Montebello Capellini Italian Pasta,dry goods pasta,dry pasta,0,afternoon,1,1,1,1.0,0.0,0.697,0.4394
Organic Montebello Penne Rigate Italian Pasta,dry goods pasta,dry pasta,0,afternoon,1,1,1,1.0,0.0,0.697,0.4394
Organic Peach Nectar,beverages,juice nectars,0,afternoon,3,3,3,1.0,0.0,0.697,0.4394
Parboiled Extra Long Grain Rice,dry goods pasta,grains rice dried goods,0,afternoon,1,1,1,1.0,0.0,0.697,0.4394
Peanut Butter Chips,pantry,baking supplies decor,0,afternoon,1,1,1,1.0,0.0,0.697,0.4394
Pink Lemonaide Frozen Concentrate,frozen,frozen juice,0,afternoon,1,1,1,1.0,0.0,0.697,0.4394
Plenti Greek Vanilla Yogurt,dairy eggs,yogurt,0,afternoon,3,3,3,1.0,0.0,0.697,0.4394
Premium 7 Sources Oil Blend,personal care,vitamins supplements,0,afternoon,2,2,2,1.0,0.0,0.697,0.4394
Quiche Ham/Cheese/Quinoa/Pepper,missing,missing,0,afternoon,1,1,1,1.0,0.0,0.697,0.4394
Quiche Port/Qui/Kal/Parm/As,missing,missing,0,afternoon,1,1,1,1.0,0.0,0.697,0.4394
Risotto Con Funghi Porcini,dry goods pasta,instant foods,0,afternoon,1,1,1,1.0,0.0,0.697,0.4394
Set & Refresh Hawaiian Aloha Air Freshener,household,air fresheners candles,0,afternoon,1,1,1,1.0,0.0,0.697,0.4394
Silhouette for Women S/M Briefs,other,other,0,afternoon,1,1,1,1.0,0.0,0.697,0.4394
Southern Style Hashbrown,frozen,frozen appetizers sides,0,afternoon,2,2,2,1.0,0.0,0.697,0.4394
Spice Hunter Organic Ranch Dip,pantry,salad dressing toppings,0,afternoon,1,1,1,1.0,0.0,0.697,0.4394
Split Pea with Barley Soup Mix,international,kosher foods,0,afternoon,1,1,1,1.0,0.0,0.697,0.4394
Super Fudge Brownie Ice Cream,frozen,ice cream ice,0,afternoon,1,1,1,1.0,0.0,0.697,0.4394
Sweet & Spicy Granola Bars,snacks,energy granola bars,0,afternoon,2,2,2,1.0,0.0,0.697,0.4394
The Original Potato Crisps,missing,missing,0,afternoon,1,1,1,1.0,0.0,0.697,0.4394
The Perfect Hot Sauce,pantry,condiments,0,afternoon,2,2,2,1.0,0.0,0.697,0.4394
Three Cheese Shredded Cheese Cup,dairy eggs,packaged cheese,0,afternoon,2,2,2,1.0,0.0,0.697,0.4394
Throat Shield Rapid Relief Herbal Tea,beverages,tea,0,afternoon,1,1,1,1.0,0.0,0.697,0.4394
Toast Chee Real Cheddar Cheese Cracker Sandwiches,missing,missing,0,afternoon,1,1,1,1.0,0.0,0.697,0.4394
Travel Bottle Pack,household,more household,0,afternoon,1,1,1,1.0,0.0,0.697,0.4394
Tropical Medley,produce,packaged vegetables fruits,0,afternoon,1,1,1,1.0,0.0,0.697,0.4394
Ultra Downy Infusions Amber Blossom Liquid Fabric Conditioner,household,laundry,0,afternoon,1,1,1,1.0,0.0,0.697,0.4394
Variety Pack Cat Food,pets,cat food care,0,afternoon,1,1,1,1.0,0.0,0.697,0.4394
Vegan Chocolate Chip Cookie Dough,snacks,cookies cakes,0,afternoon,1,1,1,1.0,0.0,0.697,0.4394
Wheat Thins Multipack Variety 12 Ct 12oz,snacks,crackers,0,afternoon,1,1,1,1.0,0.0,0.697,0.4394
"Yogurt, Coconut Non-Dairy, Low Fat, Vanilla",dairy eggs,yogurt,0,afternoon,3,3,3,1.0,0.0,0.697,0.4394
Pimento Cheese,dairy eggs,packaged cheese,0,afternoon,52,43,52,0.8269,0.001,0.9524,0.4391
Organic Reduced Fat Milk,dairy eggs,milk,0,afternoon,3913,3287,3913,0.84,0.0771,0.7404,0.4386
Cafe-Style French Vanilla Beverage Mix,beverages,coffee,0,afternoon,8,7,8,0.875,0.0001,0.8738,0.4373
"Dentastix Fresh, Large",pets,dog food care,0,afternoon,8,7,8,0.875,0.0001,0.8738,0.4373
Spreadable W/Canola Oil Butter,dairy eggs,butter,0,afternoon,8,7,8,0.875,0.0001,0.8738,0.4373
Farms Thin Sliced Smoked Ham,deli,lunch meat,0,afternoon,19,15,19,0.7895,0.0004,1.0,0.437
High Protein Vanilla Shake,personal care,protein meal replacements,0,afternoon,19,15,19,0.7895,0.0004,1.0,0.437
Fresh Breath Oral Rinse Mild Mint,personal care,oral hygiene,0,afternoon,6,5,6,0.8333,0.0001,0.9327,0.4366
Grain Free Chicken Dinner Food for Dogs,pets,dog food care,0,afternoon,6,5,6,0.8333,0.0001,0.9327,0.4366
Original Medium Roast K-Cup Packs Coffee,beverages,coffee,0,afternoon,6,5,6,0.8333,0.0001,0.9327,0.4366
Falcon Blend Whole Bean Coffee,beverages,coffee,0,afternoon,21,17,21,0.8095,0.0004,0.9668,0.4364
Red Peppers,produce,fresh vegetables,0,afternoon,7239,4605,7239,0.6361,0.1426,0.8696,0.4361
Mr. Cheese O's Snacks,snacks,chips pretzels,0,afternoon,4,4,4,1.0,0.0001,0.6798,0.436
Splash Strawberry Kiwi,beverages,juice nectars,0,afternoon,4,4,4,1.0,0.0001,0.6798,0.436
Swedish Oatmeal Pancakes,breakfast,hot cereal pancake mixes,0,afternoon,4,4,4,1.0,0.0001,0.6798,0.436
Asparagus,produce,fresh vegetables,0,afternoon,8577,5231,8577,0.6099,0.169,0.8423,0.4359
Blood Orange Lemonade,beverages,juice nectars,0,afternoon,14,11,14,0.7857,0.0003,1.0,0.4358
Gluten-Free Vegetarian Bean & Cheese Burrito,frozen,frozen vegan vegetarian,0,afternoon,14,11,14,0.7857,0.0003,1.0,0.4358
Organic Chicken Cat Food,pets,cat food care,0,afternoon,14,11,14,0.7857,0.0003,1.0,0.4358
100% Whole Wheat Bread,bakery,bread,0,afternoon,6691,4946,6691,0.7392,0.1318,0.7395,0.4356
Purified Alkalkine Water with Minerals pH10,beverages,water seltzer sparkling water,0,afternoon,90,80,90,0.8889,0.0018,0.8395,0.4355
Shredded Turkey Fare Cat Food,pets,cat food care,0,afternoon,10,10,10,1.0,0.0002,0.6764,0.4354
Cool Lemon Sugar-Free Ice Cube Gum,snacks,mint gum,0,afternoon,7,6,7,0.8571,0.0001,0.8898,0.4352
Rhubarb Soda,beverages,soft drinks,0,afternoon,7,6,7,0.8571,0.0001,0.8898,0.4352
Hot Raw Hummus,pantry,preserved dips spreads,0,afternoon,23,18,23,0.7826,0.0004,1.0,0.435
5 Sugarfree Gum Wintermint Ascent,snacks,mint gum,0,afternoon,3,3,3,1.0,0.0,0.6742,0.4349
Hummus Spicy Avocado,pantry,preserved dips spreads,0,afternoon,3,3,3,1.0,0.0,0.6742,0.4349
Pure Zero,beverages,energy sports drinks,0,afternoon,3,3,3,1.0,0.0,0.6742,0.4349
Deep Dish Sausage Pizza Singles,frozen,frozen pizza,0,afternoon,5,4,5,0.8,0.0001,0.9719,0.4344
Pub Burger,deli,prepared meals,0,afternoon,5,4,5,0.8,0.0001,0.9719,0.4344
Apple Grape 100% Juice,beverages,juice nectars,0,afternoon,5,5,5,1.0,0.0001,0.6698,0.434
Lemonade Juice Drink,beverages,juice nectars,0,afternoon,5,5,5,1.0,0.0001,0.6698,0.434
Thick & Creamy Vanilla Lowfat Yogurt,dairy eggs,yogurt,0,afternoon,19,15,19,0.7895,0.0004,0.985,0.434
Organic Nine Grain,bakery,bread,0,afternoon,76,61,76,0.8026,0.0015,0.9616,0.4339
Wild Berry Low Fat Clusters & Flakes,breakfast,cereal,0,afternoon,37,30,37,0.8108,0.0007,0.9517,0.4339
All Natural Fresh Chicken Thighs,meat seafood,poultry counter,0,afternoon,18,14,18,0.7778,0.0003,1.0,0.4335
1500 Pale Ale,alcohol,beers coolers,0,afternoon,9,7,9,0.7778,0.0002,1.0,0.4334
Chicken & Monterey Jack Cheese Chimichanga,frozen,frozen meals,0,afternoon,9,7,9,0.7778,0.0002,1.0,0.4334
Cracked & Ready Liquid Egg Product,dairy eggs,eggs,0,afternoon,9,7,9,0.7778,0.0002,1.0,0.4334
Fully Cooked Boneless Ribs in Sweet Hickory Sauce,meat seafood,packaged meat,0,afternoon,9,7,9,0.7778,0.0002,1.0,0.4334
Hot 'N' Spicy Chicharrones Fried Pork Skins,snacks,chips pretzels,0,afternoon,9,7,9,0.7778,0.0002,1.0,0.4334
Light Ranch To Go,pantry,salad dressing toppings,0,afternoon,9,7,9,0.7778,0.0002,1.0,0.4334
Milk & Honey Bread,bakery,bread,0,afternoon,9,7,9,0.7778,0.0002,1.0,0.4334
Skinny Vanilla Latte,beverages,coffee,0,afternoon,9,7,9,0.7778,0.0002,1.0,0.4334
The Hulk Banana Coconut Spirulina Paleo Muffins,bakery,breakfast bakery,0,afternoon,9,7,9,0.7778,0.0002,1.0,0.4334
To Go Dippers Creamy Peanut Butter with Pretzeles Single,snacks,crackers,0,afternoon,9,7,9,0.7778,0.0002,1.0,0.4334
Turkey Cotto Salami,deli,lunch meat,0,afternoon,9,7,9,0.7778,0.0002,1.0,0.4334
Organic Maple Creamline Yogurt,dairy eggs,yogurt,0,afternoon,27,23,27,0.8519,0.0005,0.8862,0.4331
Bean Threads,international,asian foods,0,afternoon,2,2,2,1.0,0.0,0.6634,0.4327
Cheddar Cheese Finely Shredded,dairy eggs,packaged cheese,0,afternoon,2,2,2,1.0,0.0,0.6634,0.4327
Cherry Vanilla Nonfat Yogurt,missing,missing,0,afternoon,2,2,2,1.0,0.0,0.6634,0.4327
Clean Comfort Body and Face Wash Pump,personal care,body lotions soap,0,afternoon,2,2,2,1.0,0.0,0.6634,0.4327
Complete Extra White Plus Scope Outlast Fresh Breath Whitening Toothpaste,personal care,oral hygiene,0,afternoon,2,2,2,1.0,0.0,0.6634,0.4327
Cranberry Cocktail from Concentrate,frozen,frozen juice,0,afternoon,2,2,2,1.0,0.0,0.6634,0.4327
Dark Chocolate Sea Salt Caramel,snacks,candy chocolate,0,afternoon,4,4,4,1.0,0.0001,0.6634,0.4327
Flatbread Pockets Whole Wheat,bakery,tortillas flat bread,0,afternoon,2,2,2,1.0,0.0,0.6634,0.4327
Holloway House Quick Shine Floor Finish,household,cleaning products,0,afternoon,2,2,2,1.0,0.0,0.6634,0.4327
Laxative Suppositories,personal care,digestion,0,afternoon,2,2,2,1.0,0.0,0.6634,0.4327
Magnesium Citrate Tablets,personal care,vitamins supplements,0,afternoon,2,2,2,1.0,0.0,0.6634,0.4327
Orange Beet Freshly Handcrafted Juice,missing,missing,0,afternoon,2,2,2,1.0,0.0,0.6634,0.4327
Polar Ice Sugar-Free Gum,snacks,mint gum,0,afternoon,4,4,4,1.0,0.0001,0.6634,0.4327
Protocolo Vino de la Tierra Tinto,alcohol,red wines,0,afternoon,4,4,4,1.0,0.0001,0.6634,0.4327
Quark Pineapple Yogurt,dairy eggs,yogurt,0,afternoon,2,2,2,1.0,0.0,0.6634,0.4327
Surfside  Body Wash,personal care,body lotions soap,0,afternoon,2,2,2,1.0,0.0,0.6634,0.4327
Ultra Thin Crust Cheese Supreme Pizza,frozen,frozen pizza,0,afternoon,2,2,2,1.0,0.0,0.6634,0.4327
Vanilla Cream Soda,beverages,soft drinks,0,afternoon,2,2,2,1.0,0.0,0.6634,0.4327
Cut Seedless Watermelon,produce,packaged vegetables fruits,0,afternoon,19,15,19,0.7895,0.0004,0.9777,0.4326
Chorizo Breakfast Bowl,frozen,frozen breakfast,0,afternoon,6,5,6,0.8333,0.0001,0.9122,0.4325
"Gum, Peppermint",personal care,oral hygiene,0,afternoon,6,5,6,0.8333,0.0001,0.9122,0.4325
V-Fusion Light Pomegranate Blueberry Vegetable & Fruit Juice,beverages,juice nectars,0,afternoon,6,5,6,0.8333,0.0001,0.9122,0.4325
Free Ride Hibiscus Brew Craft Brewed Kombucha,beverages,tea,0,afternoon,9,8,9,0.8889,0.0002,0.8272,0.4322
Vietnamese Brown Rice Noodles With Green Tea,international,asian foods,0,afternoon,22,17,22,0.7727,0.0004,1.0,0.432
Artisan Multigrain Bread,bakery,bread,0,afternoon,20,16,20,0.8,0.0004,0.9585,0.4319
Chicken Sticks,babies,baby food formula,0,afternoon,35,27,35,0.7714,0.0007,1.0,0.4318
Yogurt Honey Peanut Energy Bar,snacks,energy granola bars,0,afternoon,48,37,48,0.7708,0.0009,1.0,0.4317
Original Hummus,deli,fresh dips tapenades,0,afternoon,7585,5406,7585,0.7127,0.1494,0.713,0.4311
Chicken Melts,frozen,frozen meals,0,afternoon,11,9,11,0.8182,0.0002,0.927,0.431
Chocolate Chip Chewy Granola Bars,snacks,energy granola bars,0,afternoon,15,12,15,0.8,0.0003,0.9541,0.431
Asian Pear Crisps,snacks,nuts seeds dried fruit,0,afternoon,13,10,13,0.7692,0.0002,1.0,0.4309
Beef Hot Links Beef Smoked Sausage With Chile Peppers,meat seafood,hot dogs bacon sausage,0,afternoon,13,10,13,0.7692,0.0002,1.0,0.4309
Black Pepper Vegan Toona,canned goods,canned meals beans,0,afternoon,13,10,13,0.7692,0.0002,1.0,0.4309
Cherry Turnover,bakery,bakery desserts,0,afternoon,13,10,13,0.7692,0.0002,1.0,0.4309
Gluten Free Rice Penne,dry goods pasta,dry pasta,0,afternoon,13,10,13,0.7692,0.0002,1.0,0.4309
New Orleans Blend,beverages,coffee,0,afternoon,13,10,13,0.7692,0.0002,1.0,0.4309
Special Blend Lemonade,beverages,refrigerated,0,afternoon,13,10,13,0.7692,0.0002,1.0,0.4309
Organic Large Extra Fancy Fuji Apple,produce,fresh fruits,0,afternoon,7511,5577,7511,0.7425,0.148,0.6703,0.4308
100% Apple Juice Boxes,beverages,juice nectars,0,afternoon,6,6,6,1.0,0.0001,0.6528,0.4306
42% Lower Sodium Provolone Sliced Cheese,dairy eggs,specialty cheeses,0,afternoon,3,3,3,1.0,0.0,0.6528,0.4306
Activia Fruit Fusion Strawberry & Raspberry Yogurt,dairy eggs,yogurt,0,afternoon,3,3,3,1.0,0.0,0.6528,0.4306
Asian Slaw,deli,prepared soups salads,0,afternoon,3,3,3,1.0,0.0,0.6528,0.4306
Cat Food,pets,cat food care,0,afternoon,3,3,3,1.0,0.0,0.6528,0.4306
Triple Chocolate Almonds,snacks,candy chocolate,0,afternoon,3,3,3,1.0,0.0,0.6528,0.4306
Danimals Squeezables Lowfat Yogurt Strawberry Mlkshake Falvor,dairy eggs,yogurt,0,afternoon,25,23,25,0.92,0.0005,0.7686,0.43
100% Papaya Juice Blend,beverages,juice nectars,0,afternoon,14,11,14,0.7857,0.0003,0.97,0.4298
Certified Gluten-Free Chipotle Hommus,deli,fresh dips tapenades,0,afternoon,34,26,34,0.7647,0.0007,1.0,0.4297
Fruits & Vegetables Berry Berry Juice Beverage Fruitables,beverages,juice nectars,0,afternoon,54,42,54,0.7778,0.001,0.9765,0.4292
Sparkling Water Grapefruit,beverages,water seltzer sparkling water,0,afternoon,7527,5583,7527,0.7417,0.1483,0.6616,0.429
Classic Spinach Ravioli,dry goods pasta,fresh pasta,0,afternoon,12,11,12,0.9167,0.0002,0.7684,0.4288
WOW Chocolate Chip Cookies,snacks,cookies cakes,0,afternoon,22,20,22,0.9091,0.0004,0.7796,0.4288
Lowfat Chocolate Milk,dairy eggs,milk,0,afternoon,29,22,29,0.7586,0.0006,1.0,0.4279
Organic Blueberry B Mega,beverages,refrigerated,0,afternoon,11,10,11,0.9091,0.0002,0.7756,0.4279
Fruitables Apple Harvest Fruits & Vegetables,beverages,juice nectars,0,afternoon,24,19,24,0.7917,0.0005,0.9486,0.4275
Organic Grade A Raw Whole Milk,dairy eggs,milk,0,afternoon,30,27,30,0.9,0.0006,0.7844,0.4272
Carrots,produce,fresh vegetables,0,afternoon,8345,5276,8345,0.6322,0.1644,0.7742,0.4267
Vegan Crunchy Peanut Butter,snacks,energy granola bars,0,afternoon,77,58,77,0.7532,0.0015,1.0,0.4267
100% Black Cherry & Concord Grape Juice,beverages,juice nectars,0,afternoon,2,2,2,1.0,0.0,0.6327,0.4266
Bonito Del Norte En Aceita De Oliva,canned goods,canned meat seafood,0,afternoon,2,2,2,1.0,0.0,0.6327,0.4266
"Energy Drink, Ultra Sunrise",beverages,energy sports drinks,0,afternoon,4,4,4,1.0,0.0001,0.6327,0.4266
Ginger ener'Gizer,beverages,juice nectars,0,afternoon,5,5,5,1.0,0.0001,0.6327,0.4266
Kukui Nut Body Cream,personal care,soap,0,afternoon,2,2,2,1.0,0.0,0.6327,0.4266
Laundry Soil Stain Remover,household,laundry,0,afternoon,3,3,3,1.0,0.0,0.6327,0.4266
"Liquid Muscle Gel Multipurpose Cleaner, Crisp Lemon",household,cleaning products,0,afternoon,2,2,2,1.0,0.0,0.6327,0.4266
Peach & Pecan in Milk Chocolate,snacks,candy chocolate,0,afternoon,5,5,5,1.0,0.0001,0.6327,0.4266
Princess Multi Vitamin Gummies,personal care,vitamins supplements,0,afternoon,2,2,2,1.0,0.0,0.6327,0.4266
Rehab Energy Iced Tea Orangeade,beverages,energy sports drinks,0,afternoon,6,6,6,1.0,0.0001,0.6327,0.4266
Surfer Bath Soak,personal care,soap,0,afternoon,2,2,2,1.0,0.0,0.6327,0.4266
Turkey Stick & Crunch,snacks,crackers,0,afternoon,10,8,10,0.8,0.0002,0.9327,0.4266
Ultra Plush White Mega Rolls,missing,missing,0,afternoon,3,3,3,1.0,0.0,0.6327,0.4266
Whips! Peaches 'n Cream Flavored Lowfat Yogurt Mousse,dairy eggs,yogurt,0,afternoon,5,5,5,1.0,0.0001,0.6327,0.4266
100% Unsweetened Honeysuckle Natural Iced White Tea,beverages,tea,0,afternoon,1,1,1,1.0,0.0,0.6327,0.4265
2 In 1 Dandruff Shampoo + Conditioner Smooth & Silky,personal care,hair care,0,afternoon,1,1,1,1.0,0.0,0.6327,0.4265
24 Hour All Natural Coconut & Papaya Deodorant,personal care,deodorants,0,afternoon,1,1,1,1.0,0.0,0.6327,0.4265
Aji Panca Organic Chili Paste,international,latino foods,0,afternoon,1,1,1,1.0,0.0,0.6327,0.4265
Almond Sea Salt 72% Cocoa Square,snacks,candy chocolate,0,afternoon,1,1,1,1.0,0.0,0.6327,0.4265
Alpo Prime Cuts Stew with Beef & Vegetables in Gravy Dog Food,pets,dog food care,0,afternoon,1,1,1,1.0,0.0,0.6327,0.4265
Assortment Bittersweet Chocolate Box,snacks,candy chocolate,0,afternoon,1,1,1,1.0,0.0,0.6327,0.4265
Balancing Toner,personal care,skin care,0,afternoon,1,1,1,1.0,0.0,0.6327,0.4265
Beneful Treats Baked Delights Hugs Dog Snacks,pets,dog food care,0,afternoon,1,1,1,1.0,0.0,0.6327,0.4265
Berry Medley Oatmeal,breakfast,hot cereal pancake mixes,0,afternoon,1,1,1,1.0,0.0,0.6327,0.4265
Black Cherry Lemonade,alcohol,beers coolers,0,afternoon,1,1,1,1.0,0.0,0.6327,0.4265
Blackberry Pomegranate Ginger Sparkling Beverage,beverages,soft drinks,0,afternoon,1,1,1,1.0,0.0,0.6327,0.4265
Chocolate Covered Raisins,other,other,0,afternoon,1,1,1,1.0,0.0,0.6327,0.4265
Chunky Hearty Beef Noodle Soup,canned goods,soup broth bouillon,0,afternoon,1,1,1,1.0,0.0,0.6327,0.4265
"Coconut Water, with Pineapple",beverages,refrigerated,0,afternoon,1,1,1,1.0,0.0,0.6327,0.4265
Coho Salmon Fillet,meat seafood,seafood counter,0,afternoon,1,1,1,1.0,0.0,0.6327,0.4265
Complete Pancake & Waffle Mix,breakfast,hot cereal pancake mixes,0,afternoon,1,1,1,1.0,0.0,0.6327,0.4265
Cookie Con Amore Jelly Cookies,bakery,bakery desserts,0,afternoon,1,1,1,1.0,0.0,0.6327,0.4265
Cookies & Cream Baked Graham Snacks,snacks,cookies cakes,0,afternoon,1,1,1,1.0,0.0,0.6327,0.4265
Cornbread Mix White Corn Meal,pantry,doughs gelatins bake mixes,0,afternoon,1,1,1,1.0,0.0,0.6327,0.4265
Cranberry with Lime Juice Cocktail,beverages,juice nectars,0,afternoon,1,1,1,1.0,0.0,0.6327,0.4265
"Dijon Mustard Blend, Rich Country",pantry,condiments,0,afternoon,1,1,1,1.0,0.0,0.6327,0.4265
Easy-Ups Diapers for Girls Jumbo Pack - Size 3T/4T,babies,diapers wipes,0,afternoon,1,1,1,1.0,0.0,0.6327,0.4265
Favorites Low-Fat Fudge Brownie Mix,pantry,doughs gelatins bake mixes,0,afternoon,1,1,1,1.0,0.0,0.6327,0.4265
Fire Chipotle & Jalapeno Salsa,pantry,preserved dips spreads,0,afternoon,1,1,1,1.0,0.0,0.6327,0.4265
Fresh Mozarella Cheese Ciliegine,dairy eggs,packaged cheese,0,afternoon,1,1,1,1.0,0.0,0.6327,0.4265
Genmai Miso Aged and Fermented Soy and Brown Rice,international,asian foods,0,afternoon,1,1,1,1.0,0.0,0.6327,0.4265
"Gluten Free Corn, Rice & Quinoa Penne Rigate",dry goods pasta,dry pasta,0,afternoon,1,1,1,1.0,0.0,0.6327,0.4265
Guava Yogurt Smoothie,dairy eggs,yogurt,0,afternoon,1,1,1,1.0,0.0,0.6327,0.4265
Hard Lite Lemonade,alcohol,beers coolers,0,afternoon,1,1,1,1.0,0.0,0.6327,0.4265
Healing Chakra Energy Votive Candle,household,air fresheners candles,0,afternoon,1,1,1,1.0,0.0,0.6327,0.4265
Honey Crisp Apple Juice,beverages,juice nectars,0,afternoon,1,1,1,1.0,0.0,0.6327,0.4265
Hops Hard Apple Cider,missing,missing,0,afternoon,1,1,1,1.0,0.0,0.6327,0.4265
Ichiban Beer,alcohol,beers coolers,0,afternoon,1,1,1,1.0,0.0,0.6327,0.4265
Lemon Lime Thirst Quencher Drink,beverages,energy sports drinks,0,afternoon,1,1,1,1.0,0.0,0.6327,0.4265
Medium Pineapple Salsa,pantry,preserved dips spreads,0,afternoon,1,1,1,1.0,0.0,0.6327,0.4265
Mundet,beverages,soft drinks,0,afternoon,1,1,1,1.0,0.0,0.6327,0.4265
Odor Protector 13 Gallon Tall Kitchen Drawstring Bags,household,trash bags liners,0,afternoon,1,1,1,1.0,0.0,0.6327,0.4265
Organic Amazon Energy Jungle Love,beverages,energy sports drinks,0,afternoon,1,1,1,1.0,0.0,0.6327,0.4265
Organic Powerful Peanut Protein Bar,missing,missing,0,afternoon,1,1,1,1.0,0.0,0.6327,0.4265
Original Pretzel Dogs 12 Count,frozen,frozen appetizers sides,0,afternoon,1,1,1,1.0,0.0,0.6327,0.4265
Original Replenishing Post Shave Balm with Aloe,personal care,shave needs,0,afternoon,1,1,1,1.0,0.0,0.6327,0.4265
Party Mix Crunch Treasure Island Cat Treats,pets,cat food care,0,afternoon,1,1,1,1.0,0.0,0.6327,0.4265
Peanut Butter Panic Ice Cream,frozen,ice cream ice,0,afternoon,1,1,1,1.0,0.0,0.6327,0.4265
Peeled Whole Tomatoes,canned goods,canned jarred vegetables,0,afternoon,1,1,1,1.0,0.0,0.6327,0.4265
Pizza Uncured Pepperoni,missing,missing,0,afternoon,1,1,1,1.0,0.0,0.6327,0.4265
Plant Based Mango Cashew Lucuma Paleo Print Cookie,snacks,cookies cakes,0,afternoon,1,1,1,1.0,0.0,0.6327,0.4265
"Puffed Corn, Premium, Coconut Crunch",snacks,popcorn jerky,0,afternoon,1,1,1,1.0,0.0,0.6327,0.4265
Riserva Ducale Chianti Classico,alcohol,red wines,0,afternoon,1,1,1,1.0,0.0,0.6327,0.4265
Seitan Chops,deli,tofu meat alternatives,0,afternoon,1,1,1,1.0,0.0,0.6327,0.4265
Smoked Cheddar Beef Franks,meat seafood,hot dogs bacon sausage,0,afternoon,1,1,1,1.0,0.0,0.6327,0.4265
Sport Chocolate Coconut Almond Energy Bar,snacks,energy granola bars,0,afternoon,1,1,1,1.0,0.0,0.6327,0.4265
Superfruit Mix Jelly Beans,snacks,candy chocolate,0,afternoon,1,1,1,1.0,0.0,0.6327,0.4265
Thai Green Curry Sauce,international,asian foods,0,afternoon,1,1,1,1.0,0.0,0.6327,0.4265
Thong Unscented Regular With Stay Put Wings Pantiliners,personal care,feminine care,0,afternoon,1,1,1,1.0,0.0,0.6327,0.4265
U by Kotex Tween Feminine Pads for Smaller Sizes,personal care,feminine care,0,afternoon,1,1,1,1.0,0.0,0.6327,0.4265
Ultragrain Tortillas 8 Taco Size,bakery,tortillas flat bread,0,afternoon,1,1,1,1.0,0.0,0.6327,0.4265
Vitex Fruit Capsules,personal care,vitamins supplements,0,afternoon,1,1,1,1.0,0.0,0.6327,0.4265
Volumizing Argan  Lavender Scent Shampoo,personal care,hair care,0,afternoon,1,1,1,1.0,0.0,0.6327,0.4265
Wet Floor Wipes,household,cleaning products,0,afternoon,1,1,1,1.0,0.0,0.6327,0.4265
White Peppermint Chewing Gum,snacks,mint gum,0,afternoon,1,1,1,1.0,0.0,0.6327,0.4265
"Xtra Protection Always Xtra Protection Daily Liners, Extra Long 34 Count Feminine Care",personal care,feminine care,0,afternoon,1,1,1,1.0,0.0,0.6327,0.4265
Yakisoba Spicy Teriyaki Beef Flavor Noodles,missing,missing,0,afternoon,1,1,1,1.0,0.0,0.6327,0.4265
Benchbreak Chardonnay,alcohol,white wines,0,afternoon,10,10,10,1.0,0.0002,0.627,0.4255
"Swaddlers Diapers Jumbo Pack, Size 4",babies,diapers wipes,0,afternoon,14,13,14,0.9286,0.0003,0.7342,0.4255
Honey Pecan English Tea Scones,bakery,bakery desserts,0,afternoon,23,18,23,0.7826,0.0004,0.9522,0.4254
Organic Garnet Sweet Potato (Yam),produce,fresh vegetables,0,afternoon,6425,4229,6425,0.6582,0.1266,0.8234,0.4254
Broccoli Crown,produce,fresh vegetables,0,afternoon,5676,3649,5676,0.6429,0.1118,0.8822,0.4252
Café Steamers Grilled Chicken Marinara,frozen,frozen meals,0,afternoon,10,9,10,0.9,0.0002,0.7756,0.4252
Raw Fizzy Probiotic Blood Orange Tea,beverages,refrigerated,0,afternoon,20,15,20,0.75,0.0004,1.0,0.4252
All Natural Almond Slices,snacks,nuts seeds dried fruit,0,afternoon,12,9,12,0.75,0.0002,1.0,0.4251
Bbq Babyback Pork Ribs,meat seafood,packaged meat,0,afternoon,16,12,16,0.75,0.0003,1.0,0.4251
Bittersweet 70% Cacao Baking Chunks,pantry,baking ingredients,0,afternoon,8,6,8,0.75,0.0001,1.0,0.4251
Blakes Chicken Parmesan Dinner,frozen,frozen meals,0,afternoon,8,6,8,0.75,0.0001,1.0,0.4251
Chapatti Chicken Tikki Masala Wrap,frozen,frozen meals,0,afternoon,8,6,8,0.75,0.0001,1.0,0.4251
Chocolate Vanilla Malt Custard,missing,missing,0,afternoon,8,6,8,0.75,0.0001,1.0,0.4251
Cranberry Blueberry Blackberry Flavor 100% Juice,beverages,juice nectars,0,afternoon,8,6,8,0.75,0.0001,1.0,0.4251
Crunchy Peanut Choco Crunch Granola Bars,snacks,energy granola bars,0,afternoon,16,12,16,0.75,0.0003,1.0,0.4251
"Curry Chicken, Thai Style",frozen,frozen meals,0,afternoon,8,6,8,0.75,0.0001,1.0,0.4251
Fat Free Roasted Red Pepper Hommus,deli,fresh dips tapenades,0,afternoon,8,6,8,0.75,0.0001,1.0,0.4251
Fine Artisan Chocolate Extra Rich Milk 41% Cacao,snacks,candy chocolate,0,afternoon,8,6,8,0.75,0.0001,1.0,0.4251
Greek 100 Calories Vanilla Fat Free Yogurt,dairy eggs,yogurt,0,afternoon,8,6,8,0.75,0.0001,1.0,0.4251
Hot Pork Sausage,frozen,frozen breakfast,0,afternoon,12,9,12,0.75,0.0002,1.0,0.4251
Low Fat Strawberry Yogurt,dairy eggs,yogurt,0,afternoon,8,6,8,0.75,0.0001,1.0,0.4251
Low Sodium American Cheese,dairy eggs,packaged cheese,0,afternoon,12,9,12,0.75,0.0002,1.0,0.4251
Mexicane Cola,beverages,soft drinks,0,afternoon,8,6,8,0.75,0.0001,1.0,0.4251
Midnight Chocolate Vegan Cupcake,missing,missing,0,afternoon,12,9,12,0.75,0.0002,1.0,0.4251
Organic 2% Plain Kefir Milk,dairy eggs,yogurt,0,afternoon,8,6,8,0.75,0.0001,1.0,0.4251
Organic Blackberry Blend Juice,beverages,refrigerated,0,afternoon,16,12,16,0.75,0.0003,1.0,0.4251
Prime Filets with Beef in Gravy Cat Food,pets,cat food care,0,afternoon,12,9,12,0.75,0.0002,1.0,0.4251
Pure Zero Cola,beverages,soft drinks,0,afternoon,16,12,16,0.75,0.0003,1.0,0.4251
Radical Raspberry Lemon Energy Bars,snacks,energy granola bars,0,afternoon,8,6,8,0.75,0.0001,1.0,0.4251
Reduce Fat Yellow Chips,snacks,chips pretzels,0,afternoon,8,6,8,0.75,0.0001,1.0,0.4251
Reserve Cabernet Sauvignon Wine,alcohol,red wines,0,afternoon,8,6,8,0.75,0.0001,1.0,0.4251
Sandwich Stuffers Kosher Dill Pickle Slices,pantry,pickled goods olives,0,afternoon,12,9,12,0.75,0.0002,1.0,0.4251
Sausage Pizza For One,frozen,frozen pizza,0,afternoon,8,6,8,0.75,0.0001,1.0,0.4251
Size L/XL Boys Jumbo Pack Bedtime Underwear,babies,diapers wipes,0,afternoon,12,9,12,0.75,0.0002,1.0,0.4251
Tangerine Lime Sugar Free Sparkling Water,beverages,soft drinks,0,afternoon,16,12,16,0.75,0.0003,1.0,0.4251
Tasty Treasure Turkey Dinner in Gravy,pets,cat food care,0,afternoon,8,6,8,0.75,0.0001,1.0,0.4251
"Tasty Treasures Ocean Fish, Tuna & Cheese in Sauce Cat Food",pets,cat food care,0,afternoon,8,6,8,0.75,0.0001,1.0,0.4251
"Truffle, Sea Salt",snacks,candy chocolate,0,afternoon,12,9,12,0.75,0.0002,1.0,0.4251
Vanilla Bean Soda,beverages,soft drinks,0,afternoon,38,30,38,0.7895,0.0007,0.9393,0.4251
100 Calories Sugar Free Protein Nutrition Shake,personal care,protein meal replacements,0,afternoon,4,3,4,0.75,0.0001,1.0,0.425
Allure Drink,beverages,juice nectars,0,afternoon,4,3,4,0.75,0.0001,1.0,0.425
Almond Orgeat Syrup,pantry,honeys syrups nectars,0,afternoon,4,3,4,0.75,0.0001,1.0,0.425
Alpha-Bits Multigrain Cereal,breakfast,cereal,0,afternoon,4,3,4,0.75,0.0001,1.0,0.425
Apple Kiwi Strawberry Bottled Juice Cocktail,beverages,juice nectars,0,afternoon,4,3,4,0.75,0.0001,1.0,0.425
Arugula Salad,produce,packaged vegetables fruits,0,afternoon,4,3,4,0.75,0.0001,1.0,0.425
Baked  Aged White Cheddar Rice and Corn Puffs,snacks,popcorn jerky,0,afternoon,4,3,4,0.75,0.0001,1.0,0.425
Black Chill™ Revitalizing Shower,personal care,body lotions soap,0,afternoon,4,3,4,0.75,0.0001,1.0,0.425
Breast White Premium Chunk In Water Chicken Breast,canned goods,canned meat seafood,0,afternoon,4,3,4,0.75,0.0001,1.0,0.425
Bueno,snacks,candy chocolate,0,afternoon,4,3,4,0.75,0.0001,1.0,0.425
Capraccino Goat's Milk Ice Cream,frozen,ice cream ice,0,afternoon,4,3,4,0.75,0.0001,1.0,0.425
Caramel Nut Blast Bars,snacks,energy granola bars,0,afternoon,4,3,4,0.75,0.0001,1.0,0.425
Carrot Lemon Drink,beverages,refrigerated,0,afternoon,4,3,4,0.75,0.0001,1.0,0.425
Celluvisc Lubricant Eye Gel,personal care,eye ear care,0,afternoon,4,3,4,0.75,0.0001,1.0,0.425
Chocolate Banana Meal Replacement Shake,personal care,protein meal replacements,0,afternoon,4,3,4,0.75,0.0001,1.0,0.425
Clean Breeze™ Fabric Softener Dryer sheets 105 count  Fabric Enhancers,household,laundry,0,afternoon,4,3,4,0.75,0.0001,1.0,0.425
Creamy Beef Stroganoff Velveeta Cheesy Skillets,dry goods pasta,instant foods,0,afternoon,4,3,4,0.75,0.0001,1.0,0.425
Crunch Milk Chocolate with Crisped Rice Chocolate Bar,snacks,candy chocolate,0,afternoon,4,3,4,0.75,0.0001,1.0,0.425
Dark Chocolate Cheesecake Soft Dessert Cookies,snacks,cookies cakes,0,afternoon,4,3,4,0.75,0.0001,1.0,0.425
Deep Conditioner,personal care,hair care,0,afternoon,4,3,4,0.75,0.0001,1.0,0.425
Detoxify & Energize with Ginger & Clay Pure Epsom Salt Soaking Solution,personal care,body lotions soap,0,afternoon,4,3,4,0.75,0.0001,1.0,0.425
Diet Cranberry Pineapple Juice Drink,missing,missing,0,afternoon,4,3,4,0.75,0.0001,1.0,0.425
Double Chocolate Happiness Cookies,snacks,cookies cakes,0,afternoon,4,3,4,0.75,0.0001,1.0,0.425
Face Lotion and Post-Shave Fragrance Free,personal care,skin care,0,afternoon,4,3,4,0.75,0.0001,1.0,0.425
For Supplementation with Iron Powder Infant Formula,babies,baby food formula,0,afternoon,4,3,4,0.75,0.0001,1.0,0.425
French Vanilla Concentrated Liquid Coffee Creamer,dairy eggs,cream,0,afternoon,4,3,4,0.75,0.0001,1.0,0.425
French Vanilla Fat Free Powder Coffee Creamer,dairy eggs,cream,0,afternoon,4,3,4,0.75,0.0001,1.0,0.425
Fruit Bits,snacks,nuts seeds dried fruit,0,afternoon,4,3,4,0.75,0.0001,1.0,0.425
"Fruit Spread, Deluxe, Fancy Plum",pantry,spreads,0,afternoon,4,3,4,0.75,0.0001,1.0,0.425
"Fruit Sticks, Apple Raspberry",snacks,fruit vegetable snacks,0,afternoon,4,3,4,0.75,0.0001,1.0,0.425
Fruity Rolls Strawberry Splash Fruit Flavored Snacks,snacks,fruit vegetable snacks,0,afternoon,4,3,4,0.75,0.0001,1.0,0.425
Garlic Butter Crackers,snacks,crackers,0,afternoon,4,3,4,0.75,0.0001,1.0,0.425
Gluten Free Original Hummus,deli,fresh dips tapenades,0,afternoon,4,3,4,0.75,0.0001,1.0,0.425
Honey Roasted Chicken,frozen,frozen meals,0,afternoon,4,3,4,0.75,0.0001,1.0,0.425
Orange 'N Cream Soda Fountain Classics,beverages,soft drinks,0,afternoon,4,3,4,0.75,0.0001,1.0,0.425
Organic Dark Chocolate with Sea Salt & Cracked Black Pepper,snacks,candy chocolate,0,afternoon,4,3,4,0.75,0.0001,1.0,0.425
Organic Montebello Linguine Italian Pasta,dry goods pasta,dry pasta,0,afternoon,4,3,4,0.75,0.0001,1.0,0.425
Peas 2nd Baby Food,babies,baby food formula,0,afternoon,4,3,4,0.75,0.0001,1.0,0.425
Petroleum Jelly Cream Deep Moisture Vitamin E,personal care,body lotions soap,0,afternoon,4,3,4,0.75,0.0001,1.0,0.425
Phoenix Fresh Deodorant Stick,personal care,deodorants,0,afternoon,4,3,4,0.75,0.0001,1.0,0.425
Plum Jasmine Water,beverages,water seltzer sparkling water,0,afternoon,4,3,4,0.75,0.0001,1.0,0.425
Red Grapefruit Sections in Light Syrup,canned goods,canned fruit applesauce,0,afternoon,4,3,4,0.75,0.0001,1.0,0.425
Rice Krispies Treats Blasted M&M's,snacks,candy chocolate,0,afternoon,4,3,4,0.75,0.0001,1.0,0.425
Rosemont Crest Blend Coffee,missing,missing,0,afternoon,4,3,4,0.75,0.0001,1.0,0.425
Salmon Creations Lemon Dill Salmon,canned goods,canned meat seafood,0,afternoon,4,3,4,0.75,0.0001,1.0,0.425
Salted Caramel Bar,missing,missing,0,afternoon,4,3,4,0.75,0.0001,1.0,0.425
Sea Salt Butter,dairy eggs,butter,0,afternoon,4,3,4,0.75,0.0001,1.0,0.425
Selects Hardwood Smoked Uncured Turkey Sausage,meat seafood,hot dogs bacon sausage,0,afternoon,4,3,4,0.75,0.0001,1.0,0.425
"Skin Gel, Unscented",personal care,first aid,0,afternoon,4,3,4,0.75,0.0001,1.0,0.425
Sour Cream & Chives Mashed Potatoes,dry goods pasta,instant foods,0,afternoon,4,3,4,0.75,0.0001,1.0,0.425
Spread Just Awesomesauce,pantry,condiments,0,afternoon,4,3,4,0.75,0.0001,1.0,0.425
Sweet & Zesty BBQ Sauce,pantry,marinades meat preparation,0,afternoon,4,3,4,0.75,0.0001,1.0,0.425
Tacos For Two,international,latino foods,0,afternoon,4,3,4,0.75,0.0001,1.0,0.425
Tropical Brain Toniq,beverages,energy sports drinks,0,afternoon,4,3,4,0.75,0.0001,1.0,0.425
Tuscan Soup,canned goods,soup broth bouillon,0,afternoon,4,3,4,0.75,0.0001,1.0,0.425
Ultimate Pomegranate Margarita,alcohol,spirits,0,afternoon,4,3,4,0.75,0.0001,1.0,0.425
Unsweetened Coconut Juice,beverages,juice nectars,0,afternoon,4,3,4,0.75,0.0001,1.0,0.425
White Meat Chicken Florentine Pate Cat Food,pets,cat food care,0,afternoon,4,3,4,0.75,0.0001,1.0,0.425
Whole Grain Ancient Grain Bread,bakery,bread,0,afternoon,4,3,4,0.75,0.0001,1.0,0.425
Wicked Thai-Style Chicken with Rice & Vegetables Soup,meat seafood,packaged poultry,0,afternoon,4,3,4,0.75,0.0001,1.0,0.425
Wild Mackerel & Whitefish Cat Food,pets,cat food care,0,afternoon,4,3,4,0.75,0.0001,1.0,0.425
Wild Peppermint Drops,snacks,candy chocolate,0,afternoon,4,3,4,0.75,0.0001,1.0,0.425
Wisconsin Cheese Edam,dairy eggs,specialty cheeses,0,afternoon,4,3,4,0.75,0.0001,1.0,0.425
Wrigley's Juicy Fruit Fruity Chews Gum,snacks,mint gum,0,afternoon,4,3,4,0.75,0.0001,1.0,0.425
Zero Peach Nutrient Enhanced Water Beverage,missing,missing,0,afternoon,4,3,4,0.75,0.0001,1.0,0.425
Medium Pitted Olives,pantry,pickled goods olives,0,afternoon,6,5,6,0.8333,0.0001,0.8738,0.4248
Original Organic Acai Juice,beverages,refrigerated,0,afternoon,6,5,6,0.8333,0.0001,0.8738,0.4248
Wild Chub Mackerel in Piripiri Sauce,canned goods,canned meat seafood,0,afternoon,6,5,6,0.8333,0.0001,0.8738,0.4248
"Just Crisps, Caesar",snacks,chips pretzels,0,afternoon,6,6,6,1.0,0.0001,0.6232,0.4247
Greek Vanilla Yogurt,dairy eggs,yogurt,0,afternoon,8,7,8,0.875,0.0001,0.8097,0.4245
Organic Cranberry Winter Salad,deli,prepared soups salads,0,afternoon,5,5,5,1.0,0.0001,0.6213,0.4243
Spicy Chicken Breast Patties,frozen,frozen meat seafood,0,afternoon,5,5,5,1.0,0.0001,0.6213,0.4243
Wild Cherry Drink,beverages,juice nectars,0,afternoon,45,37,45,0.8222,0.0009,0.8862,0.4243
Soy Chorizo Vegetarian,meat seafood,hot dogs bacon sausage,0,afternoon,28,25,28,0.8929,0.0005,0.7787,0.4239
Refill Infant Milk-Based with Iron 16.6 oz Pouches Infant Formula Powder,babies,baby food formula,0,afternoon,22,19,22,0.8636,0.0004,0.8218,0.4237
Smoked Maple Ham,deli,lunch meat,0,afternoon,51,42,51,0.8235,0.001,0.8803,0.4236
Organic Mashups Strawberry Banana,canned goods,canned fruit applesauce,0,afternoon,80,65,80,0.8125,0.0016,0.895,0.4235
Orbit Cinnamint Sugarfree Gum,snacks,mint gum,0,afternoon,11,10,11,0.9091,0.0002,0.7525,0.4233
Chicken Marsala & Roasted Redskin Potatoes Classic Meal for 2,frozen,frozen meals,0,afternoon,35,26,35,0.7429,0.0007,1.0,0.4232
Organic Fuji Apple,produce,fresh fruits,0,afternoon,8709,6003,8709,0.6893,0.1716,0.6529,0.4232
Coconut Almond Bite Snack Bar,snacks,energy granola bars,0,afternoon,12,10,12,0.8333,0.0002,0.8646,0.423
Chardonnay Napa,alcohol,white wines,0,afternoon,3,3,3,1.0,0.0,0.6138,0.4228
Jalapeno Salsa,international,latino foods,0,afternoon,3,3,3,1.0,0.0,0.6138,0.4228
"Vegetarian Tamales, Red Chile Vegetable",pantry,spices seasonings,0,afternoon,3,3,3,1.0,0.0,0.6138,0.4228
80% Cocoa Madagascar Chocolate,snacks,candy chocolate,0,afternoon,14,11,14,0.7857,0.0003,0.9327,0.4224
Ground Turkey Breast,meat seafood,poultry counter,0,afternoon,3810,2442,3810,0.6409,0.0751,0.9632,0.4224
Chunky Turkey Feast Cat Food,pets,cat food care,0,afternoon,20,16,20,0.8,0.0004,0.9082,0.4218
Ice Cream Mint Chip,frozen,ice cream ice,0,afternoon,10,9,10,0.9,0.0002,0.7585,0.4218
Non-Alcohoic Beer,alcohol,beers coolers,0,afternoon,10,8,10,0.8,0.0002,0.9082,0.4217
Fresh Cauliflower,produce,fresh vegetables,0,afternoon,8199,5100,8199,0.622,0.1615,0.7709,0.4215
Mussels in a Garlic Butter Sauce,frozen,frozen meat seafood,0,afternoon,8,6,8,0.75,0.0001,0.9823,0.4215
Organic Honey Sweet Whole Wheat Bread,bakery,bread,0,afternoon,1411,1150,1411,0.815,0.0278,0.8153,0.4215
Fun Size Snack Time Pack Chocolate,snacks,candy chocolate,0,afternoon,9,7,9,0.7778,0.0002,0.9397,0.4214
"Honeygrams, gluten-Free, Wheat-Free Graham Style Crackers",snacks,cookies cakes,0,afternoon,38,28,38,0.7368,0.0007,1.0,0.4214
Organic Red Bell Pepper,produce,fresh vegetables,0,afternoon,6853,4433,6853,0.6469,0.135,0.7992,0.4214
Paleo Granola Cinnamon Crunch,breakfast,granola,0,afternoon,38,28,38,0.7368,0.0007,1.0,0.4214
Duck Venison Green Bean & Wild Rice Canned Dog Food,pets,dog food care,0,afternoon,6,5,6,0.8333,0.0001,0.8557,0.4212
Swiss Cheese Deli Slices,dairy eggs,packaged cheese,0,afternoon,19,14,19,0.7368,0.0004,1.0,0.4212
Bliss Milk Chocolate Candy,snacks,candy chocolate,0,afternoon,2,2,2,1.0,0.0,0.6048,0.421
Chamomilla 30 C,personal care,vitamins supplements,0,afternoon,2,2,2,1.0,0.0,0.6048,0.421
Chocolate Flavor Warrior Blend Raw Protein,personal care,protein meal replacements,0,afternoon,4,4,4,1.0,0.0001,0.6048,0.421
Digestive Advantage Probiotic Fruit Gummies,personal care,vitamins supplements,0,afternoon,2,2,2,1.0,0.0,0.6048,0.421
Mixed Melon Spears,missing,missing,0,afternoon,2,2,2,1.0,0.0,0.6048,0.421
Nebraska Barn Raising Split Pea Soup Mix,canned goods,soup broth bouillon,0,afternoon,2,2,2,1.0,0.0,0.6048,0.421
Organic Gluten Free Brown Rice Kid's Mix Pasta,dry goods pasta,dry pasta,0,afternoon,2,2,2,1.0,0.0,0.6048,0.421
Premium Roast Decaf K Cup,beverages,coffee,0,afternoon,2,2,2,1.0,0.0,0.6048,0.421
Real Sugar Heritage Dr.Pepper,beverages,soft drinks,0,afternoon,2,2,2,1.0,0.0,0.6048,0.421
Shaly Loam Gewürztraminer,alcohol,white wines,0,afternoon,4,4,4,1.0,0.0001,0.6048,0.421
Soba Tsuyu Dipping Sauce,international,asian foods,0,afternoon,2,2,2,1.0,0.0,0.6048,0.421
Waffeletten Milk Fine European Biscuits,snacks,cookies cakes,0,afternoon,2,2,2,1.0,0.0,0.6048,0.421
White Peony Tea,beverages,tea,0,afternoon,2,2,2,1.0,0.0,0.6048,0.421
Cheese Heads Sharp Cheddar & Beef Sticks,snacks,popcorn jerky,0,afternoon,34,25,34,0.7353,0.0007,1.0,0.4209
Organic Gala Apples,produce,fresh fruits,0,afternoon,7298,5221,7298,0.7154,0.1438,0.672,0.4209
Boneless Skinless Chicken Breast,meat seafood,poultry counter,0,afternoon,3190,2123,3190,0.6655,0.0628,0.9484,0.4207
Organic Lacinato (Dinosaur) Kale,produce,fresh vegetables,0,afternoon,5268,3594,5268,0.6822,0.1038,0.8208,0.4207
Deadman's Reach Organic Dark Roast Whole Bean Coffee,beverages,coffee,0,afternoon,11,10,11,0.9091,0.0002,0.7378,0.4204
Organic Large Brown Grade AA Cage Free Eggs,dairy eggs,eggs,0,afternoon,3639,2811,3639,0.7725,0.0717,0.764,0.4204
Toasteds Harvest Wheat Crackers,snacks,crackers,0,afternoon,30,22,30,0.7333,0.0006,1.0,0.4203
3-Ply Paper Towel Rolls,household,paper goods,0,afternoon,22,19,22,0.8636,0.0004,0.8044,0.4202
Apple Juice Light,beverages,juice nectars,0,afternoon,7,6,7,0.8571,0.0001,0.8148,0.4202
Breaded filet of Alaskan Pollock with macaroni and cheese Fish Filet,frozen,frozen meals,0,afternoon,14,12,14,0.8571,0.0003,0.8148,0.4202
Caramel Macchiato Latte,beverages,coffee,0,afternoon,15,11,15,0.7333,0.0003,1.0,0.4201
"Olives, Sliced Green",pantry,pickled goods olives,0,afternoon,15,11,15,0.7333,0.0003,1.0,0.4201
Select Vitamin D Milk,dairy eggs,milk,0,afternoon,15,11,15,0.7333,0.0003,1.0,0.4201
Sourdough Cottage Bread,bakery,bread,0,afternoon,10,9,10,0.9,0.0002,0.7502,0.4201
Tortellini Primavera Parmesan Cafe Steamers,frozen,frozen meals,0,afternoon,15,11,15,0.7333,0.0003,1.0,0.4201
Iced Tea with Raspberry Flavor,beverages,tea,0,afternoon,23,18,23,0.7826,0.0004,0.9245,0.4199
Plastic Squared Plates,household,plates bowls cups flatware,0,afternoon,5,5,5,1.0,0.0001,0.5995,0.4199
Premium Paper Towels,household,paper goods,0,afternoon,26,19,26,0.7308,0.0005,1.0,0.4195
Slim Espresso Bar,snacks,energy granola bars,0,afternoon,10,8,10,0.8,0.0002,0.8964,0.4194
Buttermilk Protein Pancake and Baking Mix,pantry,doughs gelatins bake mixes,0,afternoon,5,4,5,0.8,0.0001,0.8964,0.4193
Large Alfresco Eggs,dairy eggs,eggs,0,afternoon,4384,3383,4384,0.7717,0.0864,0.7232,0.4193
Mini Toasts,snacks,crackers,0,afternoon,5,4,5,0.8,0.0001,0.8964,0.4193
Premium Breast of Chicken in Water,canned goods,canned meat seafood,0,afternoon,29,23,29,0.7931,0.0006,0.9053,0.4193
Special Reserve 12 Yr Old Scotch Whisky 80 Proof,alcohol,spirits,0,afternoon,5,4,5,0.8,0.0001,0.8964,0.4193
Apple Kiwi Strawberry Concentrate Frozen,frozen,frozen juice,0,afternoon,3,3,3,1.0,0.0,0.596,0.4192
Delight Sea Salted Caramel Popcorn,frozen,frozen meals,0,afternoon,3,3,3,1.0,0.0,0.596,0.4192
Light Oaked Chardonnay,alcohol,white wines,0,afternoon,3,3,3,1.0,0.0,0.596,0.4192
Cage Free Grade AA Large White Eggs,dairy eggs,eggs,0,afternoon,238,189,238,0.7941,0.0047,0.8913,0.4188
Hazelnut Chocolate Non-Dairy Beverage,dairy eggs,soy lactosefree,0,afternoon,9,7,9,0.7778,0.0002,0.9257,0.4186
"Milk, Lowfat, Chocolate, 1% Milkfat",dairy eggs,milk,0,afternoon,44,32,44,0.7273,0.0008,1.0,0.4186
Iced Tea With Natural Lemon,beverages,tea,0,afternoon,22,16,22,0.7273,0.0004,1.0,0.4184
Isaac Mizrahi 2-Ply White Facial Tissues,household,paper goods,0,afternoon,4,4,4,1.0,0.0001,0.5917,0.4184
Rocks N Rolls Orange Chocolate Chip French Munching Cookies,snacks,cookies cakes,0,afternoon,4,4,4,1.0,0.0001,0.5917,0.4184
100% Natural Broccoli Sprouts With Long Lasting Antioxidant Activity,produce,fresh vegetables,0,afternoon,11,8,11,0.7273,0.0002,1.0,0.4183
Cran-Mango Juice,beverages,juice nectars,0,afternoon,11,8,11,0.7273,0.0002,1.0,0.4183
"Kombucha, Elderberry Hibiscus",beverages,refrigerated,0,afternoon,11,8,11,0.7273,0.0002,1.0,0.4183
Organic Flip for Flapjacks Pancake Mix,breakfast,hot cereal pancake mixes,0,afternoon,11,8,11,0.7273,0.0002,1.0,0.4183
Organic Just Cherries,snacks,fruit vegetable snacks,0,afternoon,11,8,11,0.7273,0.0002,1.0,0.4183
Pasta Sides Chipotle Side Meal,dry goods pasta,instant foods,0,afternoon,11,8,11,0.7273,0.0002,1.0,0.4183
Restaurant Style Mild Salsa,pantry,preserved dips spreads,0,afternoon,11,8,11,0.7273,0.0002,1.0,0.4183
"Zinfandel, California, 2010",alcohol,red wines,0,afternoon,11,8,11,0.7273,0.0002,1.0,0.4183
Cheese Food Slices American,dairy eggs,packaged cheese,0,afternoon,4,3,4,0.75,0.0001,0.9652,0.4181
Crispy Variety Pack Chicken,frozen,frozen appetizers sides,0,afternoon,4,3,4,0.75,0.0001,0.9652,0.4181
Flame Grilled Chicken Breast Strips,deli,lunch meat,0,afternoon,51,37,51,0.7255,0.001,1.0,0.4181
Frozen Turkey Meal,frozen,frozen meals,0,afternoon,8,6,8,0.75,0.0001,0.9652,0.4181
Grand Ice Cream Nestle Toll House Mint Brownie,frozen,ice cream ice,0,afternoon,4,3,4,0.75,0.0001,0.9652,0.4181
Snack Well's Vanilla Creme 7.75 Oz,snacks,cookies cakes,0,afternoon,4,3,4,0.75,0.0001,0.9652,0.4181
"Potato Chips, Lightly Salted",snacks,chips pretzels,0,afternoon,27,25,27,0.9259,0.0005,0.6996,0.418
Healthy Kids Disney Princess Shaped Pasta In Chicken Broth Condensed Soup,canned goods,soup broth bouillon,0,afternoon,38,29,38,0.7632,0.0007,0.9427,0.4179
Vanilla Rice Drink,dairy eggs,soy lactosefree,0,afternoon,56,46,56,0.8214,0.0011,0.8545,0.4179
"Organics Pop's Corn Microwave Popcorn, Organic, Light Butter",snacks,popcorn jerky,0,afternoon,33,26,33,0.7879,0.0006,0.9049,0.4177
Oregon Oatmeal Cookies,bakery,bakery desserts,0,afternoon,35,26,35,0.7429,0.0007,0.9719,0.4176
Apple Carrot & Pineapple Squeezable Fruit & Veggies,babies,baby food formula,0,afternoon,7,6,7,0.8571,0.0001,0.8013,0.4175
Lactose Free Milk,dairy eggs,soy lactosefree,0,afternoon,7,6,7,0.8571,0.0001,0.8013,0.4175
Organic Lowfat 1% Milk,dairy eggs,milk,0,afternoon,1622,1374,1622,0.8471,0.0319,0.737,0.4175
"Rice Roll, Crunchy, Brown Rice & White Rice",snacks,fruit vegetable snacks,0,afternoon,6,6,6,1.0,0.0001,0.5875,0.4175
Chewy Chocolate Chip Granola Bars,snacks,energy granola bars,0,afternoon,73,57,73,0.7808,0.0014,0.9116,0.4173
Tamale Bean Cheese,deli,prepared meals,0,afternoon,18,13,18,0.7222,0.0003,1.0,0.4168
Blueberry Cobbler,breakfast,breakfast bars pastries,0,afternoon,16,12,16,0.75,0.0003,0.9568,0.4165
Crunchy Baked Corn Sticks,snacks,chips pretzels,0,afternoon,50,36,50,0.72,0.001,1.0,0.4165
Mini Cups Hazelnut Spread,pantry,spreads,0,afternoon,11,9,11,0.8182,0.0002,0.8541,0.4164
Organic Baby Carrots,produce,packaged vegetables fruits,0,afternoon,8056,5302,8056,0.6581,0.1587,0.6976,0.4163
Dark Chocolate Sea Salt Cashews,snacks,candy chocolate,0,afternoon,25,18,25,0.72,0.0005,1.0,0.4162
Asian Yogurt Green Tea Honey,dairy eggs,yogurt,0,afternoon,13,11,13,0.8462,0.0002,0.8106,0.4161
Condensed Soup Manhattan Clam Chowder,canned goods,soup broth bouillon,0,afternoon,3,3,3,1.0,0.0,0.5792,0.4159
Marinara Alla Bava Pasta Sauce,dry goods pasta,pasta sauce,0,afternoon,4,4,4,1.0,0.0001,0.5792,0.4159
Mini Pound Cake,snacks,cookies cakes,0,afternoon,3,3,3,1.0,0.0,0.5792,0.4159
"Rawhide Chew, Medium Dogs",pets,dog food care,0,afternoon,3,3,3,1.0,0.0,0.5792,0.4159
7 Grain Non-Dairy Beverage Original,dairy eggs,soy lactosefree,0,afternoon,1,1,1,1.0,0.0,0.5792,0.4158
Acetyl L Carnitine 500mg,personal care,vitamins supplements,0,afternoon,1,1,1,1.0,0.0,0.5792,0.4158
Almond Crusted Flounder,meat seafood,seafood counter,0,afternoon,1,1,1,1.0,0.0,0.5792,0.4158
Almondmilk Vanilla Lactose Free & Soy Free,dairy eggs,soy lactosefree,0,afternoon,2,2,2,1.0,0.0,0.5792,0.4158
Aplwd Chicken Strips,missing,missing,0,afternoon,1,1,1,1.0,0.0,0.5792,0.4158
Apple Mango Passion Fruit Fruit Snack,snacks,fruit vegetable snacks,0,afternoon,2,2,2,1.0,0.0,0.5792,0.4158
Apple Walnut Oatmeal,dry goods pasta,instant foods,0,afternoon,2,2,2,1.0,0.0,0.5792,0.4158
Applesauce Cinnamon,canned goods,canned fruit applesauce,0,afternoon,1,1,1,1.0,0.0,0.5792,0.4158
Asian Pear Package,missing,missing,0,afternoon,1,1,1,1.0,0.0,0.5792,0.4158
Avant Red Wine Blend,alcohol,red wines,0,afternoon,1,1,1,1.0,0.0,0.5792,0.4158
"Baked Corn Creations, Salted Caramel",snacks,popcorn jerky,0,afternoon,1,1,1,1.0,0.0,0.5792,0.4158
Banana Nut Muffin Mix,pantry,doughs gelatins bake mixes,0,afternoon,2,2,2,1.0,0.0,0.5792,0.4158
Banana Puffs Cereal Snack Cup,missing,missing,0,afternoon,1,1,1,1.0,0.0,0.5792,0.4158
Berry Mint Gems,snacks,mint gum,0,afternoon,2,2,2,1.0,0.0,0.5792,0.4158
Best Refried Black Beans,canned goods,canned meals beans,0,afternoon,2,2,2,1.0,0.0,0.5792,0.4158
Biscuits With Milk Cream,international,asian foods,0,afternoon,1,1,1,1.0,0.0,0.5792,0.4158
Black Cherry Sparkling Seltzer Water,beverages,water seltzer sparkling water,0,afternoon,1,1,1,1.0,0.0,0.5792,0.4158
Blanc De Noirs Sparkling Wine,alcohol,specialty wines champagnes,0,afternoon,1,1,1,1.0,0.0,0.5792,0.4158
Bresaola,deli,lunch meat,0,afternoon,1,1,1,1.0,0.0,0.5792,0.4158
"Chardonnay, Premium Dealcoholized Wine, 2011",alcohol,white wines,0,afternoon,1,1,1,1.0,0.0,0.5792,0.4158
Chef's Favorites Lightly Sauced Primavera Vegetable Risotto,frozen,frozen meals,0,afternoon,1,1,1,1.0,0.0,0.5792,0.4158
Chicken & Salmon Recipe Cat Food,pets,cat food care,0,afternoon,1,1,1,1.0,0.0,0.5792,0.4158
"Chicken, Broccoli & Cheese Casserole",frozen,frozen meals,0,afternoon,1,1,1,1.0,0.0,0.5792,0.4158
Chipotle Cheddar Cheese,dairy eggs,packaged cheese,0,afternoon,1,1,1,1.0,0.0,0.5792,0.4158
Chocolate Kale Krunch,snacks,fruit vegetable snacks,0,afternoon,2,2,2,1.0,0.0,0.5792,0.4158
Classic Sliced Bologna,deli,lunch meat,0,afternoon,1,1,1,1.0,0.0,0.5792,0.4158
Cream of Mushroom Low Sodium R&W Condensed Soup,canned goods,soup broth bouillon,0,afternoon,1,1,1,1.0,0.0,0.5792,0.4158
Cw Aerosol Rich & Creamy,missing,missing,0,afternoon,1,1,1,1.0,0.0,0.5792,0.4158
Dark Roast Ground Coffee,beverages,coffee,0,afternoon,1,1,1,1.0,0.0,0.5792,0.4158
Disney Mickey Shaped Veggie Chips,snacks,chips pretzels,0,afternoon,1,1,1,1.0,0.0,0.5792,0.4158
DreamSticks® Vegetable and Chicken,pets,dog food care,0,afternoon,1,1,1,1.0,0.0,0.5792,0.4158
Emmentaler Imported Swiss Cheese,dairy eggs,specialty cheeses,0,afternoon,1,1,1,1.0,0.0,0.5792,0.4158
Flaked Tuna Supreme Cat Food,pets,cat food care,0,afternoon,1,1,1,1.0,0.0,0.5792,0.4158
Flings Laundry Detergent,household,laundry,0,afternoon,1,1,1,1.0,0.0,0.5792,0.4158
Fresh Waters Scented Oil Refill Single,household,air fresheners candles,0,afternoon,1,1,1,1.0,0.0,0.5792,0.4158
Glazed Honey Buns,breakfast,breakfast bars pastries,0,afternoon,1,1,1,1.0,0.0,0.5792,0.4158
Herbal Blemish Stick with Tea Tree Leaf Oil,personal care,facial care,0,afternoon,1,1,1,1.0,0.0,0.5792,0.4158
Hibiscus Tea Squeeze,beverages,tea,0,afternoon,1,1,1,1.0,0.0,0.5792,0.4158
Honey Peanut Nutrition Bar,snacks,energy granola bars,0,afternoon,1,1,1,1.0,0.0,0.5792,0.4158
Hot Apple Cider Tea Herbs Of Autumn,beverages,tea,0,afternoon,1,1,1,1.0,0.0,0.5792,0.4158
"Hydrating Mist, with Hyaluronic Acid, Dry/Normal",personal care,soap,0,afternoon,1,1,1,1.0,0.0,0.5792,0.4158
Indian Pale Ale,alcohol,beers coolers,0,afternoon,2,2,2,1.0,0.0,0.5792,0.4158
Jalapeno Cheddar Sliced Cheese,dairy eggs,packaged cheese,0,afternoon,1,1,1,1.0,0.0,0.5792,0.4158
"Kasha, 100% Pure Roasted Whole Grain Buckwheat",international,kosher foods,0,afternoon,2,2,2,1.0,0.0,0.5792,0.4158
Lactose Free Butter,dairy eggs,butter,0,afternoon,1,1,1,1.0,0.0,0.5792,0.4158
Lactose Free Shredded Cheese Cheddar,dairy eggs,soy lactosefree,0,afternoon,1,1,1,1.0,0.0,0.5792,0.4158
Mango Passionfruit Kombucha,beverages,refrigerated,0,afternoon,1,1,1,1.0,0.0,0.5792,0.4158
Mulberry Pizza,frozen,frozen pizza,0,afternoon,1,1,1,1.0,0.0,0.5792,0.4158
Organic 1% Milkfat Strawberry Lowfat Milk,dairy eggs,milk,0,afternoon,1,1,1,1.0,0.0,0.5792,0.4158
Organic Biologique Kokuho Rose Medium Grain Heirloom White Rice,other,other,0,afternoon,1,1,1,1.0,0.0,0.5792,0.4158
"Organic Chocotal, Ground",beverages,coffee,0,afternoon,1,1,1,1.0,0.0,0.5792,0.4158
Organic Guatemalan Dark Roast Whole Bean Coffee,beverages,coffee,0,afternoon,1,1,1,1.0,0.0,0.5792,0.4158
Organic Protein Dark Chocolate Coconut Granola,breakfast,granola,0,afternoon,1,1,1,1.0,0.0,0.5792,0.4158
Organic Spicy Jalepeño & Wild Cilantro,missing,missing,0,afternoon,1,1,1,1.0,0.0,0.5792,0.4158
Organic Squeeze Minced Garlic,canned goods,canned jarred vegetables,0,afternoon,1,1,1,1.0,0.0,0.5792,0.4158
Original All Good Lips Lip Balm,personal care,oral hygiene,0,afternoon,1,1,1,1.0,0.0,0.5792,0.4158
Original Formula Facial Bar,personal care,facial care,0,afternoon,1,1,1,1.0,0.0,0.5792,0.4158
Original Swedish Rye Crispbread,bakery,bread,0,afternoon,1,1,1,1.0,0.0,0.5792,0.4158
Paradise Punch Frozen Juice Concentrate,frozen,frozen juice,0,afternoon,1,1,1,1.0,0.0,0.5792,0.4158
Pickled Crinkle Cut Pickles Beets,canned goods,canned jarred vegetables,0,afternoon,1,1,1,1.0,0.0,0.5792,0.4158
Red Sweet Mini Pepper,missing,missing,0,afternoon,2,2,2,1.0,0.0,0.5792,0.4158
Relaxing Lavender Electric Aromatherapy Air Freshener Refill,household,air fresheners candles,0,afternoon,1,1,1,1.0,0.0,0.5792,0.4158
Risotto all Milanese with Italian Arborio Rice with Saffron,dry goods pasta,instant foods,0,afternoon,1,1,1,1.0,0.0,0.5792,0.4158
SmartBlend Chicken & Rice Formula Adult Dog Food,pets,dog food care,0,afternoon,1,1,1,1.0,0.0,0.5792,0.4158
Spiral Sliced Hickory Smoked Ham,other,other,0,afternoon,1,1,1,1.0,0.0,0.5792,0.4158
Sugar Free Hibiscus Energy Drink,beverages,energy sports drinks,0,afternoon,1,1,1,1.0,0.0,0.5792,0.4158
Superior Preference Fade-Defying Color + Shine System - 5 Medium  Brown,personal care,hair care,0,afternoon,1,1,1,1.0,0.0,0.5792,0.4158
Tawny Port,alcohol,specialty wines champagnes,0,afternoon,1,1,1,1.0,0.0,0.5792,0.4158
Transparent Facial Bar,personal care,facial care,0,afternoon,1,1,1,1.0,0.0,0.5792,0.4158
Turkey & White Meat Chicken Recipe Cat Food,pets,cat food care,0,afternoon,2,2,2,1.0,0.0,0.5792,0.4158
Vegetable Garden Four Bean 99% Fat Free Chili,canned goods,canned meals beans,0,afternoon,2,2,2,1.0,0.0,0.5792,0.4158
Whey Protein Isolate Vanilla Flavor,personal care,protein meal replacements,0,afternoon,1,1,1,1.0,0.0,0.5792,0.4158
Wild Sardines In Spring Water,canned goods,canned meat seafood,0,afternoon,1,1,1,1.0,0.0,0.5792,0.4158
Yellowtail Pale Ale,alcohol,beers coolers,0,afternoon,1,1,1,1.0,0.0,0.5792,0.4158
Gentle Care Tissue Rolls,household,paper goods,0,afternoon,11,8,11,0.7273,0.0002,0.9871,0.4157
Organic Fat Free Milk,dairy eggs,milk,0,afternoon,2755,2281,2755,0.8279,0.0543,0.7008,0.4157
Cottage Cheese Large Curd,dairy eggs,other creams cheeses,0,afternoon,15,12,15,0.8,0.0003,0.8738,0.4149
80% Dark Stone Ground Chocolate,snacks,candy chocolate,0,afternoon,5,4,5,0.8,0.0001,0.8738,0.4148
Easy Ups Boys' Training Pants Size 4T/5T,babies,diapers wipes,0,afternoon,5,4,5,0.8,0.0001,0.8738,0.4148
"Green Tea, Organic",beverages,tea,0,afternoon,8,6,8,0.75,0.0001,0.9486,0.4148
Jumbo Spaghetti & Meatballs In Hearty Tomato Sauce,canned goods,canned meals beans,0,afternoon,7,6,7,0.8571,0.0001,0.7882,0.4148
Purrfect Delicacies Multi-pack,pets,cat food care,0,afternoon,5,4,5,0.8,0.0001,0.8738,0.4148
Sparkling Cranberry 6 Pack,beverages,juice nectars,0,afternoon,5,4,5,0.8,0.0001,0.8738,0.4148
Family Size Ripple Cut Potato Chips,snacks,chips pretzels,0,afternoon,28,20,28,0.7143,0.0005,1.0,0.4146
Bright Beet Juice Smoothie,beverages,refrigerated,0,afternoon,21,15,21,0.7143,0.0004,1.0,0.4145
Guac-A-Mole Corn Tortilla Chips,snacks,chips pretzels,0,afternoon,9,8,9,0.8889,0.0002,0.7386,0.4145
Tart Cherry Stomp Juice,beverages,refrigerated,0,afternoon,21,15,21,0.7143,0.0004,1.0,0.4145
Home Style Meatless Meatloaf,frozen,frozen meat seafood,0,afternoon,14,10,14,0.7143,0.0003,1.0,0.4144
Soft Wheat Bread,bakery,bread,0,afternoon,6,5,6,0.8333,0.0001,0.8218,0.4144
Thin Sliced Chicken Breast,meat seafood,poultry counter,0,afternoon,14,10,14,0.7143,0.0003,1.0,0.4144
Blueberry Lemonade Seltzer,canned goods,canned meals beans,0,afternoon,7,5,7,0.7143,0.0001,1.0,0.4143
Butterfinger Dipped Frozen Dairy Dessert Cones,frozen,ice cream ice,0,afternoon,7,5,7,0.7143,0.0001,1.0,0.4143
Carolina Honey,beverages,tea,0,afternoon,7,5,7,0.7143,0.0001,1.0,0.4143
Chocolate Coconut Meal Bar,snacks,energy granola bars,0,afternoon,76,58,76,0.7632,0.0015,0.9229,0.4143
Cotton Breeze Air Freshener,household,air fresheners candles,0,afternoon,7,5,7,0.7143,0.0001,1.0,0.4143
Creamy Chicken & Shrimp in a Parmesan Alfredo Sauce,frozen,frozen meals,0,afternoon,7,5,7,0.7143,0.0001,1.0,0.4143
Dark Chocolate With Fresh Mint Ice Cream,frozen,ice cream ice,0,afternoon,7,5,7,0.7143,0.0001,1.0,0.4143
False Alarm Mild Chili Kit,pantry,marinades meat preparation,0,afternoon,7,5,7,0.7143,0.0001,1.0,0.4143
Free & Clear Liquid Laundry Detergent,household,laundry,0,afternoon,7,5,7,0.7143,0.0001,1.0,0.4143
Fresh Mixed Berries,produce,packaged vegetables fruits,0,afternoon,7,5,7,0.7143,0.0001,1.0,0.4143
Hommus Edamame,deli,fresh dips tapenades,0,afternoon,7,5,7,0.7143,0.0001,1.0,0.4143
Kona Brewing Pipeline Porter,alcohol,beers coolers,0,afternoon,7,5,7,0.7143,0.0001,1.0,0.4143
Lunchmakers Pizza Pepperoni with Nestle Crunch Bar,deli,prepared meals,0,afternoon,7,5,7,0.7143,0.0001,1.0,0.4143
Mexican Style Chicken Bowl,missing,missing,0,afternoon,7,5,7,0.7143,0.0001,1.0,0.4143
Mild General Tso Stir-Fry Sauce,international,asian foods,0,afternoon,7,5,7,0.7143,0.0001,1.0,0.4143
Mousse Du Perigod,deli,lunch meat,0,afternoon,7,5,7,0.7143,0.0001,1.0,0.4143
Multiseed Spelt Flatbread,snacks,crackers,0,afternoon,7,5,7,0.7143,0.0001,1.0,0.4143
Natural Shredded Cheddar Cheese,dairy eggs,packaged cheese,0,afternoon,7,5,7,0.7143,0.0001,1.0,0.4143
"Noticeables Febreze NOTICEables Gain Original Single Oil Refill Air Freshener (1 Count, 0.87 oz) Air Care",household,air fresheners candles,0,afternoon,7,5,7,0.7143,0.0001,1.0,0.4143
Organic 2nd Foods Apple Blackberry Baby Food,babies,baby food formula,0,afternoon,7,5,7,0.7143,0.0001,1.0,0.4143
Organic Date & Lemon Artisan Crisps Made With Fresh Greek Yogurt & Himalayan Pink Salt,missing,missing,0,afternoon,7,5,7,0.7143,0.0001,1.0,0.4143
Organic Peeled Whole Baby Carrots,produce,packaged vegetables fruits,0,afternoon,6691,4165,6691,0.6225,0.1318,0.808,0.4143
Organic Root Beer,beverages,soft drinks,0,afternoon,7,5,7,0.7143,0.0001,1.0,0.4143
Original Hard Lemonade,alcohol,beers coolers,0,afternoon,7,5,7,0.7143,0.0001,1.0,0.4143
Original Oven Roasted Turkey,deli,lunch meat,0,afternoon,7,5,7,0.7143,0.0001,1.0,0.4143
Petite Caesar Salad,deli,prepared soups salads,0,afternoon,7,5,7,0.7143,0.0001,1.0,0.4143
Pizza Pepperoni 3 Cheeses,frozen,frozen pizza,0,afternoon,7,5,7,0.7143,0.0001,1.0,0.4143
Punjabi Tikka Masala Rich Creamy Tomato Cooking Sauce,international,indian foods,0,afternoon,7,5,7,0.7143,0.0001,1.0,0.4143
Rainbow Berry Sour Candy,snacks,candy chocolate,0,afternoon,7,5,7,0.7143,0.0001,1.0,0.4143
Refreshe Cola,beverages,soft drinks,0,afternoon,7,5,7,0.7143,0.0001,1.0,0.4143
Rice Sides Mushroom Side Meal,dry goods pasta,instant foods,0,afternoon,7,5,7,0.7143,0.0001,1.0,0.4143
Split Pea & Ham with Natural Smoke Flavor RTS Soup,canned goods,soup broth bouillon,0,afternoon,7,5,7,0.7143,0.0001,1.0,0.4143
Stain Remover Refill,household,laundry,0,afternoon,7,5,7,0.7143,0.0001,1.0,0.4143
Swirls Mozzarella with Aged Cheddar Cheese String Cheese Sticks,dairy eggs,packaged cheese,0,afternoon,7,5,7,0.7143,0.0001,1.0,0.4143
Tequila Lime Chicken Wings,frozen,frozen meat seafood,0,afternoon,7,5,7,0.7143,0.0001,1.0,0.4143
Hard-Boiled Eggs,dairy eggs,eggs,0,afternoon,96,77,96,0.8021,0.0019,0.8624,0.414
"Waffle, Honey Flavor",snacks,energy granola bars,0,afternoon,5,5,5,1.0,0.0001,0.5695,0.4139
Savory Shreds with Salmon in Sauce Cat Food,pets,cat food care,0,afternoon,14,12,14,0.8571,0.0003,0.7819,0.4136
Oven Roasted Turkey,deli,lunch meat,0,afternoon,1492,1127,1492,0.7554,0.0294,0.8608,0.4135
SmartBlend Classic Ground Chicken & Brown Rice Entree Adult Dog Food,pets,dog food care,0,afternoon,4,4,4,1.0,0.0001,0.5672,0.4135
Organic Yerba Mate Traditional,beverages,energy sports drinks,0,afternoon,83,70,83,0.8434,0.0016,0.7972,0.4133
Rehab Lemonade Tea,beverages,energy sports drinks,0,afternoon,17,14,17,0.8235,0.0003,0.8305,0.4133
Olive Oil Sea Salt Bar,snacks,candy chocolate,0,afternoon,7,7,7,1.0,0.0001,0.5655,0.4132
Organic Red Onion,produce,fresh vegetables,0,afternoon,7813,4746,7813,0.6074,0.1539,0.7702,0.4132
Cage Free Large White Eggs,dairy eggs,eggs,0,afternoon,1325,978,1325,0.7381,0.0261,0.8929,0.4131
"Milk, Goat",dairy eggs,milk,0,afternoon,24,21,24,0.875,0.0005,0.7509,0.4129
Organic Unsweetened Almond Milk,dairy eggs,soy lactosefree,0,afternoon,5768,4272,5768,0.7406,0.1136,0.6689,0.4128
Free & Clear Unscented Refill Value Packs  Baby Wipes,babies,diapers wipes,0,afternoon,24,17,24,0.7083,0.0005,1.0,0.4127
G Series Perform Fierce Green Apple Sports Drink,beverages,energy sports drinks,0,afternoon,24,17,24,0.7083,0.0005,1.0,0.4127
Greek Yogurt,dairy eggs,yogurt,0,afternoon,3,3,3,1.0,0.0,0.5633,0.4127
"Sausages, Little Pork",frozen,frozen breakfast,0,afternoon,9,8,9,0.8889,0.0002,0.7299,0.4127
VitaTops Chocolate Peanut Butter Chip Muffin Tops,frozen,frozen dessert,0,afternoon,3,3,3,1.0,0.0,0.5633,0.4127
Organic Large Grade AA Brown Eggs,dairy eggs,eggs,0,afternoon,2903,2241,2903,0.772,0.0572,0.7623,0.4126
Tortilla Crusted Tilapia,frozen,frozen meat seafood,0,afternoon,11,9,11,0.8182,0.0002,0.8353,0.4126
"Protein Bar, Chocolate Coconut",snacks,energy granola bars,0,afternoon,17,13,17,0.7647,0.0003,0.9145,0.4125
Classic Blend Medium Roast Ground Coffee,beverages,coffee,0,afternoon,7,6,7,0.8571,0.0001,0.7756,0.4123
Rotini Veggie Pasta,dry goods pasta,dry pasta,0,afternoon,7,6,7,0.8571,0.0001,0.7756,0.4123
Extra Smooth Vodka,alcohol,spirits,0,afternoon,10,10,10,1.0,0.0002,0.5602,0.4121
Lipton Diet Citrus Iced Green Tea,beverages,tea,0,afternoon,34,24,34,0.7059,0.0007,1.0,0.4121
"Milk, Organic, Fat Free",dairy eggs,milk,0,afternoon,290,250,290,0.8621,0.0057,0.7531,0.4121
Guatemala Coffee,snacks,fruit vegetable snacks,0,afternoon,22,17,22,0.7727,0.0004,0.8996,0.4119
The GFB Oatmeal Raisin Bar,snacks,energy granola bars,0,afternoon,17,12,17,0.7059,0.0003,1.0,0.4119
100% Juice No Added Sugar Orange Tangerine,beverages,juice nectars,0,afternoon,4,3,4,0.75,0.0001,0.9327,0.4116
Bliss Summer Citrus Berry,beverages,energy sports drinks,0,afternoon,4,3,4,0.75,0.0001,0.9327,0.4116
Garlic Parmesan Breadsticks,frozen,frozen breads doughs,0,afternoon,4,3,4,0.75,0.0001,0.9327,0.4116
Instant Gluten Free Blueberries Strawberries & Brown Sugar Oatmeal,breakfast,hot cereal pancake mixes,0,afternoon,8,6,8,0.75,0.0001,0.9327,0.4116
Milk Chocolate Truffle Bar,snacks,candy chocolate,0,afternoon,4,3,4,0.75,0.0001,0.9327,0.4116
Multi Health Fiber Laxative Sugar Free Orange Smooth,personal care,digestion,0,afternoon,4,3,4,0.75,0.0001,0.9327,0.4116
Organic Limon Kombucha,beverages,refrigerated,0,afternoon,4,3,4,0.75,0.0001,0.9327,0.4116
Cherry Chai Yogurt,dairy eggs,yogurt,0,afternoon,8,7,8,0.875,0.0001,0.7441,0.4114
Meat Lovers Breakfast Bowl,frozen,frozen breakfast,0,afternoon,52,41,52,0.7885,0.001,0.8716,0.4114
Organic Unsweetened Soy Milk H,dairy eggs,soy lactosefree,0,afternoon,42,32,42,0.7619,0.0008,0.9122,0.4114
Honey Wheat Enriched Bread,bakery,bread,0,afternoon,702,492,702,0.7009,0.0138,0.9705,0.4113
Organic Sweet & Salty Peanut Choco Chewy Granola Bars,snacks,energy granola bars,0,afternoon,23,17,23,0.7391,0.0004,0.9465,0.4113
Natural White Organic Wine,alcohol,white wines,0,afternoon,4,4,4,1.0,0.0001,0.5556,0.4112
Single Classic Canned Meat,canned goods,canned meals beans,0,afternoon,4,4,4,1.0,0.0001,0.5556,0.4112
The Complete Cookie White Chocolate Macadamia,snacks,cookies cakes,0,afternoon,6,5,6,0.8333,0.0001,0.8058,0.4112
100% Colombian Coffee,beverages,coffee,0,afternoon,2,2,2,1.0,0.0,0.5556,0.4111
Amazake Almond Shake,beverages,refrigerated,0,afternoon,2,2,2,1.0,0.0,0.5556,0.4111
BBQ Chopped Salad,deli,prepared soups salads,0,afternoon,192,141,192,0.7344,0.0038,0.9446,0.4111
Burger Artichoke Tandoori,frozen,frozen meals,0,afternoon,2,2,2,1.0,0.0,0.5556,0.4111
Gourmet Garlic Butter Popcorn,snacks,popcorn jerky,0,afternoon,2,2,2,1.0,0.0,0.5556,0.4111
Roulette,snacks,candy chocolate,0,afternoon,2,2,2,1.0,0.0,0.5556,0.4111
Maple Honey Ham,deli,lunch meat,0,afternoon,489,398,489,0.8139,0.0096,0.8095,0.4109
Chocolate Hazelnut Non-Dairy Beverage,dairy eggs,soy lactosefree,0,afternoon,44,35,44,0.7955,0.0008,0.8589,0.4108
Organic Raw Maple Water,beverages,water seltzer sparkling water,0,afternoon,22,16,22,0.7273,0.0004,0.9621,0.4108
Organic Original Coconut Smoothie,beverages,juice nectars,0,afternoon,15,13,15,0.8667,0.0003,0.753,0.4107
Reduced Fat 1% Milk,dairy eggs,milk,0,afternoon,15,13,15,0.8667,0.0003,0.753,0.4107
Organic Turn Up Da Turkey Recipe,pets,dog food care,0,afternoon,18,13,18,0.7222,0.0003,0.9689,0.4106
Captain America Assorted Fruit Flavored Snacks,snacks,fruit vegetable snacks,0,afternoon,5,4,5,0.8,0.0001,0.8522,0.4105
Dark Chocolate Mint Nutrition Bar,snacks,energy granola bars,0,afternoon,10,8,10,0.8,0.0002,0.8522,0.4105
Organic Blue Tortilla Chips,snacks,chips pretzels,0,afternoon,5,4,5,0.8,0.0001,0.8522,0.4105
Organic Cheddar Macaroni & Cheese Dinner,dry goods pasta,instant foods,0,afternoon,5,4,5,0.8,0.0001,0.8522,0.4105
Rosehip Treatment Facial Serum Rose,personal care,skin care,0,afternoon,5,4,5,0.8,0.0001,0.8522,0.4105
Seedless Red Grapes,produce,packaged vegetables fruits,0,afternoon,8283,5409,8283,0.653,0.1632,0.6651,0.4105
Sliced Toasted Sunflower Honey Loaf,bakery,bread,0,afternoon,50,40,50,0.8,0.001,0.8501,0.4105
Spring Water,beverages,water seltzer sparkling water,0,afternoon,4888,4005,4888,0.8194,0.0963,0.5827,0.4105
Chef's Favorites Lightly Sauced Rotini & Vegetables with Oven Roasted Garlic Butter Sauce,frozen,frozen produce,0,afternoon,20,14,20,0.7,0.0004,1.0,0.4102
Chicken Parmesan,frozen,frozen meals,0,afternoon,20,14,20,0.7,0.0004,1.0,0.4102
Flamin Hot Potato Chips,snacks,chips pretzels,0,afternoon,20,14,20,0.7,0.0004,1.0,0.4102
Graduates Turkey Sticks,babies,baby food formula,0,afternoon,20,14,20,0.7,0.0004,1.0,0.4102
Pop-Tarts Frosted Red Velvet Toaster Pastries,breakfast,breakfast bars pastries,0,afternoon,20,14,20,0.7,0.0004,1.0,0.4102
Sea Salt Kettle Chips,snacks,chips pretzels,0,afternoon,20,14,20,0.7,0.0004,1.0,0.4102
Brut Rose Champagne,alcohol,specialty wines champagnes,0,afternoon,8,8,8,1.0,0.0001,0.55,0.4101
Colby Cheese Block,dairy eggs,packaged cheese,0,afternoon,10,7,10,0.7,0.0002,1.0,0.4101
Dry Black Beans,canned goods,canned meals beans,0,afternoon,10,7,10,0.7,0.0002,1.0,0.4101
Flax All Natural Roll Ups 8 Ct.,bakery,buns rolls,0,afternoon,10,7,10,0.7,0.0002,1.0,0.4101
Gluten Free Mushroom Ravioli,frozen,frozen meals,0,afternoon,10,7,10,0.7,0.0002,1.0,0.4101
Light & Fit Crunch Strawberry Cheesecake Yogurt,dairy eggs,yogurt,0,afternoon,8,8,8,1.0,0.0001,0.55,0.4101
Medium Cheddar,dairy eggs,specialty cheeses,0,afternoon,10,7,10,0.7,0.0002,1.0,0.4101
Mini Spaghetti & Meatballs,canned goods,canned meals beans,0,afternoon,10,7,10,0.7,0.0002,1.0,0.4101
Pure Black Cherry Juice,beverages,juice nectars,0,afternoon,10,7,10,0.7,0.0002,1.0,0.4101
Smoked Ham Off The Bone,meat seafood,meat counter,0,afternoon,10,7,10,0.7,0.0002,1.0,0.4101
Triple Chocolate Chip Cookies,snacks,cookies cakes,0,afternoon,10,7,10,0.7,0.0002,1.0,0.4101
Vanilla Energy Waffle,snacks,energy granola bars,0,afternoon,10,7,10,0.7,0.0002,1.0,0.4101
Vodka Mandrin,alcohol,spirits,0,afternoon,10,7,10,0.7,0.0002,1.0,0.4101
Tots Greek Banana Pumpkin/Mango Spinch,dairy eggs,yogurt,0,afternoon,12,11,12,0.9167,0.0002,0.6742,0.41
Classic with Tuna Anchovies & Whitefish Cat Food,pets,cat food care,0,afternoon,7,6,7,0.8571,0.0001,0.7633,0.4099
"Licorice, Bite-Size, Strawberry & Green Apple",snacks,candy chocolate,0,afternoon,22,17,22,0.7727,0.0004,0.8891,0.4098
Belgian Chocolate Reduced Fat Milk,dairy eggs,milk,0,afternoon,87,70,87,0.8046,0.0017,0.8372,0.4097
Genoa Salame,meat seafood,hot dogs bacon sausage,0,afternoon,3,3,3,1.0,0.0,0.5482,0.4097
Greek Yogurt Strawberry Protein Chewy Bars,snacks,energy granola bars,0,afternoon,3,3,3,1.0,0.0,0.5482,0.4097
Organic Almonds Sprouted In Orange Juice,snacks,nuts seeds dried fruit,0,afternoon,6,6,6,1.0,0.0001,0.5482,0.4097
"Cottage Cheese, Natural Small Curd, 4% Milkfat Min",dairy eggs,other creams cheeses,0,afternoon,39,32,39,0.8205,0.0007,0.8155,0.4096
Raspberry Vinaigrette Salad Snax,snacks,fruit vegetable snacks,0,afternoon,7,7,7,1.0,0.0001,0.5461,0.4093
Organic Large Brown Eggs,dairy eggs,eggs,0,afternoon,1723,1323,1723,0.7678,0.0339,0.809,0.4091
Vanilla Sparkling Energy Water,beverages,energy sports drinks,0,afternoon,46,39,46,0.8478,0.0009,0.7718,0.4091
Egg,bakery,breakfast bakery,0,afternoon,26,19,26,0.7308,0.0005,0.9474,0.409
Italian Sparkling Mineral Water,beverages,water seltzer sparkling water,0,afternoon,3193,2541,3193,0.7958,0.0629,0.694,0.409
Blueberry Crisp Energy Bars,snacks,energy granola bars,0,afternoon,4,4,4,1.0,0.0001,0.5445,0.4089
Organic Refried Pinto Beans,canned goods,soup broth bouillon,0,afternoon,23,16,23,0.6957,0.0004,1.0,0.4089
Chicken & Brown Rice Premium Dog Food,pets,dog food care,0,afternoon,20,14,20,0.7,0.0004,0.9928,0.4088
Organic Cilantro,produce,fresh herbs,0,afternoon,7914,4734,7914,0.5982,0.1559,0.756,0.4086
Asiago Cheese Ciabatta Croutons,pantry,salad dressing toppings,0,afternoon,8,6,8,0.75,0.0001,0.9172,0.4085
Bliss Reduce Stress White Raspberry,beverages,juice nectars,0,afternoon,5,5,5,1.0,0.0001,0.5424,0.4085
Half-Cut Kosher Pickles Dill,pantry,pickled goods olives,0,afternoon,8,6,8,0.75,0.0001,0.9172,0.4085
"Sausage, Kielbasa, Polish",meat seafood,hot dogs bacon sausage,0,afternoon,10,8,10,0.8,0.0002,0.8418,0.4085
24 Hr Acid Reducer,personal care,digestion,0,afternoon,6,5,6,0.8333,0.0001,0.7904,0.4081
Crispy Ridges Lay's Ridges,snacks,chips pretzels,0,afternoon,6,5,6,0.8333,0.0001,0.7904,0.4081
Lime Tangerine Yerba Mate Shot,personal care,vitamins supplements,0,afternoon,30,23,30,0.7667,0.0006,0.8887,0.408
Organic Blueberries,produce,packaged vegetables fruits,0,afternoon,9770,5933,9770,0.6073,0.1925,0.6477,0.408
Chillin' Chicken Recipe,pets,dog food care,0,afternoon,26,18,26,0.6923,0.0005,1.0,0.4079
Ocean Whitefish & Tuna in Sauce Prime Filets Wet Cat Food,pets,cat food care,0,afternoon,23,17,23,0.7391,0.0004,0.9299,0.4079
0% Milkfat Greek Yogurt Honey,dairy eggs,yogurt,0,afternoon,13,9,13,0.6923,0.0002,1.0,0.4078
All Natural Gluten Free Spinach and Mushroom Egg White Omelette,frozen,frozen meals,0,afternoon,13,9,13,0.6923,0.0002,1.0,0.4078
Cinnamon Babka,bakery,bakery desserts,0,afternoon,13,9,13,0.6923,0.0002,1.0,0.4078
Garlic Thyme Baked Crackers,snacks,crackers,0,afternoon,13,9,13,0.6923,0.0002,1.0,0.4078
Organic Energy Drink Island Fruit Flavor,beverages,energy sports drinks,0,afternoon,13,9,13,0.6923,0.0002,1.0,0.4078
Organic Steve's Smooth French Coffee,beverages,coffee,0,afternoon,13,9,13,0.6923,0.0002,1.0,0.4078
Singles 1% Lowfat Cottage Cheese,dairy eggs,other creams cheeses,0,afternoon,13,9,13,0.6923,0.0002,1.0,0.4078
Squeez Yogurt Berry,canned goods,canned fruit applesauce,0,afternoon,13,9,13,0.6923,0.0002,1.0,0.4078
Stone Fired Pepperoni Pizza,frozen,frozen pizza,0,afternoon,13,9,13,0.6923,0.0002,1.0,0.4078
Almond Plus Vanilla Almond Milk,dairy eggs,soy lactosefree,0,afternoon,18,13,18,0.7222,0.0003,0.9541,0.4077
Organic Small Bunch Celery,produce,fresh vegetables,0,afternoon,7605,4632,7605,0.6091,0.1498,0.7504,0.4077
Green Bell Pepper,produce,fresh vegetables,0,afternoon,6693,4027,6693,0.6017,0.1319,0.8058,0.4076
Roasted Jalapeno Tortilla Chips,snacks,chips pretzels,0,afternoon,11,9,11,0.8182,0.0002,0.8086,0.4073
Sidekicks Chocolate Shake,babies,baby food formula,0,afternoon,11,10,11,0.9091,0.0002,0.6722,0.4073
Mandarins in Orange Gel Fruit Bowls,canned goods,canned fruit applesauce,0,afternoon,22,16,22,0.7273,0.0004,0.9442,0.4072
Tuscan Kale & Quinoa Salad,deli,prepared soups salads,0,afternoon,333,250,333,0.7508,0.0065,0.8934,0.4072
Grain Free Chicken Carrots & Peas Ground Wet Dog Food,pets,dog food care,0,afternoon,16,12,16,0.75,0.0003,0.9097,0.4071
Cinnamon Raisin Granola,breakfast,granola,0,afternoon,54,42,54,0.7778,0.001,0.8656,0.407
"Milk, Organic, Vitamin D",dairy eggs,milk,0,afternoon,1940,1667,1940,0.8593,0.0382,0.6504,0.407
16 Year Single Malt Scotch Whisky,alcohol,spirits,0,afternoon,2,2,2,1.0,0.0,0.5339,0.4068
8 oz Dofino Havarti Light,dairy eggs,specialty cheeses,0,afternoon,1,1,1,1.0,0.0,0.5339,0.4068
Albacore Tuna in Water Lunch To-Go Mix Your Own Kit,canned goods,canned meat seafood,0,afternoon,1,1,1,1.0,0.0,0.5339,0.4068
Alexander Valley Cabernet Sauvignon,alcohol,red wines,0,afternoon,1,1,1,1.0,0.0,0.5339,0.4068
Anderson Valley Pinot Noir,alcohol,red wines,0,afternoon,1,1,1,1.0,0.0,0.5339,0.4068
Andouille Smoked Pork Sausage,meat seafood,hot dogs bacon sausage,0,afternoon,1,1,1,1.0,0.0,0.5339,0.4068
Baby Naturals Gel For Teething Pain Relief,other,other,0,afternoon,2,2,2,1.0,0.0,0.5339,0.4068
Beef & Cheese Flavor Dog Snacks,pets,dog food care,0,afternoon,1,1,1,1.0,0.0,0.5339,0.4068
Boston Conditioning Contact Lens Solution,personal care,eye ear care,0,afternoon,1,1,1,1.0,0.0,0.5339,0.4068
Brainon Unflavored,personal care,vitamins supplements,0,afternoon,2,2,2,1.0,0.0,0.5339,0.4068
Chamomile & Calendula Calming Baby Oil,babies,baby bath body care,0,afternoon,1,1,1,1.0,0.0,0.5339,0.4068
Chocolate Bar White Chocolate Hazelnut,snacks,candy chocolate,0,afternoon,2,2,2,1.0,0.0,0.5339,0.4068
Chocolate Malted Milk Mix,beverages,cocoa drink mixes,0,afternoon,1,1,1,1.0,0.0,0.5339,0.4068
Color Reflect Gold Shampoo,personal care,hair care,0,afternoon,1,1,1,1.0,0.0,0.5339,0.4068
Cooling After Shave,personal care,shave needs,0,afternoon,1,1,1,1.0,0.0,0.5339,0.4068
Dark Chocolate Truffle Pig Bar,snacks,candy chocolate,0,afternoon,1,1,1,1.0,0.0,0.5339,0.4068
"Diapers, Size 4",babies,diapers wipes,0,afternoon,1,1,1,1.0,0.0,0.5339,0.4068
Egg With Sausage And Cheese Burrito,frozen,frozen meals,0,afternoon,1,1,1,1.0,0.0,0.5339,0.4068
For Men Odor Armor Body Wash,personal care,body lotions soap,0,afternoon,1,1,1,1.0,0.0,0.5339,0.4068
Fruit Gushers Hawaiian Punch Fruit Flavored Snacks,snacks,fruit vegetable snacks,0,afternoon,1,1,1,1.0,0.0,0.5339,0.4068
Gentle Glide Unscented Super Tampons,personal care,feminine care,0,afternoon,1,1,1,1.0,0.0,0.5339,0.4068
Gluten-Free & Non-Dairy Ginger Cookies,snacks,cookies cakes,0,afternoon,5,5,5,1.0,0.0001,0.5339,0.4068
"Gummies Power Sours Strawberry, Pineapple, Raspberry & Lemon Flavors",personal care,vitamins supplements,0,afternoon,2,2,2,1.0,0.0,0.5339,0.4068
Gummy Bears Snack Packs,snacks,fruit vegetable snacks,0,afternoon,1,1,1,1.0,0.0,0.5339,0.4068
Hazelnut Macchiato Gourmet Coffee Creamer,dairy eggs,cream,0,afternoon,1,1,1,1.0,0.0,0.5339,0.4068
Heat & Eat Containers,household,food storage,0,afternoon,1,1,1,1.0,0.0,0.5339,0.4068
Herb And Spices Havarti,dairy eggs,packaged cheese,0,afternoon,1,1,1,1.0,0.0,0.5339,0.4068
Hi-Chew Fruit Chews Green Apple,international,asian foods,0,afternoon,3,3,3,1.0,0.0,0.5339,0.4068
Honest Diapers Size 3,babies,diapers wipes,0,afternoon,1,1,1,1.0,0.0,0.5339,0.4068
Hot Cocoa Mix With Marshmallows,beverages,cocoa drink mixes,0,afternoon,1,1,1,1.0,0.0,0.5339,0.4068
"Iced Tea, Peach",beverages,tea,0,afternoon,1,1,1,1.0,0.0,0.5339,0.4068
Lemon Poppy Seed Muffins,snacks,nuts seeds dried fruit,0,afternoon,2,2,2,1.0,0.0,0.5339,0.4068
Low Fat Vanilla Cereal,breakfast,cereal,0,afternoon,1,1,1,1.0,0.0,0.5339,0.4068
Medium Ripe Olives Pittes,pantry,pickled goods olives,0,afternoon,1,1,1,1.0,0.0,0.5339,0.4068
Medium to Firm Hold Hair Styling Foam,personal care,hair care,0,afternoon,1,1,1,1.0,0.0,0.5339,0.4068
Moisturizing Shave Cream Raspberry Mist,personal care,shave needs,0,afternoon,1,1,1,1.0,0.0,0.5339,0.4068
Naan Crisps Original,bakery,bread,0,afternoon,1,1,1,1.0,0.0,0.5339,0.4068
Organic Lowfat Milk 1% Milkfat,dairy eggs,milk,0,afternoon,1,1,1,1.0,0.0,0.5339,0.4068
"Organic Super Apple, Blueberry & Pomegranate Blended Fruit Snack Pouch",babies,baby food formula,0,afternoon,1,1,1,1.0,0.0,0.5339,0.4068
Original Complete Nutritional Drink Creamy Strawberry,personal care,protein meal replacements,0,afternoon,1,1,1,1.0,0.0,0.5339,0.4068
"Palmetto Cheese, Pimiento Cheese with Bacon",dairy eggs,other creams cheeses,0,afternoon,2,2,2,1.0,0.0,0.5339,0.4068
Pasta Sauce Artichoke & Garlic,dry goods pasta,pasta sauce,0,afternoon,1,1,1,1.0,0.0,0.5339,0.4068
Peanut Butter Soft-Baked Cookies,snacks,cookies cakes,0,afternoon,1,1,1,1.0,0.0,0.5339,0.4068
Peppermint Herbal Tea,beverages,tea,0,afternoon,2,2,2,1.0,0.0,0.5339,0.4068
Pink Lemonade Liquid Drink Enhancer,missing,missing,0,afternoon,2,2,2,1.0,0.0,0.5339,0.4068
Plus Oxi & Zout Fresh Morning Burst,household,laundry,0,afternoon,2,2,2,1.0,0.0,0.5339,0.4068
Pocket Pearl Regular Tampons,personal care,feminine care,0,afternoon,1,1,1,1.0,0.0,0.5339,0.4068
Pomegranate Flavored Licorice,snacks,candy chocolate,0,afternoon,2,2,2,1.0,0.0,0.5339,0.4068
Porcini Mushroom Israeli Couscous,dry goods pasta,grains rice dried goods,0,afternoon,1,1,1,1.0,0.0,0.5339,0.4068
Pork Sausgae Patties Original,meat seafood,hot dogs bacon sausage,0,afternoon,2,2,2,1.0,0.0,0.5339,0.4068
Pure Lemonade On the Go,beverages,cocoa drink mixes,0,afternoon,1,1,1,1.0,0.0,0.5339,0.4068
Recover Peanut Butter Chocolate Protein Shake,beverages,energy sports drinks,0,afternoon,1,1,1,1.0,0.0,0.5339,0.4068
Refresher Strawberry Lemonade,beverages,energy sports drinks,0,afternoon,1,1,1,1.0,0.0,0.5339,0.4068
Sea Algae Serum,personal care,skin care,0,afternoon,1,1,1,1.0,0.0,0.5339,0.4068
Sesame Chicken Stir-Fry Skillet Sauce,pantry,marinades meat preparation,0,afternoon,1,1,1,1.0,0.0,0.5339,0.4068
Size 3 Cruisers Super Pack,babies,diapers wipes,0,afternoon,2,2,2,1.0,0.0,0.5339,0.4068
"Soup! Mix, Baked Burgundy French Onion",canned goods,soup broth bouillon,0,afternoon,1,1,1,1.0,0.0,0.5339,0.4068
Steak & Dippin' Sauce,pantry,marinades meat preparation,0,afternoon,1,1,1,1.0,0.0,0.5339,0.4068
Suavitel Soothing Lavender Fabric Conditioner,household,laundry,0,afternoon,1,1,1,1.0,0.0,0.5339,0.4068
Supreme Pizza Bites,frozen,frozen appetizers sides,0,afternoon,1,1,1,1.0,0.0,0.5339,0.4068
Sweat Peas No Salt Added,canned goods,canned jarred vegetables,0,afternoon,1,1,1,1.0,0.0,0.5339,0.4068
Tea House Organic Black Tea With Lemon & Honeysuckle,beverages,tea,0,afternoon,1,1,1,1.0,0.0,0.5339,0.4068
The Original Vodka Sauce,dry goods pasta,pasta sauce,0,afternoon,2,2,2,1.0,0.0,0.5339,0.4068
Traditional Masala Chai,beverages,cocoa drink mixes,0,afternoon,1,1,1,1.0,0.0,0.5339,0.4068
Travel Unscented Wipes,babies,diapers wipes,0,afternoon,1,1,1,1.0,0.0,0.5339,0.4068
Tri-Vi-Sol® Vitamins A-C-and D Supplement Drops for Infants,personal care,vitamins supplements,0,afternoon,1,1,1,1.0,0.0,0.5339,0.4068
Tulsi Breakfast Tea,beverages,tea,0,afternoon,1,1,1,1.0,0.0,0.5339,0.4068
Unsweetened Organic Drinking Chocolate,beverages,cocoa drink mixes,0,afternoon,1,1,1,1.0,0.0,0.5339,0.4068
Vanilla Cherry Pecan Muesli,breakfast,granola,0,afternoon,2,2,2,1.0,0.0,0.5339,0.4068
Vanilla Cola,beverages,soft drinks,0,afternoon,1,1,1,1.0,0.0,0.5339,0.4068
"Veggies On-the-Go, Stage 2 (6 Months and Up), Pumpkin, Zucchini & Apple Blend",babies,baby food formula,0,afternoon,1,1,1,1.0,0.0,0.5339,0.4068
Vitamin D3 Cholecalciferol 1000 IU,personal care,vitamins supplements,0,afternoon,1,1,1,1.0,0.0,0.5339,0.4068
Whipped Shea Butter For Lips With Raspberry Seed,personal care,soap,0,afternoon,1,1,1,1.0,0.0,0.5339,0.4068
White Paraffin Wax Shabbat Candles,household,air fresheners candles,0,afternoon,2,2,2,1.0,0.0,0.5339,0.4068
Whole Beets,canned goods,canned jarred vegetables,0,afternoon,1,1,1,1.0,0.0,0.5339,0.4068
Yellow Freestone Peaches Slices in Heavy Syrup,canned goods,canned fruit applesauce,0,afternoon,1,1,1,1.0,0.0,0.5339,0.4068
You're My Boy Blueberry Bourbon Jam,pantry,spreads,0,afternoon,1,1,1,1.0,0.0,0.5339,0.4068
Natural Lemon Flavor Sparkling Mineral Water,beverages,water seltzer sparkling water,0,afternoon,267,202,267,0.7566,0.0052,0.8855,0.4067
Protein Energy Bar Original French Vanilla Creme,snacks,energy granola bars,0,afternoon,35,28,35,0.8,0.0007,0.8317,0.4067
White Enriched Bread,bakery,bread,0,afternoon,88,65,88,0.7386,0.0017,0.9214,0.4067
All Natural Sausage Fully Cooked - 6 CT,frozen,frozen breakfast,0,afternoon,32,22,32,0.6875,0.0006,1.0,0.4066
Graduates Lil' Meals Spaghetti Rings In Meat Sauce,babies,baby food formula,0,afternoon,32,22,32,0.6875,0.0006,1.0,0.4066
Pasta Sides Butter Flavor Fettuccini,dry goods pasta,instant foods,0,afternoon,14,10,14,0.7143,0.0003,0.9604,0.4065
2 Ply Ultra Absorbent Paper Towel Rolls,household,paper goods,0,afternoon,5,4,5,0.8,0.0001,0.8317,0.4064
Beef Sausage Snack Sticks,snacks,popcorn jerky,0,afternoon,5,4,5,0.8,0.0001,0.8317,0.4064
Brown Fertile Large Grade AA Eggs,dairy eggs,eggs,0,afternoon,544,428,544,0.7868,0.0107,0.825,0.4064
Organic Protein Shake French Vanilla,personal care,protein meal replacements,0,afternoon,16,11,16,0.6875,0.0003,1.0,0.4064
Prime Cuts Homestyle With Beef In Gravy Dog Food,pets,dog food care,0,afternoon,5,4,5,0.8,0.0001,0.8317,0.4064
"Tender white meat chicken, vegetables & rice in a cheddar cheese sauce Grandma's Chicken & Vegetable Rice Bake",frozen,frozen meals,0,afternoon,5,4,5,0.8,0.0001,0.8317,0.4064
With Stainlifters Oxi 79 Loads Laundry Detergent,household,laundry,0,afternoon,5,4,5,0.8,0.0001,0.8317,0.4064
Chocolate Brownie Kid Z Bar,snacks,energy granola bars,0,afternoon,134,95,134,0.709,0.0026,0.9617,0.4063
Organic Iced Black Tea,beverages,tea,0,afternoon,80,66,80,0.825,0.0016,0.79,0.4063
Organic Tomato Cluster,produce,fresh vegetables,0,afternoon,6997,4463,6997,0.6378,0.1378,0.7303,0.4063
All Natural Whole Grain Ancient 12 Grains Bread,bakery,bread,0,afternoon,57,42,57,0.7368,0.0011,0.9229,0.4062
Artisanal Nonfat Coffee Greek Yogurt,dairy eggs,yogurt,0,afternoon,33,24,33,0.7273,0.0006,0.9384,0.4062
Sliced Chicken Feast in Gravy Cat Food,pets,cat food care,0,afternoon,14,11,14,0.7857,0.0003,0.8507,0.406
Passion Punch,beverages,juice nectars,0,afternoon,9,7,9,0.7778,0.0002,0.8617,0.4057
Hot Stuff Potato Chips,snacks,chips pretzels,0,afternoon,21,16,21,0.7619,0.0004,0.8844,0.4056
"Mashed Potatoes, Organic, Home Style",dry goods pasta,instant foods,0,afternoon,13,9,13,0.6923,0.0002,0.989,0.4056
Medium Organic Salsa,deli,fresh dips tapenades,0,afternoon,11,9,11,0.8182,0.0002,0.8001,0.4056
Dusted Dark Chocolate Popcorn,snacks,popcorn jerky,0,afternoon,4,3,4,0.75,0.0001,0.9023,0.4055
Home Style Gravy,dry goods pasta,pasta sauce,0,afternoon,4,3,4,0.75,0.0001,0.9023,0.4055
Kick Start Energizing Fruit Punch Sparkling Juice Beverage,beverages,energy sports drinks,0,afternoon,23,19,23,0.8261,0.0004,0.7871,0.4055
Kipper Snack,canned goods,canned meat seafood,0,afternoon,4,3,4,0.75,0.0001,0.9023,0.4055
My Community Immune Support Dietary Supplement,personal care,vitamins supplements,0,afternoon,4,3,4,0.75,0.0001,0.9023,0.4055
Organic Nuts & Coconut Milks Blend,dairy eggs,soy lactosefree,0,afternoon,4,3,4,0.75,0.0001,0.9023,0.4055
Organic Pearfecto Level 1 Baby Food,babies,baby food formula,0,afternoon,63,51,63,0.8095,0.0012,0.8103,0.4055
Turkey Sausage Snack Sticks,snacks,popcorn jerky,0,afternoon,4,3,4,0.75,0.0001,0.9023,0.4055
Fusilli No 48 Pasta,dry goods pasta,dry pasta,0,afternoon,19,13,19,0.6842,0.0004,1.0,0.4054
Organic Broccoli,produce,fresh vegetables,0,afternoon,4367,3078,4367,0.7048,0.086,0.7547,0.4054
Red Vine Tomato,produce,fresh vegetables,0,afternoon,6249,3955,6249,0.6329,0.1231,0.77,0.4054
82% Dark Chocolate Bar with Bourbon,snacks,candy chocolate,0,afternoon,6,5,6,0.8333,0.0001,0.7756,0.4052
Almond Stuffed Green Olives,pantry,pickled goods olives,0,afternoon,6,5,6,0.8333,0.0001,0.7756,0.4052
Blue Corn Tortilla,bakery,tortillas flat bread,0,afternoon,27,19,27,0.7037,0.0005,0.9689,0.4052
Dark Chocolate Espresso Skinny Dipped Almonds,snacks,nuts seeds dried fruit,0,afternoon,7,6,7,0.8571,0.0001,0.7399,0.4052
Butter Top Wheat Bread,bakery,bread,0,afternoon,73,59,73,0.8082,0.0014,0.8092,0.405
100% Oatnut Bread,bakery,bread,0,afternoon,354,279,354,0.7881,0.007,0.8248,0.4049
"Cabernet Sauvignon, Mendoza, Argentina, 2009",alcohol,red wines,0,afternoon,4,4,4,1.0,0.0001,0.5236,0.4048
Cheddar/Pretzel/Grahams Vanilla Cupcake Variety Pack Baked Snack Crackers/Baked Graham Snacks,snacks,chips pretzels,0,afternoon,4,4,4,1.0,0.0001,0.5236,0.4048
Cracked Wheat,bakery,bread,0,afternoon,22,15,22,0.6818,0.0004,1.0,0.4048
Dark Roast Coffee,beverages,refrigerated,0,afternoon,22,15,22,0.6818,0.0004,1.0,0.4048
Sonoma Handmade Style Corn Tortillas,bakery,tortillas flat bread,0,afternoon,570,417,570,0.7316,0.0112,0.8987,0.4048
"Organic Cherry, Chia, and Vanilla Granola",breakfast,granola,0,afternoon,9,8,9,0.8889,0.0002,0.6892,0.4046
Organix Butcher & Bushel Grain-Gree Turkey & Chicken Dog Food,pets,dog food care,0,afternoon,27,22,27,0.8148,0.0005,0.7989,0.4045
Organic Raspberry Mate Energy Drink,beverages,tea,0,afternoon,45,39,45,0.8667,0.0009,0.7197,0.4044
79% Virgin Chocolate Yacon Cane Sugar Free Bar,snacks,candy chocolate,0,afternoon,3,3,3,1.0,0.0,0.5203,0.4041
Asian Yogurt Mango & Coconut,dairy eggs,yogurt,0,afternoon,21,15,21,0.7143,0.0004,0.9479,0.4041
Fresh Cured Green Ripe Medium Pitted Olives,pantry,pickled goods olives,0,afternoon,3,3,3,1.0,0.0,0.5203,0.4041
Super Natural Organic Reduced Fat 2% Milk,dairy eggs,milk,0,afternoon,80,59,80,0.7375,0.0016,0.9097,0.404
Tuna & Egg Flaked Cat Food,pets,cat food care,0,afternoon,22,18,22,0.8182,0.0004,0.7918,0.404
Brain Toniq,beverages,energy sports drinks,0,afternoon,13,11,13,0.8462,0.0002,0.7496,0.4039
Zero Cream Soda,beverages,soft drinks,0,afternoon,11,9,11,0.8182,0.0002,0.7918,0.4039
Very Vanilla Soymilk Singles,dairy eggs,soy lactosefree,0,afternoon,28,19,28,0.6786,0.0005,1.0,0.4038
Organic Italian Peeled Tomatoes,canned goods,canned jarred vegetables,0,afternoon,12,9,12,0.75,0.0002,0.8926,0.4036
Original Thin Sausage & Pepperoni Pizza,frozen,frozen pizza,0,afternoon,74,50,74,0.6757,0.0014,1.0,0.4034
Advantage Mocha Latte Shakes,personal care,protein meal replacements,0,afternoon,16,11,16,0.6875,0.0003,0.9823,0.4029
Complete Multivitamin Supplement Tablets for Children,personal care,vitamins supplements,0,afternoon,7,6,7,0.8571,0.0001,0.7287,0.4029
Arbequina Extra Virgin Olive Oil,pantry,oils vinegars,0,afternoon,2,2,2,1.0,0.0,0.5137,0.4028
Cherry 100% Juice,beverages,juice nectars,0,afternoon,2,2,2,1.0,0.0,0.5137,0.4028
Discreet Incontinence Pads Maximum Long Length,personal care,feminine care,0,afternoon,2,2,2,1.0,0.0,0.5137,0.4028
"Gluten Free Granola, Nutty Cranberry Maple, Family Value Size",breakfast,granola,0,afternoon,2,2,2,1.0,0.0,0.5137,0.4028
Little Champions Variety Pack Dog Food,pets,dog food care,0,afternoon,4,4,4,1.0,0.0001,0.5137,0.4028
Niblets Corn Steamers,frozen,frozen produce,0,afternoon,2,2,2,1.0,0.0,0.5137,0.4028
Nutter Butter Peanut Butter Creme Patties,snacks,cookies cakes,0,afternoon,2,2,2,1.0,0.0,0.5137,0.4028
Organic French Roast Coffee Beans,beverages,coffee,0,afternoon,2,2,2,1.0,0.0,0.5137,0.4028
Peanut Butter Cups Stuffed with Pieces Candy,missing,missing,0,afternoon,2,2,2,1.0,0.0,0.5137,0.4028
Red Currants,produce,fresh fruits,0,afternoon,2,2,2,1.0,0.0,0.5137,0.4028
Roasted Turkey,deli,lunch meat,0,afternoon,1294,941,1294,0.7272,0.0255,0.8596,0.4028
Southwest Turkey Breast,meat seafood,packaged meat,0,afternoon,2,2,2,1.0,0.0,0.5137,0.4028
Sweet Tea Slow Brewed Iced Tea,beverages,tea,0,afternoon,22,17,22,0.7727,0.0004,0.8541,0.4028
Whole Kalamata Olives,pantry,pickled goods olives,0,afternoon,2,2,2,1.0,0.0,0.5137,0.4028
With 32mg DHA Omega-3 Soymilk,dairy eggs,soy lactosefree,0,afternoon,2,2,2,1.0,0.0,0.5137,0.4028
"Adult Grain-Free Duck, Sweet Potatoes & Whole Peas Entree Dog Food",pets,dog food care,0,afternoon,7,5,7,0.7143,0.0001,0.9417,0.4027
All Natural Whole Grain Blueberry Pancakes,frozen,frozen breakfast,0,afternoon,15,11,15,0.7333,0.0003,0.9122,0.4026
Organic Milk,dairy eggs,milk,0,afternoon,2723,2218,2723,0.8145,0.0536,0.6573,0.4026
Sweet Belgian Style Waffles Cinnamon Swirl,frozen,frozen breakfast,0,afternoon,19,16,19,0.8421,0.0004,0.7489,0.4026
Sweet Peas Single Serve Bags,frozen,frozen produce,0,afternoon,25,21,25,0.84,0.0005,0.7519,0.4026
Concord Grape Light Juice Drink,beverages,juice nectars,0,afternoon,5,4,5,0.8,0.0001,0.8121,0.4025
"Dog Treats, Lamb Formula",pets,dog food care,0,afternoon,5,4,5,0.8,0.0001,0.8121,0.4025
Zero Calorie Orange Flavored Sports Drink,beverages,energy sports drinks,0,afternoon,32,26,32,0.8125,0.0006,0.7923,0.4025
Fine Champagne Cognac,alcohol,spirits,0,afternoon,6,5,6,0.8333,0.0001,0.7613,0.4023
Long Ultimate Absorbency,personal care,feminine care,0,afternoon,6,5,6,0.8333,0.0001,0.7613,0.4023
Napa Reserves Cabernet Sauvignon,alcohol,red wines,0,afternoon,6,5,6,0.8333,0.0001,0.7613,0.4023
"Pasta Sauce, Homestyle, Meatless, Quart Size",dry goods pasta,pasta sauce,0,afternoon,6,5,6,0.8333,0.0001,0.7613,0.4023
Whole Button Mushrooms,canned goods,canned jarred vegetables,0,afternoon,6,5,6,0.8333,0.0001,0.7613,0.4023
Healthy Kids Organic Vanilla Nutritional Shake,babies,baby food formula,0,afternoon,38,34,38,0.8947,0.0007,0.6667,0.4021
Townhouse Flip Sides Pretzel Crackers Original,snacks,crackers,0,afternoon,5,5,5,1.0,0.0001,0.5099,0.402
Sea Salt Bean & Rice Chips,snacks,chips pretzels,0,afternoon,14,12,14,0.8571,0.0003,0.7232,0.4019
1% Lowfat Organic Milk,dairy eggs,milk,0,afternoon,44,32,44,0.7273,0.0008,0.9158,0.4018
100% Strawberry Fruit Strip,pantry,honeys syrups nectars,0,afternoon,12,9,12,0.75,0.0002,0.8831,0.4017
Pinwheels Fudge & Marshmallow Cookies,snacks,cookies cakes,0,afternoon,12,11,12,0.9167,0.0002,0.6327,0.4017
Beyond Grain Free Wild Salmon Recipe Wet Cat Food,pets,cat food care,0,afternoon,26,20,26,0.7692,0.0005,0.853,0.4016
Tuna Noodle Casserole,frozen,frozen meals,0,afternoon,22,16,22,0.7273,0.0004,0.9158,0.4016
2 Ply Bathroom Tissue Rolls,household,paper goods,0,afternoon,37,28,37,0.7568,0.0007,0.8708,0.4015
Baba Black Lager,alcohol,beers coolers,0,afternoon,3,3,3,1.0,0.0,0.5073,0.4015
Blonde Veranda Blend Ground Coffee,beverages,coffee,0,afternoon,3,3,3,1.0,0.0,0.5073,0.4015
Chicken Stir-Fry,frozen,frozen meals,0,afternoon,3,3,3,1.0,0.0,0.5073,0.4015
Currants & Almonds in Dark Chocolate Bar,snacks,candy chocolate,0,afternoon,18,15,18,0.8333,0.0003,0.7566,0.4015
G2 Glacier Freeze Drink,beverages,energy sports drinks,0,afternoon,45,31,45,0.6889,0.0009,0.9719,0.4015
Rehab Energy Iced Tea + Pink Lemonade + Energy,beverages,energy sports drinks,0,afternoon,11,10,11,0.9091,0.0002,0.6435,0.4015
Duke Medium Roast Cold Brew Coffee Concentrate,beverages,coffee,0,afternoon,30,24,30,0.8,0.0006,0.8058,0.4014
Organic Medium Firm Tofu,deli,tofu meat alternatives,0,afternoon,35,24,35,0.6857,0.0007,0.9759,0.4012
Organic Bucatini,dry goods pasta,dry pasta,0,afternoon,28,20,28,0.7143,0.0005,0.9327,0.4011
O'Coconut Lightly Sweetened Coconut Treat Hemp And Chia,snacks,candy chocolate,0,afternoon,4,4,4,1.0,0.0001,0.5042,0.4009
Organic Microgreens Italian,produce,packaged vegetables fruits,0,afternoon,4,4,4,1.0,0.0001,0.5042,0.4009
Recovery Lemonade,beverages,energy sports drinks,0,afternoon,8,8,8,1.0,0.0001,0.5042,0.4009
Size 6 Baby Dry Diapers,babies,diapers wipes,0,afternoon,21,18,21,0.8571,0.0004,0.7178,0.4009
Zero Mixed Berry,beverages,energy sports drinks,0,afternoon,61,43,61,0.7049,0.0012,0.9441,0.4009
Honey Whole Wheat,bakery,bread,0,afternoon,32,26,32,0.8125,0.0006,0.7838,0.4008
Organic Dark Spicy Aztec Chocolate (55%) Bar,snacks,candy chocolate,0,afternoon,7,6,7,0.8571,0.0001,0.7178,0.4008
Small Hass Avocado,produce,fresh fruits,0,afternoon,5475,3654,5475,0.6674,0.1079,0.7326,0.4007
Fire Roasted Salsa,pantry,preserved dips spreads,0,afternoon,57,38,57,0.6667,0.0011,1.0,0.4006
Jumbo Ranch Sunflower Seeds,snacks,nuts seeds dried fruit,0,afternoon,10,8,10,0.8,0.0002,0.8027,0.4006
Kids Super Apple Fruit & Veggie Shredz,snacks,fruit vegetable snacks,0,afternoon,10,8,10,0.8,0.0002,0.8027,0.4006
Pasteurized Real Egg Product,dairy eggs,eggs,0,afternoon,10,8,10,0.8,0.0002,0.8027,0.4006
Power Greens,beverages,refrigerated,0,afternoon,20,14,20,0.7,0.0004,0.9519,0.4006
All Natural Bacon Jerky,snacks,popcorn jerky,0,afternoon,5,5,5,1.0,0.0001,0.5023,0.4005
Bars Peanut Butter,pantry,spreads,0,afternoon,5,5,5,1.0,0.0001,0.5023,0.4005
Thin Crust Cheese Pizza Savory Italian Recipes,frozen,frozen pizza,0,afternoon,5,5,5,1.0,0.0001,0.5023,0.4005
Organic Blue Corn Tortilla Dippers,missing,missing,0,afternoon,42,28,42,0.6667,0.0008,1.0,0.4004
Organic Blueberry Cream On Top Whole Milk Yogurt,dairy eggs,yogurt,0,afternoon,93,72,93,0.7742,0.0018,0.8362,0.4004
100% Unbleached Recycled Bath Tissue,household,paper goods,0,afternoon,30,20,30,0.6667,0.0006,1.0,0.4003
Gluten Free Peanut Butter Cup Dark Chocolate Protein Bar,snacks,energy granola bars,0,afternoon,27,18,27,0.6667,0.0005,1.0,0.4003
Old Fashioned Whole Wheat Bread,bakery,bread,0,afternoon,180,142,180,0.7889,0.0035,0.8095,0.4003
Recover Chocolate Protein Shake,beverages,energy sports drinks,0,afternoon,6,6,6,1.0,0.0001,0.5011,0.4003
"Tofu, Medium Firm (Regular)",deli,tofu meat alternatives,0,afternoon,27,18,27,0.6667,0.0005,1.0,0.4003
Twice Baked Potatoes,deli,prepared meals,0,afternoon,36,24,36,0.6667,0.0007,1.0,0.4003
100 Calorie Pineapple Coconut Blended Greek Yogurt,dairy eggs,yogurt,0,afternoon,21,14,21,0.6667,0.0004,1.0,0.4002
Gluten Free Three Cheese Pizza,frozen,frozen pizza,0,afternoon,18,12,18,0.6667,0.0003,1.0,0.4002
Organic Lemon Cayenne Hummus,deli,fresh dips tapenades,0,afternoon,24,16,24,0.6667,0.0005,1.0,0.4002
Pelmeni with Chicken,frozen,frozen meals,0,afternoon,18,12,18,0.6667,0.0003,1.0,0.4002
Yogurt Maple Ginger Yogurt,dairy eggs,yogurt,0,afternoon,18,12,18,0.6667,0.0003,1.0,0.4002
Brown Sugar Whipped Cream,dairy eggs,other creams cheeses,0,afternoon,15,10,15,0.6667,0.0003,1.0,0.4001
Chicken Jerky Dog Treats,pets,dog food care,0,afternoon,12,8,12,0.6667,0.0002,1.0,0.4001
Constellation Medley Tomato Pack,missing,missing,0,afternoon,12,8,12,0.6667,0.0002,1.0,0.4001
Cranberry Toasted Almond Bar,snacks,energy granola bars,0,afternoon,12,8,12,0.6667,0.0002,1.0,0.4001
Crunchy Taco Dinner Kit,dry goods pasta,instant foods,0,afternoon,9,6,9,0.6667,0.0002,1.0,0.4001
Drews Classic Italian Vinaigrette Dressing,pantry,salad dressing toppings,0,afternoon,12,8,12,0.6667,0.0002,1.0,0.4001
Egg & Bacon Breakfast Burrito,frozen,frozen breakfast,0,afternoon,9,6,9,0.6667,0.0002,1.0,0.4001
Fit Kitchen Steak Fajita,frozen,frozen meals,0,afternoon,9,6,9,0.6667,0.0002,1.0,0.4001
Gluten Free Sub Sandwich Roll,bakery,buns rolls,0,afternoon,12,8,12,0.6667,0.0002,1.0,0.4001
Grilled Tender Beef & Liver Feast in Gravy Cat Food,pets,cat food care,0,afternoon,12,8,12,0.6667,0.0002,1.0,0.4001
High Protein Dutch Chocolate Frozen Yogurt,frozen,ice cream ice,0,afternoon,15,10,15,0.6667,0.0003,1.0,0.4001
"Ice Cream, Chocolate Orange Confetti",frozen,ice cream ice,0,afternoon,15,10,15,0.6667,0.0003,1.0,0.4001
Non Dairy Frozen Vanilla Pie Dessert,frozen,ice cream ice,0,afternoon,15,10,15,0.6667,0.0003,1.0,0.4001
Organic Citrus,missing,missing,0,afternoon,9,6,9,0.6667,0.0002,1.0,0.4001
Organic Cultured Soy Yogurt Plain,dairy eggs,yogurt,0,afternoon,15,10,15,0.6667,0.0003,1.0,0.4001
Organic Very Dark Chocolate Bar,snacks,candy chocolate,0,afternoon,15,10,15,0.6667,0.0003,1.0,0.4001
Original Coco Fragrance Free  Bar Soap,personal care,soap,0,afternoon,15,10,15,0.6667,0.0003,1.0,0.4001
Premium Glacier Water,beverages,water seltzer sparkling water,0,afternoon,12,8,12,0.6667,0.0002,1.0,0.4001
Sausage Cuts Real Beef Treats,pets,dog food care,0,afternoon,15,10,15,0.6667,0.0003,1.0,0.4001
Shiraz Cabernet Sauvignon Wine,alcohol,red wines,0,afternoon,9,6,9,0.6667,0.0002,1.0,0.4001
Small Curd Cottage Cheese 4%,dairy eggs,other creams cheeses,0,afternoon,15,10,15,0.6667,0.0003,1.0,0.4001
Sourdough Rye Bread,bakery,bread,0,afternoon,12,8,12,0.6667,0.0002,1.0,0.4001
Sparkling Water Grape Apple,missing,missing,0,afternoon,9,6,9,0.6667,0.0002,1.0,0.4001
Supreme Pizza Rolls,frozen,frozen appetizers sides,0,afternoon,9,6,9,0.6667,0.0002,1.0,0.4001
Unstopables Downy Unstopables Fresh In-Wash Scent Booster Fabric Enhancers,household,laundry,0,afternoon,9,6,9,0.6667,0.0002,1.0,0.4001
Variety Pack of Gluten Free Instant Oatmeal,breakfast,cereal,0,afternoon,15,10,15,0.6667,0.0003,1.0,0.4001
Vegetable Classics Macaroni & Bean Soup,canned goods,soup broth bouillon,0,afternoon,9,6,9,0.6667,0.0002,1.0,0.4001
100% Juice White Grapefruit,beverages,juice nectars,0,afternoon,3,2,3,0.6667,0.0,1.0,0.4
"100% Juice,  Cranberry Nectar",beverages,juice nectars,0,afternoon,6,4,6,0.6667,0.0001,1.0,0.4
100% Raw Apple Ginger Juice,beverages,juice nectars,0,afternoon,6,4,6,0.6667,0.0001,1.0,0.4
100% Whole Wheat Gnocchi With Sweet Potato,dry goods pasta,fresh pasta,0,afternoon,3,2,3,0.6667,0.0,1.0,0.4
3 Ply Wheat Straw Bath Tissue,household,paper goods,0,afternoon,3,2,3,0.6667,0.0,1.0,0.4
8 Piece Grilled Chicken,deli,prepared meals,0,afternoon,3,2,3,0.6667,0.0,1.0,0.4
81 Proof Kentucky Straight Bourbon Whiskey,alcohol,spirits,0,afternoon,3,2,3,0.6667,0.0,1.0,0.4
"Active Health Teen, Tablets",personal care,vitamins supplements,0,afternoon,3,2,3,0.6667,0.0,1.0,0.4
Adult Single Enema,personal care,digestion,0,afternoon,3,2,3,0.6667,0.0,1.0,0.4
Almond Glow Almond Body Lotion/Massage Oil,personal care,skin care,0,afternoon,3,2,3,0.6667,0.0,1.0,0.4
Alphabet Egg Noodles,international,kosher foods,0,afternoon,3,2,3,0.6667,0.0,1.0,0.4
"Antacid Chewy Delights, Orange Rush",personal care,digestion,0,afternoon,3,2,3,0.6667,0.0,1.0,0.4
Apple Walnut Delight Oat Clusters,breakfast,granola,0,afternoon,6,4,6,0.6667,0.0001,1.0,0.4
Aromatherapy Tangerine & Grapefruit Foam Bath,personal care,soap,0,afternoon,3,2,3,0.6667,0.0,1.0,0.4
Artesian Hawaiian Volcanic Water,beverages,water seltzer sparkling water,0,afternoon,6,4,6,0.6667,0.0001,1.0,0.4
Baby Naturals Head-to-Toe Baby Wash,babies,baby bath body care,0,afternoon,3,2,3,0.6667,0.0,1.0,0.4
Beef Ravioli In Tomato & Meat Sauce,canned goods,canned meals beans,0,afternoon,3,2,3,0.6667,0.0,1.0,0.4
Beef Raviolis Pasta in Meat Sauce,canned goods,canned meals beans,0,afternoon,3,2,3,0.6667,0.0,1.0,0.4
Beyond Natural Chicken & Carrot Puree Wet Mix-in Meal Enhancement for Dogs,pets,dog food care,0,afternoon,3,2,3,0.6667,0.0,1.0,0.4
Bistro Style Polish Sausage,meat seafood,hot dogs bacon sausage,0,afternoon,3,2,3,0.6667,0.0,1.0,0.4
Black Fig Bar,snacks,candy chocolate,0,afternoon,3,2,3,0.6667,0.0,1.0,0.4
Blanc De Noirs,alcohol,white wines,0,afternoon,3,2,3,0.6667,0.0,1.0,0.4
Blue Cake Icing,pantry,baking supplies decor,0,afternoon,3,2,3,0.6667,0.0,1.0,0.4
"Body Wash, Moisturizing, Cherry Blossom & Wild Bamboo",personal care,body lotions soap,0,afternoon,6,4,6,0.6667,0.0001,1.0,0.4
Boneless Beef Chuck Steak,other,other,0,afternoon,3,2,3,0.6667,0.0,1.0,0.4
Calrose White Medium Grain Rice,dry goods pasta,grains rice dried goods,0,afternoon,3,2,3,0.6667,0.0,1.0,0.4
Caramel Apple Filled Hard Candies,snacks,candy chocolate,0,afternoon,3,2,3,0.6667,0.0,1.0,0.4
Cell Food,personal care,vitamins supplements,0,afternoon,3,2,3,0.6667,0.0,1.0,0.4
"Cereal, TropicO's",breakfast,cereal,0,afternoon,3,2,3,0.6667,0.0,1.0,0.4
Cheese Creations Creamy Tomato Cheese Sauce,dry goods pasta,pasta sauce,0,afternoon,3,2,3,0.6667,0.0,1.0,0.4
"Cheese Ups, Classic Cheese",snacks,crackers,0,afternoon,6,4,6,0.6667,0.0001,1.0,0.4
Cherry Flavored Mixed Fruit Cups,canned goods,canned fruit applesauce,0,afternoon,6,4,6,0.6667,0.0001,1.0,0.4
Chicken Pie,deli,prepared meals,0,afternoon,3,2,3,0.6667,0.0,1.0,0.4
Chili Lime Peanuts,snacks,nuts seeds dried fruit,0,afternoon,3,2,3,0.6667,0.0,1.0,0.4
"Chocolate Candies, Milk Chocolate",snacks,candy chocolate,0,afternoon,3,2,3,0.6667,0.0,1.0,0.4
Chocolate Chip Chewy Snack Bar,snacks,energy granola bars,0,afternoon,6,4,6,0.6667,0.0001,1.0,0.4
Cinn A Rolls,frozen,frozen breakfast,0,afternoon,3,2,3,0.6667,0.0,1.0,0.4
Cinnamon Chips Baking Pieces,pantry,baking supplies decor,0,afternoon,3,2,3,0.6667,0.0,1.0,0.4
Classic Hazelnut Flavoring Syrup,pantry,honeys syrups nectars,0,afternoon,3,2,3,0.6667,0.0,1.0,0.4
Clearlax,personal care,digestion,0,afternoon,3,2,3,0.6667,0.0,1.0,0.4
"Coffee, Ground, Medium Roast, Original Blend",beverages,coffee,0,afternoon,3,2,3,0.6667,0.0,1.0,0.4
Concord Grape Drink Mix Packets,beverages,cocoa drink mixes,0,afternoon,6,4,6,0.6667,0.0001,1.0,0.4
Cookie & Cream with Protein,dairy eggs,milk,0,afternoon,3,2,3,0.6667,0.0,1.0,0.4
Craft Beer Battered Onion Rings,frozen,frozen appetizers sides,0,afternoon,3,2,3,0.6667,0.0,1.0,0.4
Creamy,snacks,candy chocolate,0,afternoon,3,2,3,0.6667,0.0,1.0,0.4
Creamy Carob Mousse Cheesecake,bakery,bakery desserts,0,afternoon,3,2,3,0.6667,0.0,1.0,0.4
Creamy Italian Dressing,pantry,salad dressing toppings,0,afternoon,3,2,3,0.6667,0.0,1.0,0.4
Creamy Mango Bars,frozen,ice cream ice,0,afternoon,3,2,3,0.6667,0.0,1.0,0.4
Cruisers Diapers Jumbo Pack  Size 3,babies,diapers wipes,0,afternoon,3,2,3,0.6667,0.0,1.0,0.4
Crunchy Seasoned Peas Bhuja Snacks,snacks,fruit vegetable snacks,0,afternoon,3,2,3,0.6667,0.0,1.0,0.4
Currant Granola With Flax Seeds,breakfast,granola,0,afternoon,3,2,3,0.6667,0.0,1.0,0.4
DHEA 25 mg,personal care,vitamins supplements,0,afternoon,3,2,3,0.6667,0.0,1.0,0.4
Dill Pickle,snacks,fruit vegetable snacks,0,afternoon,3,2,3,0.6667,0.0,1.0,0.4
Double Fudge Cookies,snacks,cookies cakes,0,afternoon,3,2,3,0.6667,0.0,1.0,0.4
Dressing,pantry,salad dressing toppings,0,afternoon,3,2,3,0.6667,0.0,1.0,0.4
Eco-Harvest Tea Tree Oil,personal care,first aid,0,afternoon,3,2,3,0.6667,0.0,1.0,0.4
Electrolyte Hydrator Lemon Lime,personal care,protein meal replacements,0,afternoon,3,2,3,0.6667,0.0,1.0,0.4
Essentials Foaming Facial Cleanser For Sensitive Skin,personal care,facial care,0,afternoon,3,2,3,0.6667,0.0,1.0,0.4
European Bowl Brush & Caddy,household,cleaning products,0,afternoon,3,2,3,0.6667,0.0,1.0,0.4
Farmer’s Market Vine Ripened Tomato & Basil Hummus,deli,fresh dips tapenades,0,afternoon,3,2,3,0.6667,0.0,1.0,0.4
Febreze Unstoppables Spring Fabric Refreshener,household,laundry,0,afternoon,3,2,3,0.6667,0.0,1.0,0.4
Fine Pasta,dry goods pasta,dry pasta,0,afternoon,3,2,3,0.6667,0.0,1.0,0.4
Flintstones Iron Chewable Multivitamin Tablets for Children,personal care,vitamins supplements,0,afternoon,6,4,6,0.6667,0.0001,1.0,0.4
Foldit Artisan Flatbreads Everything,bakery,tortillas flat bread,0,afternoon,6,4,6,0.6667,0.0001,1.0,0.4
Free with Color Safe Brightener Liquid 2in1 Stain Fighter,household,cleaning products,0,afternoon,6,4,6,0.6667,0.0001,1.0,0.4
Fresh Catfish Fillet,meat seafood,seafood counter,0,afternoon,3,2,3,0.6667,0.0,1.0,0.4
Fresh Protect In-Wash Odor Shield Fabric Enhancers,household,laundry,0,afternoon,3,2,3,0.6667,0.0,1.0,0.4
Frozen Custard and Fruit Ice Flavors: Vanilla Custard,missing,missing,0,afternoon,3,2,3,0.6667,0.0,1.0,0.4
Garden Vegetable Pasta Sauce,dry goods pasta,pasta sauce,0,afternoon,3,2,3,0.6667,0.0,1.0,0.4
General Tsao Stir-Fry Sauce,international,asian foods,0,afternoon,3,2,3,0.6667,0.0,1.0,0.4
Ginger Citrus Ginseng Green Tea,beverages,refrigerated,0,afternoon,6,4,6,0.6667,0.0001,1.0,0.4
Gluten Free Garden Vegetable Quinoa,dry goods pasta,grains rice dried goods,0,afternoon,3,2,3,0.6667,0.0,1.0,0.4
Go Big Strawberry/Mixed Berry Low Fat Yogurt,missing,missing,0,afternoon,3,2,3,0.6667,0.0,1.0,0.4
Golden Monkey,alcohol,beers coolers,0,afternoon,3,2,3,0.6667,0.0,1.0,0.4
Gourmet Dog Treats Bone,pets,dog food care,0,afternoon,3,2,3,0.6667,0.0,1.0,0.4
Gourmet Ocean Fish Kitten Food,pets,cat food care,0,afternoon,3,2,3,0.6667,0.0,1.0,0.4
Gourmet Popping Corn Movie Theater Butter Single Serve 100% Whole Grain Microwave Popcorn,snacks,popcorn jerky,0,afternoon,6,4,6,0.6667,0.0001,1.0,0.4
Grapefruit Lilac Water,beverages,water seltzer sparkling water,0,afternoon,3,2,3,0.6667,0.0,1.0,0.4
Grated Supremo Cotija Cheese Shaker,dairy eggs,packaged cheese,0,afternoon,3,2,3,0.6667,0.0,1.0,0.4
Green Cake Icing,pantry,baking supplies decor,0,afternoon,3,2,3,0.6667,0.0,1.0,0.4
Hand Stuffed Garlic Olives,canned goods,canned jarred vegetables,0,afternoon,3,2,3,0.6667,0.0,1.0,0.4
Harpers Bazaar,household,more household,0,afternoon,3,2,3,0.6667,0.0,1.0,0.4
Harvest Snaps Black Bean Habanero,missing,missing,0,afternoon,3,2,3,0.6667,0.0,1.0,0.4
Hawaiian Recipe Crispy Thin Crust Pizza,frozen,frozen pizza,0,afternoon,3,2,3,0.6667,0.0,1.0,0.4
Hero Twists Mozzarella String Cheese,dairy eggs,packaged cheese,0,afternoon,6,4,6,0.6667,0.0001,1.0,0.4
Honey Butter Stix,snacks,crackers,0,afternoon,3,2,3,0.6667,0.0,1.0,0.4
Honey Pomegranate Greek Yogurt,dairy eggs,yogurt,0,afternoon,3,2,3,0.6667,0.0,1.0,0.4
"Honey Wheat Flatbread Bacon, Egg & Cheese Sandwiches",frozen,frozen breakfast,0,afternoon,6,4,6,0.6667,0.0001,1.0,0.4
Hot & Fit Mayan Blend Cereal,breakfast,hot cereal pancake mixes,0,afternoon,3,2,3,0.6667,0.0,1.0,0.4
Indian Coconut Nectar Votive Candle,household,air fresheners candles,0,afternoon,3,2,3,0.6667,0.0,1.0,0.4
Infant Formula Powder Single-Serve,babies,baby food formula,0,afternoon,6,4,6,0.6667,0.0001,1.0,0.4
Juicy Limes,produce,fresh fruits,0,afternoon,6,4,6,0.6667,0.0001,1.0,0.4
King's Prize Ethiopia,beverages,coffee,0,afternoon,3,2,3,0.6667,0.0,1.0,0.4
La Famiglia Del Grosso Tomato Basil Masterpiece Pasta Sauce,dry goods pasta,pasta sauce,0,afternoon,3,2,3,0.6667,0.0,1.0,0.4
Lebanon Bologna,deli,lunch meat,0,afternoon,3,2,3,0.6667,0.0,1.0,0.4
Lemon Lime Zero Soda Drink,beverages,soft drinks,0,afternoon,3,2,3,0.6667,0.0,1.0,0.4
Lemon Scent Automatic Dish Washing Powder,household,dish detergents,0,afternoon,6,4,6,0.6667,0.0001,1.0,0.4
Light & Fit Greek Crunch Key Lime Pie,dairy eggs,yogurt,0,afternoon,6,4,6,0.6667,0.0001,1.0,0.4
Light Fresh Scent Wrinkle Releaser Plus,household,laundry,0,afternoon,6,4,6,0.6667,0.0001,1.0,0.4
Lightly Sweet Chai Skinny Latte,missing,missing,0,afternoon,6,4,6,0.6667,0.0001,1.0,0.4
Mango Jalapeno Quinoa Meal,deli,prepared meals,0,afternoon,6,4,6,0.6667,0.0001,1.0,0.4
Mangos Organic Baby Food,babies,baby food formula,0,afternoon,3,2,3,0.6667,0.0,1.0,0.4
Marble Halvah,international,kosher foods,0,afternoon,3,2,3,0.6667,0.0,1.0,0.4
Matcha Green Tea Almond Milk,dairy eggs,milk,0,afternoon,3,2,3,0.6667,0.0,1.0,0.4
Meaty Bits Variety Pack Cat Food,pets,cat food care,0,afternoon,6,4,6,0.6667,0.0001,1.0,0.4
Melatonin 5 mg Strawberry Gummies,personal care,vitamins supplements,0,afternoon,3,2,3,0.6667,0.0,1.0,0.4
Meyer Ginger Lemonade,beverages,refrigerated,0,afternoon,3,2,3,0.6667,0.0,1.0,0.4
Mild Smoked Snack Sticks,snacks,popcorn jerky,0,afternoon,3,2,3,0.6667,0.0,1.0,0.4
Milk Chocolate Sea Salt Cashew,snacks,candy chocolate,0,afternoon,3,2,3,0.6667,0.0,1.0,0.4
Moisturizing Shampoo Strawberries & Cream,personal care,hair care,0,afternoon,3,2,3,0.6667,0.0,1.0,0.4
Moondance Kombucha,personal care,digestion,0,afternoon,6,4,6,0.6667,0.0001,1.0,0.4
Moroccan Beets,pantry,pickled goods olives,0,afternoon,3,2,3,0.6667,0.0,1.0,0.4
Morsels Healthy Indulgence With Chicken & Salmon In Savory Sauce And Natural Food for Adult Cats,pets,cat food care,0,afternoon,3,2,3,0.6667,0.0,1.0,0.4
Naan Chips Almost Everything,snacks,chips pretzels,0,afternoon,3,2,3,0.6667,0.0,1.0,0.4
Natcol 3 N Cola,personal care,hair care,0,afternoon,3,2,3,0.6667,0.0,1.0,0.4
Natural Cane Sugar,pantry,baking ingredients,0,afternoon,3,2,3,0.6667,0.0,1.0,0.4
Naturals Stage 2 Just Pear & Blueberry,missing,missing,0,afternoon,3,2,3,0.6667,0.0,1.0,0.4
Naturals with Fluoride Anticavity Mouthwash,personal care,oral hygiene,0,afternoon,3,2,3,0.6667,0.0,1.0,0.4
Neufchâtel Cheese,dairy eggs,packaged cheese,0,afternoon,3,2,3,0.6667,0.0,1.0,0.4
Non-Alcoholic Cabernet Sauvignon,alcohol,red wines,0,afternoon,3,2,3,0.6667,0.0,1.0,0.4
Old Fashioned Peppermint Bon Bon,frozen,ice cream ice,0,afternoon,3,2,3,0.6667,0.0,1.0,0.4
Onion Garlic Brown Rice Snaps,snacks,crackers,0,afternoon,3,2,3,0.6667,0.0,1.0,0.4
Organic Acai Berry 100% Juice,beverages,juice nectars,0,afternoon,3,2,3,0.6667,0.0,1.0,0.4
Organic Coconut Almond Granola,other,other,0,afternoon,6,4,6,0.6667,0.0001,1.0,0.4
Organic Cookies Shortbread,snacks,cookies cakes,0,afternoon,6,4,6,0.6667,0.0001,1.0,0.4
Organic Garlic Gomasio,pantry,spices seasonings,0,afternoon,3,2,3,0.6667,0.0,1.0,0.4
Organic Pineapple Cottage Cheese,missing,missing,0,afternoon,3,2,3,0.6667,0.0,1.0,0.4
Original Roast Instant Coffee,beverages,coffee,0,afternoon,3,2,3,0.6667,0.0,1.0,0.4
Pea Protein Natural Unflavored,personal care,protein meal replacements,0,afternoon,3,2,3,0.6667,0.0,1.0,0.4
Peanut Butter & Molasses Healthy Treats for Dogs,pets,dog food care,0,afternoon,3,2,3,0.6667,0.0,1.0,0.4
Peanut Butter Persuasion Cookie,missing,missing,0,afternoon,3,2,3,0.6667,0.0,1.0,0.4
Pear Applesauce,canned goods,canned fruit applesauce,0,afternoon,6,4,6,0.6667,0.0001,1.0,0.4
Petite Diced Tomatoes No Salt Added,canned goods,canned jarred vegetables,0,afternoon,3,2,3,0.6667,0.0,1.0,0.4
Popped Rice Snacks Butter Popcorn Flavor,snacks,crackers,0,afternoon,3,2,3,0.6667,0.0,1.0,0.4
Potato Ridges Tangy Barbeque,snacks,chips pretzels,0,afternoon,3,2,3,0.6667,0.0,1.0,0.4
Pretzel Hamburger Buns,bakery,buns rolls,0,afternoon,3,2,3,0.6667,0.0,1.0,0.4
Primadophilus Optima Probiotic Dietary Supplement,personal care,digestion,0,afternoon,3,2,3,0.6667,0.0,1.0,0.4
Private Stock Vermont Cheddar Cheese,dairy eggs,specialty cheeses,0,afternoon,3,2,3,0.6667,0.0,1.0,0.4
Pro-Health Clinical Pro-Flex Soft Toothbrush,personal care,oral hygiene,0,afternoon,3,2,3,0.6667,0.0,1.0,0.4
"Probiotic & Prebiotic Supplement, SPA Melon Cucumber",personal care,digestion,0,afternoon,3,2,3,0.6667,0.0,1.0,0.4
Quench Absolute Ultra Nourishing Conditioner,personal care,hair care,0,afternoon,3,2,3,0.6667,0.0,1.0,0.4
Rancheros Scramble,frozen,frozen breakfast,0,afternoon,3,2,3,0.6667,0.0,1.0,0.4
Raspberry Sport Endurance Gel Energy Shot,personal care,protein meal replacements,0,afternoon,3,2,3,0.6667,0.0,1.0,0.4
Raw Nutra Kraut,pantry,pickled goods olives,0,afternoon,3,2,3,0.6667,0.0,1.0,0.4
Raw Sea Kraut,pantry,pickled goods olives,0,afternoon,3,2,3,0.6667,0.0,1.0,0.4
Reduced Fat Feta Cheese Crumbles,dairy eggs,packaged cheese,0,afternoon,6,4,6,0.6667,0.0001,1.0,0.4
Reg; Quinoa Corn &#38; Roasted Pepper Granola Bars Pack Of 10,snacks,energy granola bars,0,afternoon,3,2,3,0.6667,0.0,1.0,0.4
Rice & Banana Apple Baby Cereal,babies,baby food formula,0,afternoon,3,2,3,0.6667,0.0,1.0,0.4
Rice Flour,pantry,baking ingredients,0,afternoon,3,2,3,0.6667,0.0,1.0,0.4
"Rice, Thai Fried",international,asian foods,0,afternoon,6,4,6,0.6667,0.0001,1.0,0.4
Roasted Seaweed Sushi Nori,international,asian foods,0,afternoon,3,2,3,0.6667,0.0,1.0,0.4
Roasted Vegetable & Goat Cheese Flatbread Crust Pizza,frozen,frozen pizza,0,afternoon,3,2,3,0.6667,0.0,1.0,0.4
Ruled White Index Cards,household,more household,0,afternoon,3,2,3,0.6667,0.0,1.0,0.4
Salsa Original,pantry,preserved dips spreads,0,afternoon,3,2,3,0.6667,0.0,1.0,0.4
Sandwich Stuffers Kosher Dill Pickles,pantry,pickled goods olives,0,afternoon,6,4,6,0.6667,0.0001,1.0,0.4
Shiner Bock Beer,alcohol,beers coolers,0,afternoon,3,2,3,0.6667,0.0,1.0,0.4
Singapore Street Noodles Garlic Basil Noodle Bowl,dry goods pasta,instant foods,0,afternoon,3,2,3,0.6667,0.0,1.0,0.4
Six Grapes Porto,alcohol,specialty wines champagnes,0,afternoon,3,2,3,0.6667,0.0,1.0,0.4
Sliced Extra Sour French Bread,bakery,bread,0,afternoon,3,2,3,0.6667,0.0,1.0,0.4
Small Bone,pets,dog food care,0,afternoon,3,2,3,0.6667,0.0,1.0,0.4
Smoked Wild Keta Peppered Salmon,meat seafood,packaged seafood,0,afternoon,3,2,3,0.6667,0.0,1.0,0.4
Snacking Favorites Veggie Hummus Tray,missing,missing,0,afternoon,3,2,3,0.6667,0.0,1.0,0.4
Sonicare Sensitive Standard Ultra Soft Replacement Brush Heads,personal care,oral hygiene,0,afternoon,3,2,3,0.6667,0.0,1.0,0.4
Sonoma Coast Pinot Noir,alcohol,red wines,0,afternoon,6,4,6,0.6667,0.0001,1.0,0.4
Special K Chocolatey Chip Protein Meal Bar,snacks,energy granola bars,0,afternoon,6,4,6,0.6667,0.0001,1.0,0.4
Spicy Homestyle 7 Spice Chili Starter,pantry,condiments,0,afternoon,3,2,3,0.6667,0.0,1.0,0.4
Spicy Marinara Sauce,dry goods pasta,pasta sauce,0,afternoon,3,2,3,0.6667,0.0,1.0,0.4
Sponge Cosmetic Wedges,personal care,beauty,0,afternoon,3,2,3,0.6667,0.0,1.0,0.4
Ss Creamy Mashed Potatoes,deli,prepared meals,0,afternoon,3,2,3,0.6667,0.0,1.0,0.4
Steamables Russet Potatoes,missing,missing,0,afternoon,3,2,3,0.6667,0.0,1.0,0.4
Stimulant Laxative Maximum Strength Pills - 24 CT,personal care,digestion,0,afternoon,3,2,3,0.6667,0.0,1.0,0.4
Strawberry Bliss Energy Bar,snacks,energy granola bars,0,afternoon,3,2,3,0.6667,0.0,1.0,0.4
Strawberry Cheesecake Nonfat Yogurt,missing,missing,0,afternoon,3,2,3,0.6667,0.0,1.0,0.4
Strawberry Whole Milk Yogurt,dairy eggs,yogurt,0,afternoon,3,2,3,0.6667,0.0,1.0,0.4
Stuffed Hashbrowns Meat Lovers,missing,missing,0,afternoon,3,2,3,0.6667,0.0,1.0,0.4
Stuffed Shells With Cheese in Marinara Sauce,frozen,frozen meals,0,afternoon,6,4,6,0.6667,0.0001,1.0,0.4
Sugar Free Low Calorie Maple Flavor Syrup,pantry,honeys syrups nectars,0,afternoon,6,4,6,0.6667,0.0001,1.0,0.4
Super Hip Chocolate Chip,snacks,energy granola bars,0,afternoon,6,4,6,0.6667,0.0001,1.0,0.4
Sweet & Sour Chicken Complete Meals,frozen,frozen meals,0,afternoon,3,2,3,0.6667,0.0,1.0,0.4
Sweet Bee Magic All in One Healing Skin Cream,personal care,first aid,0,afternoon,3,2,3,0.6667,0.0,1.0,0.4
Sweetened Green Tea Made With Real Matcha,beverages,tea,0,afternoon,3,2,3,0.6667,0.0,1.0,0.4
Swiss Almond Cheese Spread,dairy eggs,packaged cheese,0,afternoon,3,2,3,0.6667,0.0,1.0,0.4
TCHO Chocolate Gelato Bar,frozen,ice cream ice,0,afternoon,6,4,6,0.6667,0.0001,1.0,0.4
Tangerine Lemonade,beverages,juice nectars,0,afternoon,6,4,6,0.6667,0.0001,1.0,0.4
Tender Turkey Feast Kitten Cat Food,pets,cat food care,0,afternoon,3,2,3,0.6667,0.0,1.0,0.4
The Great Escape California Chardonnay,alcohol,white wines,0,afternoon,3,2,3,0.6667,0.0,1.0,0.4
Therapy™ Aches and Pains Mineral Bath Soak,personal care,muscles joints pain relief,0,afternoon,3,2,3,0.6667,0.0,1.0,0.4
Toaster Strudel Cherry Toaster Pastries,frozen,frozen dessert,0,afternoon,6,4,6,0.6667,0.0001,1.0,0.4
Traditional Italian Polenta,dry goods pasta,grains rice dried goods,0,afternoon,3,2,3,0.6667,0.0,1.0,0.4
True Juice Bananaberry Crush 100% Juice Smoothie,beverages,juice nectars,0,afternoon,3,2,3,0.6667,0.0,1.0,0.4
"Tulsi Cleanse, Caffeine Free, Infusion Bags",other,other,0,afternoon,3,2,3,0.6667,0.0,1.0,0.4
Uncured Boneless Ham,meat seafood,poultry counter,0,afternoon,6,4,6,0.6667,0.0001,1.0,0.4
Uncured Italian Dry Salame,deli,lunch meat,0,afternoon,6,4,6,0.6667,0.0001,1.0,0.4
Unscented Glycerine Soap,personal care,body lotions soap,0,afternoon,3,2,3,0.6667,0.0,1.0,0.4
Vanilla Lowfat Protein Plus Milk,dairy eggs,milk,0,afternoon,3,2,3,0.6667,0.0,1.0,0.4
Vitamin C Renewal Cream,personal care,skin care,0,afternoon,3,2,3,0.6667,0.0,1.0,0.4
Vitamints Raspberry Adult Multivitamin Minty Chewables,personal care,vitamins supplements,0,afternoon,3,2,3,0.6667,0.0,1.0,0.4
Weightless Hydration Coconut Water Shampoo,personal care,hair care,0,afternoon,3,2,3,0.6667,0.0,1.0,0.4
White Flesh Nectarine,produce,fresh fruits,0,afternoon,3,2,3,0.6667,0.0,1.0,0.4
Whole Grain Rye & Oat Bran Crisp Bread,snacks,crackers,0,afternoon,3,2,3,0.6667,0.0,1.0,0.4
Wild Alaskan Salmon Sockeye Salmon Gravlox,meat seafood,packaged seafood,0,afternoon,6,4,6,0.6667,0.0001,1.0,0.4
Wild Collection Wolfthorn Deodorant,personal care,deodorants,0,afternoon,6,4,6,0.6667,0.0001,1.0,0.4
"Yogurt Drink, Original",dairy eggs,yogurt,0,afternoon,3,2,3,0.6667,0.0,1.0,0.4
Organic 1% Milkfat Lowfat Chocolate Milk,dairy eggs,milk,0,afternoon,85,60,85,0.7059,0.0017,0.9364,0.3999
Small Batch Authentic Taqueria Tortilla Chips,snacks,chips pretzels,0,afternoon,100,68,100,0.68,0.002,0.9747,0.3999
Breath Savers Wintergreen Sugar-Free Mints,snacks,mint gum,0,afternoon,4,3,4,0.75,0.0001,0.8738,0.3998
Family Size Comfort Bakes Vermont White Cheddar Mac & Cheese,frozen,frozen meals,0,afternoon,8,6,8,0.75,0.0001,0.8738,0.3998
Grand Estates Cabernet Sauvignon,alcohol,red wines,0,afternoon,4,3,4,0.75,0.0001,0.8738,0.3998
Katkit Disposable Tray With Free Cat Litter,pets,cat food care,0,afternoon,4,3,4,0.75,0.0001,0.8738,0.3998
Non Gmo Snickerdoodle Protein Bar,snacks,energy granola bars,0,afternoon,4,3,4,0.75,0.0001,0.8738,0.3998
Protein Plus Chocolate 1% Lowfat Milk,dairy eggs,milk,0,afternoon,19,15,19,0.7895,0.0004,0.8141,0.3998
Scooby-Doo! Baked Honey Sticks Graham Crackers,snacks,cookies cakes,0,afternoon,8,6,8,0.75,0.0001,0.8738,0.3998
Select Fat Free Skim Milk,dairy eggs,milk,0,afternoon,39,33,39,0.8462,0.0007,0.7273,0.3997
1F Organic Oatmeal Cereal Organic Cereal,babies,baby food formula,0,afternoon,6,5,6,0.8333,0.0001,0.7475,0.3996
Buddy Biscuits Original Oven Baked Roasted Chicken Dog Treats,pets,dog food care,0,afternoon,6,5,6,0.8333,0.0001,0.7475,0.3996
Elegant Medleys Shredded Tuna Fare,pets,cat food care,0,afternoon,12,10,12,0.8333,0.0002,0.7475,0.3996
"Goat Cheese, Pear & Arugula Ravioli",deli,prepared meals,0,afternoon,6,5,6,0.8333,0.0001,0.7475,0.3996
Dairy Milk Fruit & Nut Chocolate Bar,snacks,candy chocolate,0,afternoon,71,55,71,0.7746,0.0014,0.8322,0.3995
Non Clumping 24/7 Performance Cat Litter,pets,cat food care,0,afternoon,11,10,11,0.9091,0.0002,0.6327,0.3994
Organic Creamy Chocolate Fudge Nutritional Shake,dairy eggs,milk,0,afternoon,66,54,66,0.8182,0.0013,0.7664,0.3994
Signature Spicy Pickle Spears,pantry,pickled goods olives,0,afternoon,16,11,16,0.6875,0.0003,0.9652,0.3994
Triple Cream Cheese,dairy eggs,specialty cheeses,0,afternoon,13,9,13,0.6923,0.0002,0.9575,0.3993
Baby Bella Mushroom Whole,produce,packaged vegetables fruits,0,afternoon,147,97,147,0.6599,0.0029,0.999,0.3992
"Fruit Roll, Mango Flavor",snacks,fruit vegetable snacks,0,afternoon,10,7,10,0.7,0.0002,0.9454,0.3992
Chopped Blends With Lamb Brown Rice Carrots Tomatoes & Spinach Dog Food,pets,dog food care,0,afternoon,7,5,7,0.7143,0.0001,0.9238,0.3991
Hot Oats Apple Cinnamon,breakfast,granola,0,afternoon,13,10,13,0.7692,0.0002,0.841,0.3991
Multi Cat Unscented Scoopable Cat Litter,pets,cat food care,0,afternoon,7,5,7,0.7143,0.0001,0.9238,0.3991
Organic Tortillas,bakery,tortillas flat bread,0,afternoon,13,10,13,0.7692,0.0002,0.841,0.3991
Spot's Stew Wholesome Lamb Canned Dog Food,pets,dog food care,0,afternoon,7,5,7,0.7143,0.0001,0.9238,0.3991
100% Juice Pineapple Juice,beverages,juice nectars,0,afternoon,1,1,1,1.0,0.0,0.495,0.399
14 Garden Vegetable Soup,canned goods,soup broth bouillon,0,afternoon,1,1,1,1.0,0.0,0.495,0.399
All In One Vanilla Chai Nutritional Shake Drink Mix,personal care,protein meal replacements,0,afternoon,1,1,1,1.0,0.0,0.495,0.399
America Cheese Slices 24 Count,dairy eggs,packaged cheese,0,afternoon,1,1,1,1.0,0.0,0.495,0.399
Angel Hair Nests,dry goods pasta,dry pasta,0,afternoon,1,1,1,1.0,0.0,0.495,0.399
Autumn Glory (Huaguan) Apple,missing,missing,0,afternoon,1,1,1,1.0,0.0,0.495,0.399
Beneful Original Beef Dog Food,pets,dog food care,0,afternoon,1,1,1,1.0,0.0,0.495,0.399
Blackberry Pomegranate Juice Squeeze,beverages,soft drinks,0,afternoon,2,2,2,1.0,0.0,0.495,0.399
Bread Crumbs Plain,pantry,marinades meat preparation,0,afternoon,1,1,1,1.0,0.0,0.495,0.399
"Brights + Whites Rescue In-Wash Laundry Booster Pacs,18 loads Laundry Additives",household,laundry,0,afternoon,2,2,2,1.0,0.0,0.495,0.399
Central Coast Merlot,alcohol,red wines,0,afternoon,1,1,1,1.0,0.0,0.495,0.399
Chicken Broccoli Fettuccine Alfredo,missing,missing,0,afternoon,1,1,1,1.0,0.0,0.495,0.399
Children's Grape Flavor Multi-Symptom Fever & Cold Syrup,personal care,cold flu allergy,0,afternoon,1,1,1,1.0,0.0,0.495,0.399
Chocolate Chip French Twists,snacks,cookies cakes,0,afternoon,1,1,1,1.0,0.0,0.495,0.399
Classic Premium Cooked Ham,deli,lunch meat,0,afternoon,1,1,1,1.0,0.0,0.495,0.399
Clean Freak Refreshing Unscented Dry Shampoo,personal care,beauty,0,afternoon,2,2,2,1.0,0.0,0.495,0.399
"Coffee, Gourmet, All-Purpose Grind, Medium, 100% Colombian, Decaf",beverages,coffee,0,afternoon,1,1,1,1.0,0.0,0.495,0.399
Color Guard Liquid Laundry Detergent,household,laundry,0,afternoon,2,2,2,1.0,0.0,0.495,0.399
Dairy Pure 1% Low Fat Milk,dairy eggs,milk,0,afternoon,1,1,1,1.0,0.0,0.495,0.399
Doggie Waste Bags And Dispenser,pets,dog food care,0,afternoon,1,1,1,1.0,0.0,0.495,0.399
Dora The Explorer Assorted Bandages,personal care,first aid,0,afternoon,1,1,1,1.0,0.0,0.495,0.399
Every Man's One Daily Tablet,personal care,vitamins supplements,0,afternoon,1,1,1,1.0,0.0,0.495,0.399
Ezekiel 4:9 Sprouted Grain Pasta Fettuccine,dry goods pasta,dry pasta,0,afternoon,1,1,1,1.0,0.0,0.495,0.399
Fingers Dark Chocolate Cookies,snacks,cookies cakes,0,afternoon,1,1,1,1.0,0.0,0.495,0.399
Free & Clear Laundry Detergent,household,laundry,0,afternoon,1,1,1,1.0,0.0,0.495,0.399
Free & Clear Liquid,household,laundry,0,afternoon,1,1,1,1.0,0.0,0.495,0.399
Fruit On The Bottom Strawberry Banana Yogurt,dairy eggs,yogurt,0,afternoon,2,2,2,1.0,0.0,0.495,0.399
"Get Up, Stand Up K-Cup Pods Light Roast Coffee Mild, Bright, Floral",beverages,coffee,0,afternoon,1,1,1,1.0,0.0,0.495,0.399
Grain Free Organic Beef & Liver Premium Dog Food,pets,dog food care,0,afternoon,1,1,1,1.0,0.0,0.495,0.399
Granny Smith Apple Fruit Chips,snacks,fruit vegetable snacks,0,afternoon,3,3,3,1.0,0.0,0.495,0.399
Hard ranberry Lemonade,alcohol,beers coolers,0,afternoon,1,1,1,1.0,0.0,0.495,0.399
Harvest Red Blend,alcohol,red wines,0,afternoon,1,1,1,1.0,0.0,0.495,0.399
Indian Coconut Nectar Body Butter,personal care,soap,0,afternoon,1,1,1,1.0,0.0,0.495,0.399
Intensive Care Essential Healing Lotion,personal care,body lotions soap,0,afternoon,1,1,1,1.0,0.0,0.495,0.399
Japanese Style Rice Crackers,international,asian foods,0,afternoon,2,2,2,1.0,0.0,0.495,0.399
Kat Kit Disposable Tray,pets,cat food care,0,afternoon,2,2,2,1.0,0.0,0.495,0.399
Ken Davis 2 Carb Classic BBQ,pantry,spreads,0,afternoon,1,1,1,1.0,0.0,0.495,0.399
L-Lysine 500 mg Capsules,personal care,protein meal replacements,0,afternoon,1,1,1,1.0,0.0,0.495,0.399
Lambrusco,alcohol,red wines,0,afternoon,4,4,4,1.0,0.0001,0.495,0.399
Lemon Tea,beverages,tea,0,afternoon,10,9,10,0.9,0.0002,0.6446,0.399
Light Butter with Sea Salt,dairy eggs,butter,0,afternoon,1,1,1,1.0,0.0,0.495,0.399
Light Parmesan Peppercorn Ranch Salad Dressing,pantry,salad dressing toppings,0,afternoon,1,1,1,1.0,0.0,0.495,0.399
M&M's Light Milk Chocolate Ice Cream,frozen,ice cream ice,0,afternoon,1,1,1,1.0,0.0,0.495,0.399
"Meaty Ground Dinner with Chunky Beef, Bacon & Cheese Wet Dog Food",pets,dog food care,0,afternoon,1,1,1,1.0,0.0,0.495,0.399
Mega Milk Chocolate Peanuts,snacks,candy chocolate,0,afternoon,1,1,1,1.0,0.0,0.495,0.399
Mexican Style Lasagna,frozen,frozen meals,0,afternoon,1,1,1,1.0,0.0,0.495,0.399
Morning Walk Light Roast Whole Bean Coffee,beverages,coffee,0,afternoon,1,1,1,1.0,0.0,0.495,0.399
Mountain Chill Soda,beverages,soft drinks,0,afternoon,1,1,1,1.0,0.0,0.495,0.399
Muddy Buddies Snack Mix Brownie Supreme,snacks,trail mix snack mix,0,afternoon,1,1,1,1.0,0.0,0.495,0.399
Naanwich Flatbread Sandwich Chicken Tikka Masala,deli,prepared meals,0,afternoon,1,1,1,1.0,0.0,0.495,0.399
Natural Bacon,missing,missing,0,afternoon,1,1,1,1.0,0.0,0.495,0.399
No Sugar Added Very Cherry Mixed Fruit,canned goods,canned fruit applesauce,0,afternoon,2,2,2,1.0,0.0,0.495,0.399
Onion Flavored Bissli,snacks,chips pretzels,0,afternoon,1,1,1,1.0,0.0,0.495,0.399
Oran Poppyseed Pound Cake,bakery,bakery desserts,0,afternoon,3,3,3,1.0,0.0,0.495,0.399
Organic Dark Chocolate With Mint & Nibs 72% Cacao,snacks,candy chocolate,0,afternoon,1,1,1,1.0,0.0,0.495,0.399
Organic Jumbo Grade AA Brown Eggs,dairy eggs,eggs,0,afternoon,145,114,145,0.7862,0.0028,0.8088,0.399
Organic Kamut Pasta Sprirals,dry goods pasta,dry pasta,0,afternoon,4,4,4,1.0,0.0001,0.495,0.399
Organic Unsweetened Vanilla Almond Milk,dairy eggs,soy lactosefree,0,afternoon,1645,1336,1645,0.8122,0.0324,0.6958,0.399
"Peanut Butter, Old Fashioned, Reduced Fat, Smooth",pantry,spreads,0,afternoon,1,1,1,1.0,0.0,0.495,0.399
Perfect Portions Chicken & Tuna Pate,pets,cat food care,0,afternoon,2,2,2,1.0,0.0,0.495,0.399
Pineapple Fruit Roll,snacks,fruit vegetable snacks,0,afternoon,1,1,1,1.0,0.0,0.495,0.399
Pineapple Vodka,alcohol,spirits,0,afternoon,2,2,2,1.0,0.0,0.495,0.399
Pre-Cut Hearts of Palm,canned goods,canned jarred vegetables,0,afternoon,2,2,2,1.0,0.0,0.495,0.399
Protein & Fiber Bar Cupcake Batter,missing,missing,0,afternoon,1,1,1,1.0,0.0,0.495,0.399
Pure Magnesium Flakes,personal care,soap,0,afternoon,1,1,1,1.0,0.0,0.495,0.399
Queso Fundido with Chorizo Crispy Thin Crust Pizza,frozen,frozen pizza,0,afternoon,1,1,1,1.0,0.0,0.495,0.399
Red Beans & Rice Reduced Sodium Rice Mix,dry goods pasta,grains rice dried goods,0,afternoon,2,2,2,1.0,0.0,0.495,0.399
Roasted Garlic & Herb Seasoning,pantry,spices seasonings,0,afternoon,1,1,1,1.0,0.0,0.495,0.399
Sesame Flatbreads,bakery,tortillas flat bread,0,afternoon,2,2,2,1.0,0.0,0.495,0.399
Smartblend Healthy Metabolism Dry Cat Food,pets,cat food care,0,afternoon,1,1,1,1.0,0.0,0.495,0.399
Spicy Chili Beans,canned goods,canned meals beans,0,afternoon,1,1,1,1.0,0.0,0.495,0.399
Straight Rye Whiskey,alcohol,spirits,0,afternoon,1,1,1,1.0,0.0,0.495,0.399
Training Pants Learning Designs 4T-5T - 18 CT,babies,diapers wipes,0,afternoon,2,2,2,1.0,0.0,0.495,0.399
Vanilla Candle,household,air fresheners candles,0,afternoon,1,1,1,1.0,0.0,0.495,0.399
Whole Wheat Multigrain Pop Cakes,snacks,crackers,0,afternoon,36,30,36,0.8333,0.0007,0.743,0.399
Alder Smoked Wild Salmon Chowder,canned goods,soup broth bouillon,0,afternoon,9,7,9,0.7778,0.0002,0.8272,0.3989
Chunky Cookies Family Size,snacks,cookies cakes,0,afternoon,9,7,9,0.7778,0.0002,0.8272,0.3989
"No. 02 Purify and Regulate Beet, Apple, Cucumber, Lime Juice",beverages,refrigerated,0,afternoon,9,7,9,0.7778,0.0002,0.8272,0.3989
"Granola Bars, Crunchy, Macaroon Crunch",snacks,energy granola bars,0,afternoon,39,28,39,0.7179,0.0007,0.9153,0.3988
Keebler Sandies Cashew 12.8 Oz,snacks,cookies cakes,0,afternoon,5,4,5,0.8,0.0001,0.7934,0.3987
Crispy Mango Fruit,snacks,nuts seeds dried fruit,0,afternoon,52,35,52,0.6731,0.001,0.9809,0.3986
Double Fiber Bread,bakery,bread,0,afternoon,341,275,341,0.8065,0.0067,0.7657,0.3984
Beef Tamales In Chili Sauce,canned goods,canned meals beans,0,afternoon,12,10,12,0.8333,0.0002,0.7408,0.3983
Genoa Salame with White Cheddar Cheese & Toasted Rounds Small Plates,meat seafood,packaged meat,0,afternoon,47,31,47,0.6596,0.0009,1.0,0.3983
Blackberry Greek Yogurt + Chia,dairy eggs,yogurt,0,afternoon,44,29,44,0.6591,0.0008,1.0,0.3982
Hickory Smoked Turkey Breast,deli,lunch meat,0,afternoon,314,241,314,0.7675,0.0062,0.8243,0.3982
Multigrain Pop Cakes,snacks,chips pretzels,0,afternoon,39,28,39,0.7179,0.0007,0.9122,0.3982
No. 01 Organic Vegan Cold Pressed Juice Kale Spinach Romaine Celery Cucumber Apple Lemon,beverages,refrigerated,0,afternoon,15,10,15,0.6667,0.0003,0.9905,0.3982
Organic Stone Ground Tortillas,bakery,tortillas flat bread,0,afternoon,27,20,27,0.7407,0.0005,0.8779,0.3981
Aged Artisanal Treenut Cracked Pepper Cheese,dairy eggs,packaged cheese,0,afternoon,41,27,41,0.6585,0.0008,1.0,0.398
Apple Bites Multipack,produce,packaged vegetables fruits,0,afternoon,12,9,12,0.75,0.0002,0.8646,0.398
Lean Beef Flavor Dog Snacks,pets,dog food care,0,afternoon,12,9,12,0.75,0.0002,0.8646,0.398
Mezzanotte Dark Roast Whole Bean Coffee,beverages,coffee,0,afternoon,15,11,15,0.7333,0.0003,0.8887,0.3979
Original Crispy Apple Chips,snacks,chips pretzels,0,afternoon,13,11,13,0.8462,0.0002,0.7195,0.3979
Chicken and Cheese Taquitos,frozen,frozen appetizers sides,0,afternoon,29,21,29,0.7241,0.0006,0.9013,0.3978
Vanilla Almond Coconut Almond Breeze,frozen,frozen dessert,0,afternoon,23,17,23,0.7391,0.0004,0.8786,0.3977
Mellow Mango Sweet Dreams,beverages,energy sports drinks,0,afternoon,14,11,14,0.7857,0.0003,0.808,0.3974
Grilled Chicken Breast,deli,prepared meals,0,afternoon,832,610,832,0.7332,0.0164,0.8456,0.3973
Ocean Middles Cat Treats Salmon & Tuna,pets,cat food care,0,afternoon,4,4,4,1.0,0.0001,0.4862,0.3973
Cookie Dough Energy Bar,snacks,energy granola bars,0,afternoon,8,6,8,0.75,0.0001,0.8602,0.3971
Kids Mac-N-Cheezy Fish Shaped Ravioli,dry goods pasta,fresh pasta,0,afternoon,68,50,68,0.7353,0.0013,0.8787,0.397
Meaty Ground Dinner With Chopped Beef Wet Dog Food,pets,dog food care,0,afternoon,10,8,10,0.8,0.0002,0.7844,0.397
Austin's Own Goodflow Honey Green Tea,beverages,tea,0,afternoon,6,5,6,0.8333,0.0001,0.7342,0.3969
Mild Hot Tortilla Chips,snacks,chips pretzels,0,afternoon,9,6,9,0.6667,0.0002,0.9842,0.3969
Oven Roasted White Turkey,deli,lunch meat,0,afternoon,17,13,17,0.7647,0.0003,0.8364,0.3969
"Pita Bites, Original Sea Salt",snacks,crackers,0,afternoon,8,7,8,0.875,0.0001,0.6715,0.3969
"Uncrustables Reduced Sugar, Peanut Butter & Strawberry Spread Sandwich on Whole Wheat Bread",frozen,frozen meals,0,afternoon,29,19,29,0.6552,0.0006,1.0,0.3968
Beef Chile Colorado,frozen,frozen meals,0,afternoon,9,7,9,0.7778,0.0002,0.8164,0.3967
Graduates Grabbers Apple & Sweet Potato With Cinnamon Baby Food,babies,baby food formula,0,afternoon,20,14,20,0.7,0.0004,0.9327,0.3967
Burrata Mozzarella Cheese,dairy eggs,specialty cheeses,0,afternoon,42,30,42,0.7143,0.0008,0.9093,0.3966
La Fin Du Monde Ale,alcohol,beers coolers,0,afternoon,15,12,15,0.8,0.0003,0.7814,0.3964
Peanut Butter Cookie Luna Bar,snacks,energy granola bars,0,afternoon,15,10,15,0.6667,0.0003,0.9811,0.3964
Shredded Medium Cheddar,dairy eggs,packaged cheese,0,afternoon,26,17,26,0.6538,0.0005,1.0,0.3964
Apple Cinnamon Granola Clusters,breakfast,granola,0,afternoon,13,10,13,0.7692,0.0002,0.8256,0.396
Peanut Butter & Honey Nutrition Bar,snacks,energy granola bars,0,afternoon,11,9,11,0.8182,0.0002,0.7525,0.396
Yogurt Strawberry Pomegranate,dairy eggs,yogurt,0,afternoon,11,9,11,0.8182,0.0002,0.7525,0.396
Natural 2% Milk Sharp Cheddar Cheese Chunk,dairy eggs,packaged cheese,0,afternoon,43,28,43,0.6512,0.0008,1.0,0.3958
"Probiotic, Strong, Capsule",personal care,digestion,0,afternoon,4,4,4,1.0,0.0001,0.4776,0.3956
Thick & Creamy Strawberry Flavored Lowfat Yogurt,dairy eggs,yogurt,0,afternoon,7,5,7,0.7143,0.0001,0.9065,0.3956
Bamba,international,kosher foods,0,afternoon,2,2,2,1.0,0.0,0.4776,0.3955
Classic Roast Medium Roast Coffee K-Cup Packs,beverages,coffee,0,afternoon,2,2,2,1.0,0.0,0.4776,0.3955
Classic with Tuna & Vegetables Cat Food,pets,cat food care,0,afternoon,2,2,2,1.0,0.0,0.4776,0.3955
Dried Persimmons,snacks,fruit vegetable snacks,0,afternoon,2,2,2,1.0,0.0,0.4776,0.3955
French Roast Dark Roast K-Cup Packs Coffee,beverages,coffee,0,afternoon,2,2,2,1.0,0.0,0.4776,0.3955
Fresh Scent Essentials Deodorant,personal care,deodorants,0,afternoon,2,2,2,1.0,0.0,0.4776,0.3955
Garden Isle Medium Roast Single Serve Cups Coffee,beverages,coffee,0,afternoon,2,2,2,1.0,0.0,0.4776,0.3955
Garlic Basil Tomato Hummus,pantry,spreads,0,afternoon,2,2,2,1.0,0.0,0.4776,0.3955
Gooey Bites w/ Frosting,frozen,frozen breakfast,0,afternoon,2,2,2,1.0,0.0,0.4776,0.3955
Mac & Cheezy Ravioli For Kids,frozen,frozen meals,0,afternoon,2,2,2,1.0,0.0,0.4776,0.3955
Marinated Morsels Turkey Feast in Gravy Cat Food,pets,cat food care,0,afternoon,2,2,2,1.0,0.0,0.4776,0.3955
Noni Liquid Supplement,personal care,vitamins supplements,0,afternoon,2,2,2,1.0,0.0,0.4776,0.3955
Original Big Biscuit Cereal,breakfast,cereal,0,afternoon,10,9,10,0.9,0.0002,0.627,0.3955
Pan di Stelle,snacks,cookies cakes,0,afternoon,2,2,2,1.0,0.0,0.4776,0.3955
Plus 3 In 1 With Baking Soda,pets,cat food care,0,afternoon,2,2,2,1.0,0.0,0.4776,0.3955
Rosemary & Olive Oil Kettle Cooked Potato Chips,snacks,chips pretzels,0,afternoon,2,2,2,1.0,0.0,0.4776,0.3955
Sorbetto Mango,frozen,ice cream ice,0,afternoon,2,2,2,1.0,0.0,0.4776,0.3955
Yellow Cling Chunks in Heavy Syrup Peaches,canned goods,canned fruit applesauce,0,afternoon,2,2,2,1.0,0.0,0.4776,0.3955
Adult Hairball Formula Cat Food,pets,cat food care,0,afternoon,6,4,6,0.6667,0.0001,0.9765,0.3954
Blueberry B Smoothie,beverages,refrigerated,0,afternoon,32,24,32,0.75,0.0006,0.8502,0.3954
Gluten Free Sourdough Sandwich Rolls,bakery,bread,0,afternoon,12,8,12,0.6667,0.0002,0.9765,0.3954
"Organic Pear, Pumpkin & Pineapple Baby Food",babies,baby food formula,0,afternoon,6,4,6,0.6667,0.0001,0.9765,0.3954
"Triple Zero Vanilla, Blended Greek Nonfat Yogurt",dairy eggs,yogurt,0,afternoon,40,26,40,0.65,0.0008,1.0,0.3954
Apple Strawberry Banana Squeezable Fruit,babies,baby food formula,0,afternoon,5,4,5,0.8,0.0001,0.7756,0.3952
Gluten Free Hot Chipotle Hummus,deli,fresh dips tapenades,0,afternoon,41,30,41,0.7317,0.0008,0.8765,0.3952
Organic Old Fashioned Potato Soup,canned goods,soup broth bouillon,0,afternoon,5,4,5,0.8,0.0001,0.7756,0.3952
Original Maximum Odor Control Cat Litter,pets,cat food care,0,afternoon,36,29,36,0.8056,0.0007,0.766,0.3952
Purina Busy Chewnola Dog Treat Sm/Med,pets,dog food care,0,afternoon,5,4,5,0.8,0.0001,0.7756,0.3952
Reduced Fat Colby Jack Cheese Sticks,dairy eggs,packaged cheese,0,afternoon,20,13,20,0.65,0.0004,1.0,0.3952
Ultra Last Clumping Litter,pets,cat food care,0,afternoon,5,4,5,0.8,0.0001,0.7756,0.3952
Whole Wheat Bagels,bakery,breakfast bakery,0,afternoon,36,25,36,0.6944,0.0007,0.9327,0.3952
Mint Chocolate Chip Protein Bar,snacks,energy granola bars,0,afternoon,131,108,131,0.8244,0.0026,0.7321,0.395
Organic Broccoli Crowns,produce,fresh vegetables,0,afternoon,2379,1569,2379,0.6595,0.0469,0.8685,0.395
Original Rotisserie Chicken,deli,prepared meals,0,afternoon,984,675,984,0.686,0.0194,0.8974,0.395
Cherry Walnut Crunch,snacks,energy granola bars,0,afternoon,5,5,5,1.0,0.0001,0.4743,0.3949
Chili Con Carne With Beans,canned goods,canned meals beans,0,afternoon,5,5,5,1.0,0.0001,0.4743,0.3949
Organic 21 Whole Grain Bread,bakery,bread,0,afternoon,5,5,5,1.0,0.0001,0.4743,0.3949
Wildberry Reishi Yerba Mate Shot,personal care,protein meal replacements,0,afternoon,15,11,15,0.7333,0.0003,0.8738,0.3949
100% Egg Whites,dairy eggs,eggs,0,afternoon,49,35,49,0.7143,0.0009,0.8993,0.3946
Deep Dish Minis Pepperoni Pizza,frozen,frozen pizza,0,afternoon,11,9,11,0.8182,0.0002,0.7451,0.3946
IncrediBites for Small Dogs With Real Beef Dog Food,pets,dog food care,0,afternoon,7,6,7,0.8571,0.0001,0.6871,0.3946
Whole Milk Bulgarian Yogurt,dairy eggs,yogurt,0,afternoon,7,6,7,0.8571,0.0001,0.6871,0.3946
Gourmet Vanilla Nut Coffee,beverages,coffee,0,afternoon,19,16,19,0.8421,0.0004,0.7084,0.3945
Lotzza Motzza Pepperoni Pizza,frozen,frozen pizza,0,afternoon,21,16,21,0.7619,0.0004,0.8288,0.3945
Oikos Greek Nonfat Yogurt Crunch Key Lime Crumble,dairy eggs,yogurt,0,afternoon,8,6,8,0.75,0.0001,0.847,0.3945
Soft Pretzel Mini Buns,bakery,buns rolls,0,afternoon,714,540,714,0.7563,0.014,0.8029,0.3945
Barbecue Savory Grounds,deli,lunch meat,0,afternoon,3,3,3,1.0,0.0,0.4721,0.3944
Caperberries,pantry,pickled goods olives,0,afternoon,3,3,3,1.0,0.0,0.4721,0.3944
Gourmet Selections K Cups Caramel Drizzle Coffee,beverages,coffee,0,afternoon,3,3,3,1.0,0.0,0.4721,0.3944
Made with Organic Pasta & Cheddar Cheese Number Shapes Macaroni & Cheese Dinner,deli,prepared meals,0,afternoon,4,3,4,0.75,0.0001,0.847,0.3944
Non Alcoholic Malt Beverage,alcohol,beers coolers,0,afternoon,4,3,4,0.75,0.0001,0.847,0.3944
Oat Chocolate Chip Coconut Whenever Bars,snacks,energy granola bars,0,afternoon,90,74,90,0.8222,0.0018,0.7342,0.3944
Organic Earl Grey Black Tea Bags,beverages,tea,0,afternoon,4,3,4,0.75,0.0001,0.847,0.3944
Organic Rose Maqui & Cocao Bar,snacks,candy chocolate,0,afternoon,3,3,3,1.0,0.0,0.4721,0.3944
Peruvian Dark Chocolate Bar,snacks,candy chocolate,0,afternoon,4,3,4,0.75,0.0001,0.847,0.3944
Salmon Jerky Dog Treats,pets,dog food care,0,afternoon,4,3,4,0.75,0.0001,0.847,0.3944
Soy Curls,snacks,chips pretzels,0,afternoon,3,3,3,1.0,0.0,0.4721,0.3944
Thins Cinnamon Sugar,missing,missing,0,afternoon,4,3,4,0.75,0.0001,0.847,0.3944
Unsalted Cooking Beef Flavored Stock,canned goods,soup broth bouillon,0,afternoon,4,3,4,0.75,0.0001,0.847,0.3944
Vanilla Double Shot Energy Drink,beverages,coffee,0,afternoon,3,3,3,1.0,0.0,0.4721,0.3944
Very Berry Squeezable Fruit & Yogurt,babies,baby food formula,0,afternoon,3,3,3,1.0,0.0,0.4721,0.3944
Glass Bottles,beverages,soft drinks,0,afternoon,6,5,6,0.8333,0.0001,0.7214,0.3943
Ready-to-Eat Meals Salami & Cheese,dry goods pasta,instant foods,0,afternoon,17,11,17,0.6471,0.0003,1.0,0.3943
"Salad, Chopped, Garden Vegetable",produce,packaged vegetables fruits,0,afternoon,17,11,17,0.6471,0.0003,1.0,0.3943
Pizzeria Primo Pepperoni Pizza,frozen,frozen pizza,0,afternoon,72,47,72,0.6528,0.0014,0.9881,0.3942
Country Morning White Bread,bakery,bread,0,afternoon,528,394,528,0.7462,0.0104,0.8249,0.394
Eggo Bites Chocolatey Chip Pancakes,frozen,frozen breakfast,0,afternoon,43,33,43,0.7674,0.0008,0.8161,0.3939
Dark Chocolate Nonpareils,snacks,candy chocolate,0,afternoon,19,14,19,0.7368,0.0004,0.8623,0.3937
Jalapeno Peppers,produce,fresh vegetables,0,afternoon,5319,3087,5319,0.5804,0.1048,0.8358,0.3937
Organic Broccolette,produce,packaged vegetables fruits,0,afternoon,52,39,52,0.75,0.001,0.841,0.3937
Despicable Me Bello! Strawberry Banana/Bello! Strawberry Variety Pack Low Fat Yogurt,dairy eggs,yogurt,0,afternoon,5,5,5,1.0,0.0001,0.4677,0.3936
Grapefruit Sparkling Energy Water,beverages,energy sports drinks,0,afternoon,170,129,170,0.7588,0.0033,0.8212,0.3936
"Nice 'n Easy Root Touch-Up Kit, 004 Dark Brown",personal care,hair care,0,afternoon,5,5,5,1.0,0.0001,0.4677,0.3936
ProBugs Whole Milk Kefir Orange Creamy Crawler,dairy eggs,yogurt,0,afternoon,320,248,320,0.775,0.0063,0.79,0.3936
SleepTabs Nighttime Sleep Aid,other,other,0,afternoon,5,5,5,1.0,0.0001,0.4677,0.3936
Real Bread,bakery,bread,0,afternoon,26,23,26,0.8846,0.0005,0.6396,0.3935
Soft Potato Bread,bakery,bread,0,afternoon,448,337,448,0.7522,0.0088,0.8172,0.3935
Wild Berry Sparkling Energy Water,beverages,energy sports drinks,0,afternoon,127,96,127,0.7559,0.0025,0.8276,0.3935
2% Reduced Fat DHA Omega-3 Reduced Fat Milk,dairy eggs,milk,0,afternoon,1427,1127,1427,0.7898,0.0281,0.7121,0.3934
Homestyle Beef Flavor Ramen Noodle Soup,international,asian foods,0,afternoon,17,12,17,0.7059,0.0003,0.9075,0.3934
Zero Calorie Fruit Punch Sports Drink,beverages,energy sports drinks,0,afternoon,26,19,26,0.7308,0.0005,0.8695,0.3934
Pudding Snacks Chocolate Vanilla Swirls Fat Free,dairy eggs,refrigerated pudding desserts,0,afternoon,28,20,28,0.7143,0.0005,0.8939,0.3933
Banana Bam Bam Paleo Muffins,bakery,breakfast bakery,0,afternoon,23,18,23,0.7826,0.0004,0.791,0.3932
Builder's Chocolate Peanut Butter Bar,snacks,energy granola bars,0,afternoon,265,190,265,0.717,0.0052,0.8775,0.3932
Cheese & Herb Pizza,frozen,frozen pizza,0,afternoon,73,52,73,0.7123,0.0014,0.8939,0.3932
Café Caramel Shake,personal care,muscles joints pain relief,0,afternoon,12,10,12,0.8333,0.0002,0.7151,0.3931
Organic Extra Firm Tofu,deli,tofu meat alternatives,0,afternoon,3554,2302,3554,0.6477,0.07,0.819,0.3931
Organic Granny Smith Apple,produce,fresh fruits,0,afternoon,5887,3942,5887,0.6696,0.116,0.671,0.3931
Organic Mint Crunch Dark Chocolate Bar,snacks,candy chocolate,0,afternoon,22,16,22,0.7273,0.0004,0.8738,0.3931
Reduced Fat 2% Chocolate Milk,dairy eggs,milk,0,afternoon,344,283,344,0.8227,0.0068,0.7147,0.3931
Wheat Protein Cubed,deli,tofu meat alternatives,0,afternoon,78,50,78,0.641,0.0015,1.0,0.3931
Organic Recipe Granola,breakfast,granola,0,afternoon,35,28,35,0.8,0.0007,0.7633,0.393
Pure Coconut Water with Peach & Mango,beverages,juice nectars,0,afternoon,14,9,14,0.6429,0.0003,1.0,0.393
Tropical Fruit Chews,snacks,candy chocolate,0,afternoon,14,9,14,0.6429,0.0003,1.0,0.393
Calorie Free Seltzer Water,beverages,water seltzer sparkling water,0,afternoon,12,9,12,0.75,0.0002,0.8384,0.3928
Flackers Sun Ripened Tomato & Basil Flax Seed Crackers,snacks,crackers,0,afternoon,12,9,12,0.75,0.0002,0.8384,0.3928
Orange Bell Pepper,produce,fresh vegetables,0,afternoon,4856,2909,4856,0.5991,0.0957,0.8263,0.3928
Whole Grain White Bread,bakery,bread,0,afternoon,154,104,154,0.6753,0.003,0.9434,0.3928
"Organic Milk Reduced Fat, 2% Milkfat",dairy eggs,milk,0,afternoon,1199,1014,1199,0.8457,0.0236,0.6362,0.3927
Pure Sparkling Water,beverages,water seltzer sparkling water,0,afternoon,2718,2173,2718,0.7995,0.0535,0.6304,0.3927
Vanilla Almond Breeze Almond Milk,dairy eggs,soy lactosefree,0,afternoon,3342,2396,3342,0.7169,0.0658,0.7235,0.3927
Organic Lactose Free 1% Lowfat Milk,dairy eggs,soy lactosefree,0,afternoon,805,648,805,0.805,0.0158,0.7161,0.3926
Organic Reduced Fat 2% Milk,dairy eggs,milk,0,afternoon,4136,3245,4136,0.7846,0.0815,0.5823,0.3926
Tuna Fillets with Oregano in Olive Oil,canned goods,canned meat seafood,0,afternoon,19,13,19,0.6842,0.0004,0.936,0.3926
Chopped Chipotle & Cheddar Salad Kit,produce,packaged vegetables fruits,0,afternoon,18,12,18,0.6667,0.0003,0.9615,0.3925
Mango Baby Breakfast Stage 2,babies,baby food formula,0,afternoon,9,7,9,0.7778,0.0002,0.7955,0.3925
Very Berry Flavor Sparkling Mineral Water,beverages,water seltzer sparkling water,0,afternoon,123,93,123,0.7561,0.0024,0.8222,0.3925
Salmon & Sole Feast Cat Food,pets,cat food care,0,afternoon,23,18,23,0.7826,0.0004,0.7871,0.3924
1000 Roses Moroccan Beauty Oil for Sensitive Skin,personal care,hair care,0,afternoon,1,1,1,1.0,0.0,0.4614,0.3923
2 In 1 Smoothers Cowabunga Coconut Shampoo,personal care,hair care,0,afternoon,1,1,1,1.0,0.0,0.4614,0.3923
3rd Foods Pear Apple Berry,babies,baby food formula,0,afternoon,1,1,1,1.0,0.0,0.4614,0.3923
Alpo Gravy Cravers Variety Pack Dog Food,pets,dog food care,0,afternoon,1,1,1,1.0,0.0,0.4614,0.3923
Ancient Grains Bread,bakery,bread,0,afternoon,2,2,2,1.0,0.0,0.4614,0.3923
Banana Smoothie Mix,beverages,cocoa drink mixes,0,afternoon,1,1,1,1.0,0.0,0.4614,0.3923
"Bananas, Dark Chocolate",snacks,candy chocolate,0,afternoon,1,1,1,1.0,0.0,0.4614,0.3923
Bean & Cheese Burritos,frozen,frozen meals,0,afternoon,1,1,1,1.0,0.0,0.4614,0.3923
Beef With Vegetables & Barley Condensed Soup,canned goods,soup broth bouillon,0,afternoon,3,3,3,1.0,0.0,0.4614,0.3923
Bold Salt 'n Vinegar Almonds,snacks,nuts seeds dried fruit,0,afternoon,20,13,20,0.65,0.0004,0.9858,0.3923
Butter of Parma,dairy eggs,packaged cheese,0,afternoon,4,4,4,1.0,0.0001,0.4614,0.3923
Caramel Sea Salt Squares,bakery,bakery desserts,0,afternoon,3,3,3,1.0,0.0,0.4614,0.3923
Cheddar Potato Soup Mix,canned goods,soup broth bouillon,0,afternoon,1,1,1,1.0,0.0,0.4614,0.3923
"Cheese, Pasteurized Process, Aged Cheddar, Horseradish",dairy eggs,packaged cheese,0,afternoon,1,1,1,1.0,0.0,0.4614,0.3923
Cheesy Burger Macaroni,canned goods,canned meals beans,0,afternoon,1,1,1,1.0,0.0,0.4614,0.3923
Chicken & Salmon Formula Cat Food,pets,cat food care,0,afternoon,1,1,1,1.0,0.0,0.4614,0.3923
Citron Vodka,alcohol,spirits,0,afternoon,1,1,1,1.0,0.0,0.4614,0.3923
Cold Brew Coffee Caffe Latte,missing,missing,0,afternoon,1,1,1,1.0,0.0,0.4614,0.3923
"Coldpuree Organic Stage 2 Apple, Sweet Potato, Pineapple and Oat Baby Food",missing,missing,0,afternoon,1,1,1,1.0,0.0,0.4614,0.3923
Condensed Soup Vegetable with Beef Stock,canned goods,soup broth bouillon,0,afternoon,7,5,7,0.7143,0.0001,0.8898,0.3923
"Cottage Cheese 2% Milkfat Lowfat,Blueberry Topping",dairy eggs,packaged cheese,0,afternoon,1,1,1,1.0,0.0,0.4614,0.3923
Diet Wild Cherry,beverages,soft drinks,0,afternoon,1,1,1,1.0,0.0,0.4614,0.3923
Dijonnaise Creamy Dijon Mustard,pantry,condiments,0,afternoon,1,1,1,1.0,0.0,0.4614,0.3923
Dreamy Chocolate Candy Bar,snacks,candy chocolate,0,afternoon,1,1,1,1.0,0.0,0.4614,0.3923
Early Stage Cold Support Yin Chiao Pills,personal care,vitamins supplements,0,afternoon,1,1,1,1.0,0.0,0.4614,0.3923
Elderberry Syrup,personal care,vitamins supplements,0,afternoon,1,1,1,1.0,0.0,0.4614,0.3923
Extra Strength B-12 Cherry Flavor 3000mcg Gummies Dietary Supplement,personal care,vitamins supplements,0,afternoon,1,1,1,1.0,0.0,0.4614,0.3923
Ginger Peach Large Black Tea Pouches,beverages,tea,0,afternoon,1,1,1,1.0,0.0,0.4614,0.3923
Gluten Free Maple Brown Sugar Oatmeal,breakfast,hot cereal pancake mixes,0,afternoon,1,1,1,1.0,0.0,0.4614,0.3923
Graduates Apple Cinnamon Breakfast Buddies,babies,baby food formula,0,afternoon,7,5,7,0.7143,0.0001,0.8898,0.3923
Healthfull Nuts & Seeds Bread,bakery,bread,0,afternoon,2,2,2,1.0,0.0,0.4614,0.3923
Healthy Naturals Adult Dry Dog Food Chicken Barley Recipe,pets,dog food care,0,afternoon,1,1,1,1.0,0.0,0.4614,0.3923
Healthy Signature Drinks Mojitea,beverages,tea,0,afternoon,1,1,1,1.0,0.0,0.4614,0.3923
Instant Pistachio  Pudding,pantry,doughs gelatins bake mixes,0,afternoon,2,2,2,1.0,0.0,0.4614,0.3923
Italian Parmesan Cheese Risotto,dry goods pasta,grains rice dried goods,0,afternoon,1,1,1,1.0,0.0,0.4614,0.3923
Italian Sausage Homestyle Pasta Sauce,dry goods pasta,pasta sauce,0,afternoon,1,1,1,1.0,0.0,0.4614,0.3923
Knights Valley Cabernet Sauvignon,alcohol,red wines,0,afternoon,1,1,1,1.0,0.0,0.4614,0.3923
Light Grape Juice Beverage,international,kosher foods,0,afternoon,2,2,2,1.0,0.0,0.4614,0.3923
Little Movers Diapers Giant Pack - Size 3,babies,diapers wipes,0,afternoon,1,1,1,1.0,0.0,0.4614,0.3923
Manuka Honey,personal care,cold flu allergy,0,afternoon,1,1,1,1.0,0.0,0.4614,0.3923
"Marinade, Original",pantry,marinades meat preparation,0,afternoon,1,1,1,1.0,0.0,0.4614,0.3923
Mature Cheddar,dairy eggs,specialty cheeses,0,afternoon,1,1,1,1.0,0.0,0.4614,0.3923
Meaty Ground Dinner With Chunky Chicken Wet Dog Food,pets,dog food care,0,afternoon,2,2,2,1.0,0.0,0.4614,0.3923
Mushroom Gravy,pantry,marinades meat preparation,0,afternoon,1,1,1,1.0,0.0,0.4614,0.3923
New England Cocktail Sauce,pantry,condiments,0,afternoon,1,1,1,1.0,0.0,0.4614,0.3923
Organic Chicken Stock Unsalted,missing,missing,0,afternoon,1,1,1,1.0,0.0,0.4614,0.3923
Organic Greek Plain Whole Milk Yogurt,dairy eggs,yogurt,0,afternoon,3,3,3,1.0,0.0,0.4614,0.3923
Organic Low Sodium Super Veggie Juice,beverages,juice nectars,0,afternoon,4,4,4,1.0,0.0001,0.4614,0.3923
Original Brown N' Serve Sausage Links,meat seafood,hot dogs bacon sausage,0,afternoon,1,1,1,1.0,0.0,0.4614,0.3923
Original Dairy Whipped Topping,dairy eggs,cream,0,afternoon,1,1,1,1.0,0.0,0.4614,0.3923
Original Recipe Beef Jerky Dog Treats,missing,missing,0,afternoon,1,1,1,1.0,0.0,0.4614,0.3923
Peanut Butter Honey Spread,pantry,honeys syrups nectars,0,afternoon,3,3,3,1.0,0.0,0.4614,0.3923
Premium Cuts Tuna Entree In Gravy Cat Food,pets,cat food care,0,afternoon,1,1,1,1.0,0.0,0.4614,0.3923
Premium Herring Fillet Wine Sauce,meat seafood,packaged seafood,0,afternoon,2,2,2,1.0,0.0,0.4614,0.3923
Pure Natural Invigorating Rosewater Hand Soap,personal care,soap,0,afternoon,1,1,1,1.0,0.0,0.4614,0.3923
Quick Cooking Medium Whole Grain Brown Rice,dry goods pasta,grains rice dried goods,0,afternoon,1,1,1,1.0,0.0,0.4614,0.3923
Quinoa with Mushrooms,dry goods pasta,grains rice dried goods,0,afternoon,1,1,1,1.0,0.0,0.4614,0.3923
Salad Bar,deli,prepared soups salads,0,afternoon,2,2,2,1.0,0.0,0.4614,0.3923
Sardines in Water Salt Added,international,kosher foods,0,afternoon,1,1,1,1.0,0.0,0.4614,0.3923
"Sauce, Hollandaise",pantry,condiments,0,afternoon,1,1,1,1.0,0.0,0.4614,0.3923
Silver Ultra Men's Multivitamin/Multimineral Supplement,personal care,vitamins supplements,0,afternoon,1,1,1,1.0,0.0,0.4614,0.3923
Smooth Mint Sugar-Free Gum,snacks,mint gum,0,afternoon,1,1,1,1.0,0.0,0.4614,0.3923
Snug & Dry Size 2 Diapers,babies,diapers wipes,0,afternoon,1,1,1,1.0,0.0,0.4614,0.3923
Soft Baked Cinnamon Breakfast Biscuits,snacks,cookies cakes,0,afternoon,1,1,1,1.0,0.0,0.4614,0.3923
Sour Gourmet Jelly Beans,snacks,candy chocolate,0,afternoon,2,2,2,1.0,0.0,0.4614,0.3923
Sourdough Tomato Basil Cracker,snacks,crackers,0,afternoon,1,1,1,1.0,0.0,0.4614,0.3923
Sparkling Catawba Grape Juice,international,kosher foods,0,afternoon,1,1,1,1.0,0.0,0.4614,0.3923
"Sparkling Mineral Water, Classic",beverages,water seltzer sparkling water,0,afternoon,1,1,1,1.0,0.0,0.4614,0.3923
Sriracha,pantry,condiments,0,afternoon,1,1,1,1.0,0.0,0.4614,0.3923
Strawberry Banana Fruit on the Bottom Nonfat Greek Yogurt,dairy eggs,yogurt,0,afternoon,1,1,1,1.0,0.0,0.4614,0.3923
Ten Hills Pale Ale,alcohol,beers coolers,0,afternoon,1,1,1,1.0,0.0,0.4614,0.3923
Tex Mex Salsa,deli,fresh dips tapenades,0,afternoon,1,1,1,1.0,0.0,0.4614,0.3923
"Tomatoes, All Purpose Ground",canned goods,canned jarred vegetables,0,afternoon,2,2,2,1.0,0.0,0.4614,0.3923
"Toothpaste, Fluoride-Free, Antigingivitis, Peppermint Sage",personal care,oral hygiene,0,afternoon,1,1,1,1.0,0.0,0.4614,0.3923
Ultimate Softening Foot Cream,personal care,first aid,0,afternoon,1,1,1,1.0,0.0,0.4614,0.3923
Vanilla Hazelnut Handcrafted Coffee,beverages,coffee,0,afternoon,1,1,1,1.0,0.0,0.4614,0.3923
Vanilla Yougurt with Snickers Pieces,snacks,candy chocolate,0,afternoon,1,1,1,1.0,0.0,0.4614,0.3923
Vegetable Combo Sp,deli,prepared meals,0,afternoon,4,4,4,1.0,0.0001,0.4614,0.3923
"Wax Strips, Face & Bikini, All Hair Types",personal care,shave needs,0,afternoon,2,2,2,1.0,0.0,0.4614,0.3923
White Clam Italian Style Pasta Sauce,dry goods pasta,pasta sauce,0,afternoon,1,1,1,1.0,0.0,0.4614,0.3923
Yerba Mate Caffeinated Loose Tea,beverages,tea,0,afternoon,1,1,1,1.0,0.0,0.4614,0.3923
Supreme Party Pizza,frozen,frozen pizza,0,afternoon,17,13,17,0.7647,0.0003,0.8132,0.3922
Cold Brew Mexican Vanilla 4 Pk,beverages,coffee,0,afternoon,29,23,29,0.7931,0.0006,0.7696,0.3921
ProActive Health Adult Chicken Dry Cat Food,pets,cat food care,0,afternoon,10,9,10,0.9,0.0002,0.6102,0.3921
Black Bean Salsa,pantry,preserved dips spreads,0,afternoon,36,23,36,0.6389,0.0007,1.0,0.392
Gluten Free Multigrain Baked Crackers,snacks,crackers,0,afternoon,35,25,35,0.7143,0.0007,0.8866,0.3919
Kombucha Ginger Bottle,beverages,refrigerated,0,afternoon,23,19,23,0.8261,0.0004,0.7192,0.3919
Long Grain & Wild Rice,dry goods pasta,instant foods,0,afternoon,47,30,47,0.6383,0.0009,1.0,0.3919
"Turkey, Pepperoni & Cheese Ready to Eat Meal Kit",dry goods pasta,instant foods,0,afternoon,8,6,8,0.75,0.0001,0.8342,0.3919
Unsweetened Almondmilk,dairy eggs,soy lactosefree,0,afternoon,4667,3429,4667,0.7347,0.0919,0.6278,0.3919
Best Grains Bread 100% Whole Wheat Bread,bakery,bread,0,afternoon,36,25,36,0.6944,0.0007,0.9155,0.3918
Cravin' Raisin Cinnamon Spice Gluten Free Bread,bakery,bread,0,afternoon,10,8,10,0.8,0.0002,0.7585,0.3918
Filtered Fresh 1% Low Fat Milk,dairy eggs,milk,0,afternoon,10,8,10,0.8,0.0002,0.7585,0.3918
Gourmet French Roast Ground Coffee,beverages,coffee,0,afternoon,6,5,6,0.8333,0.0001,0.709,0.3918
Snug & Dry Size 6 Diapers,babies,diapers wipes,0,afternoon,6,5,6,0.8333,0.0001,0.709,0.3918
Big Chewy Sweet Salty Chocolate Salted Caramel Granola Bars,snacks,energy granola bars,0,afternoon,5,4,5,0.8,0.0001,0.7585,0.3917
Cream Top with Chocolate on the Bottom Yogurt,dairy eggs,yogurt,0,afternoon,237,177,237,0.7468,0.0047,0.8265,0.3917
Organic Lavenberry Puree Level 2,babies,baby food formula,0,afternoon,72,56,72,0.7778,0.0014,0.7879,0.3916
Icelandic Style Skyr 0% Milkfat Strained Non-Fat Yogurt Pomegranate & Passion Fruit,dairy eggs,yogurt,0,afternoon,76,50,76,0.6579,0.0015,0.9669,0.3915
Kids Strawberry Yogurt Tubes,dairy eggs,yogurt,0,afternoon,120,89,120,0.7417,0.0023,0.8393,0.3915
Organic Pasture Raised Brown Eggs,dairy eggs,eggs,0,afternoon,423,328,423,0.7754,0.0083,0.7735,0.3915
Black Forest Ham,deli,lunch meat,0,afternoon,348,246,348,0.7069,0.0068,0.8795,0.3914
Coco Cafe Cafe Latte Coconut Water,beverages,juice nectars,0,afternoon,19,13,19,0.6842,0.0004,0.9294,0.3913
Multiple Cat Clumping Formula Cat Litter,pets,cat food care,0,afternoon,31,26,31,0.8387,0.0006,0.697,0.3913
Essential Orange-Orange Vitamin Water Drink,beverages,energy sports drinks,0,afternoon,94,67,94,0.7128,0.0018,0.8821,0.3912
Air Chilled Organic Boneless Skinless Chicken Breasts,meat seafood,poultry counter,0,afternoon,2102,1417,2102,0.6741,0.0414,0.8411,0.3911
Italian Entrees Marinara Penne Pasta,canned goods,canned meals beans,0,afternoon,22,14,22,0.6364,0.0004,1.0,0.3911
Organic Yokids Lemonade/Blueberry Variety Pack Yogurt Squeezers Tubes,dairy eggs,yogurt,0,afternoon,727,556,727,0.7648,0.0143,0.7723,0.3911
Shredded Parmesan,dairy eggs,packaged cheese,0,afternoon,4261,2716,4261,0.6374,0.0839,0.7893,0.3911
Aunt Mary Ann's Sunday Marinara Pasta Sauce,dry goods pasta,pasta sauce,0,afternoon,11,7,11,0.6364,0.0002,1.0,0.391
Crema E Gusto Dark Roast Ground Coffee,beverages,coffee,0,afternoon,11,7,11,0.6364,0.0002,1.0,0.391
Disney Pixar Cars Pasta & Broccoli with a Cheese Sauce Entree,frozen,frozen meals,0,afternoon,11,7,11,0.6364,0.0002,1.0,0.391
Enriched Unsweetened Quinoamilk Beverage,dairy eggs,soy lactosefree,0,afternoon,11,7,11,0.6364,0.0002,1.0,0.391
"Fruit Bars, Dark Chocolate Covered, Creamy Strawberry",frozen,ice cream ice,0,afternoon,11,8,11,0.7273,0.0002,0.8638,0.391
Ginger Cookie,bakery,bakery desserts,0,afternoon,11,7,11,0.6364,0.0002,1.0,0.391
Grooves Zesty Cheddar Ranch Crispy Cracker Chips,snacks,crackers,0,afternoon,25,18,25,0.72,0.0005,0.8738,0.391
Organic Raspberry Guayusa Beverage,beverages,tea,0,afternoon,11,7,11,0.6364,0.0002,1.0,0.391
Peas and Potatoe Roti Paratha,international,indian foods,0,afternoon,11,7,11,0.6364,0.0002,1.0,0.391
Red Wine Vinegar Kettle Cooked Potato Chips,snacks,chips pretzels,0,afternoon,11,7,11,0.6364,0.0002,1.0,0.391
White Kidney Beans,canned goods,soup broth bouillon,0,afternoon,11,7,11,0.6364,0.0002,1.0,0.391
Allergy Relief,personal care,cold flu allergy,0,afternoon,6,4,6,0.6667,0.0001,0.9541,0.3909
Body Clear Body Scrub,personal care,body lotions soap,0,afternoon,6,4,6,0.6667,0.0001,0.9541,0.3909
Brown Fertile Jumbo Grade AA Eggs,dairy eggs,eggs,0,afternoon,40,33,40,0.825,0.0008,0.7151,0.3909
Pink Grapefruit Sparkling Water with Juice,beverages,water seltzer sparkling water,0,afternoon,9,6,9,0.6667,0.0002,0.9541,0.3909
Watermelon & Green Apple Soft Chewy Candy Bites,snacks,candy chocolate,0,afternoon,9,6,9,0.6667,0.0002,0.9541,0.3909
Black Sheep Vanilla Yogurt,dairy eggs,yogurt,0,afternoon,8,8,8,1.0,0.0001,0.4536,0.3908
California Ripe Pitted Jumbo Olives,pantry,pickled goods olives,0,afternoon,3,2,3,0.6667,0.0,0.9541,0.3908
Core Original Fish And Fowl Cat Food,pets,cat food care,0,afternoon,3,2,3,0.6667,0.0,0.9541,0.3908
Designer Plates,household,plates bowls cups flatware,0,afternoon,3,2,3,0.6667,0.0,0.9541,0.3908
Fancy Feast Creamy Chicken & Vegetables Broth Cat Food,pets,cat food care,0,afternoon,3,2,3,0.6667,0.0,0.9541,0.3908
Freeze Dried Strawberries,snacks,nuts seeds dried fruit,0,afternoon,3,2,3,0.6667,0.0,0.9541,0.3908
Hearty Sweet & Tasty Tomato Pasta Sauce,dry goods pasta,pasta sauce,0,afternoon,3,2,3,0.6667,0.0,0.9541,0.3908
Honey Ginger Dressing,pantry,salad dressing toppings,0,afternoon,3,2,3,0.6667,0.0,0.9541,0.3908
"Ibuprofen Tablets, 200 mg",personal care,muscles joints pain relief,0,afternoon,3,2,3,0.6667,0.0,0.9541,0.3908
Jack Daniel's Marinade-in-a-Bag Honey Teriyaki Liquid Marinade,pantry,marinades meat preparation,0,afternoon,3,2,3,0.6667,0.0,0.9541,0.3908
Lilac Votive,household,air fresheners candles,0,afternoon,7,6,7,0.8571,0.0001,0.668,0.3908
Organic Extra Large Grade AA Brown Eggs,dairy eggs,eggs,0,afternoon,1606,1159,1606,0.7217,0.0316,0.7925,0.3908
Primadophilus Optima Women's,personal care,digestion,0,afternoon,3,2,3,0.6667,0.0,0.9541,0.3908
Rich Red Blend,alcohol,red wines,0,afternoon,3,2,3,0.6667,0.0,0.9541,0.3908
Ring O Noodle Soup Mix with Real Chicken Broth,canned goods,soup broth bouillon,0,afternoon,3,2,3,0.6667,0.0,0.9541,0.3908
"Sauce, Hotter, Family Reserve",pantry,condiments,0,afternoon,3,2,3,0.6667,0.0,0.9541,0.3908
Shreds Original Shredded Cheese,dairy eggs,packaged cheese,0,afternoon,3,2,3,0.6667,0.0,0.9541,0.3908
Spice Drops,snacks,candy chocolate,0,afternoon,3,2,3,0.6667,0.0,0.9541,0.3908
Tumblers for Cats Toss Roll & Treat Chicken & Turkey,pets,cat food care,0,afternoon,3,2,3,0.6667,0.0,0.9541,0.3908
Zinc Tablets,personal care,vitamins supplements,0,afternoon,3,2,3,0.6667,0.0,0.9541,0.3908
Cheese Flavor Puffcorn,snacks,chips pretzels,0,afternoon,12,10,12,0.8333,0.0002,0.703,0.3907
Half & Half,dairy eggs,cream,0,afternoon,5834,4280,5834,0.7336,0.1149,0.5658,0.3907
Spearmint Sugar-Fee Gum,snacks,mint gum,0,afternoon,15,12,15,0.8,0.0003,0.753,0.3907
White Cran-Peach Juice Drink,beverages,juice nectars,0,afternoon,23,16,23,0.6957,0.0004,0.9087,0.3907
Corn Chips,snacks,chips pretzels,0,afternoon,953,736,953,0.7723,0.0188,0.7478,0.3906
Ham & American Funpack Lunchable,deli,prepared meals,0,afternoon,34,25,34,0.7353,0.0007,0.8485,0.3906
Oranic Kamut Vegetable Pasta Spirals,dry goods pasta,dry pasta,0,afternoon,8,7,8,0.875,0.0001,0.6401,0.3906
Sprouted Seed Spelt Bread,bakery,bread,0,afternoon,8,7,8,0.875,0.0001,0.6401,0.3906
Chicken Burrito,deli,prepared meals,0,afternoon,9,7,9,0.7778,0.0002,0.7854,0.3905
Shredded Sharp Cheddar,dairy eggs,specialty cheeses,0,afternoon,36,23,36,0.6389,0.0007,0.992,0.3904
Blueberry Banana Walnut Hot Oats,breakfast,hot cereal pancake mixes,0,afternoon,30,19,30,0.6333,0.0006,1.0,0.3903
Kids Mashups Blueberry Blitz Fruit And Veggie Smoothie,babies,baby food formula,0,afternoon,11,9,11,0.8182,0.0002,0.7237,0.3903
Real Mexican Style Hot Sauce,pantry,condiments,0,afternoon,6,6,6,1.0,0.0001,0.4511,0.3903
Citrus Terere Yerba Mate,beverages,tea,0,afternoon,23,17,23,0.7391,0.0004,0.8414,0.3902
Organic Carrots Zucchini & Broccoli Baby Food,babies,baby food formula,0,afternoon,3,3,3,1.0,0.0,0.4511,0.3902
Spicy Uncured Bacon & Egg Roasted Potato Jalapeno & Cheddar Burrito,frozen,frozen breakfast,0,afternoon,83,57,83,0.6867,0.0016,0.917,0.3902
Special K Protein Milk Chocolate Protein Shakes,personal care,protein meal replacements,0,afternoon,35,25,35,0.7143,0.0007,0.8769,0.39
Fat Free Small Curd Cottage Cheese,dairy eggs,other creams cheeses,0,afternoon,39,27,39,0.6923,0.0007,0.9091,0.3899
Organic Pure Blueberry Juice,beverages,juice nectars,0,afternoon,14,12,14,0.8571,0.0003,0.6634,0.3899
Sonoma Traditional Flour Tortillas 10 Count,bakery,tortillas flat bread,0,afternoon,1024,698,1024,0.6816,0.0202,0.8768,0.3899
Butter Crisps Wafer Cookies,snacks,cookies cakes,0,afternoon,38,24,38,0.6316,0.0007,1.0,0.3898
Lite Energy Drink,beverages,energy sports drinks,0,afternoon,43,35,43,0.814,0.0008,0.7261,0.3898
Oikos Triple Zero Greek Strawberry Yogurt,dairy eggs,yogurt,0,afternoon,38,24,38,0.6316,0.0007,1.0,0.3898
Pure Doctor Kombucha,beverages,soft drinks,0,afternoon,21,14,21,0.6667,0.0004,0.9479,0.3898
Unsweetened Coconut Water,beverages,juice nectars,0,afternoon,262,202,262,0.771,0.0051,0.7796,0.3898
Windy City Crunch Salad,produce,packaged vegetables fruits,0,afternoon,36,24,36,0.6667,0.0007,0.9468,0.3897
Bunched Cilantro,produce,fresh herbs,0,afternoon,5635,3159,5635,0.5606,0.111,0.8296,0.3896
Mini Muffins,bakery,breakfast bakery,0,afternoon,24,18,24,0.75,0.0005,0.8218,0.3896
Apricot Conserves,pantry,preserved dips spreads,0,afternoon,6,5,6,0.8333,0.0001,0.697,0.3895
Chewy Chicken Flavor Dog Treats,pets,dog food care,0,afternoon,6,5,6,0.8333,0.0001,0.697,0.3895
Cookies 'n' Creme,snacks,candy chocolate,0,afternoon,18,12,18,0.6667,0.0003,0.9468,0.3895
G2 Low Calorie Fruit Punch Drink,beverages,energy sports drinks,0,afternoon,68,43,68,0.6324,0.0013,0.9958,0.3895
Oil-Free Eye Makeup Remover Pads,personal care,beauty,0,afternoon,6,5,6,0.8333,0.0001,0.697,0.3895
Organic 85% Dark Chocolate Black Rice Quinoa Crunch,snacks,candy chocolate,0,afternoon,27,19,27,0.7037,0.0005,0.8904,0.3895
Swiss Cheese Slices,dairy eggs,packaged cheese,0,afternoon,31,23,31,0.7419,0.0006,0.833,0.3895
Uncured Genoa Salami,deli,lunch meat,0,afternoon,4542,3002,4542,0.6609,0.0895,0.7323,0.3895
Gucamole,deli,fresh dips tapenades,0,afternoon,4,3,4,0.75,0.0001,0.8218,0.3894
Organic Protein Vanilla Smoothie,personal care,protein meal replacements,0,afternoon,10,7,10,0.7,0.0002,0.8964,0.3894
Organic Spinach Pow Salad,deli,prepared soups salads,0,afternoon,4,3,4,0.75,0.0001,0.8218,0.3894
Soppresata Dry Salame,deli,lunch meat,0,afternoon,4,3,4,0.75,0.0001,0.8218,0.3894
Triple Creme 70% Brie Cheese,dairy eggs,specialty cheeses,0,afternoon,4,3,4,0.75,0.0001,0.8218,0.3894
Ultra Thin Crust Ultimate Combo Pizza,frozen,frozen pizza,0,afternoon,10,7,10,0.7,0.0002,0.8964,0.3894
Smoked Ham Style Deli Slices,deli,tofu meat alternatives,0,afternoon,17,12,17,0.7059,0.0003,0.8869,0.3893
Adult Urinary Tract Health Formula Cat Food,pets,cat food care,0,afternoon,2,2,2,1.0,0.0,0.4462,0.3892
Almond Chunky Chocolate,snacks,candy chocolate,0,afternoon,2,2,2,1.0,0.0,0.4462,0.3892
Apple Cinnamon Yogurt,dairy eggs,yogurt,0,afternoon,2,2,2,1.0,0.0,0.4462,0.3892
Apple Pie Flavor Protein Bar,snacks,energy granola bars,0,afternoon,2,2,2,1.0,0.0,0.4462,0.3892
Complete Wheat 100% Whole Wheat Bread,bakery,bread,0,afternoon,2,2,2,1.0,0.0,0.4462,0.3892
Diet Caffeine Free Cola,beverages,soft drinks,0,afternoon,2,2,2,1.0,0.0,0.4462,0.3892
Fancy Feast Filet Mignon with Real Seafood & Shrimp Dry Cat Food,pets,cat food care,0,afternoon,2,2,2,1.0,0.0,0.4462,0.3892
Nestle Drumstick Sundae,frozen,ice cream ice,0,afternoon,2,2,2,1.0,0.0,0.4462,0.3892
Scrambled Eggs and Bacon with Hash Brown Potato,frozen,frozen breakfast,0,afternoon,2,2,2,1.0,0.0,0.4462,0.3892
Seasonal Fruit Salad,produce,packaged vegetables fruits,0,afternoon,2,2,2,1.0,0.0,0.4462,0.3892
Spicy Spinach Blend,produce,packaged vegetables fruits,0,afternoon,2,2,2,1.0,0.0,0.4462,0.3892
Three Cheese Asparagus Ravioli Refrigerated Pasta,dry goods pasta,fresh pasta,0,afternoon,2,2,2,1.0,0.0,0.4462,0.3892
Vegan Citrus Sparerib Cutlets,frozen,frozen vegan vegetarian,0,afternoon,2,2,2,1.0,0.0,0.4462,0.3892
White Cake Icing,pantry,baking supplies decor,0,afternoon,2,2,2,1.0,0.0,0.4462,0.3892
Whole Grain Melba Snacks,snacks,crackers,0,afternoon,2,2,2,1.0,0.0,0.4462,0.3892
Pepper Turkey,deli,lunch meat,0,afternoon,27,17,27,0.6296,0.0005,1.0,0.3891
PubHouse Battered Cod,frozen,frozen meat seafood,0,afternoon,7,5,7,0.7143,0.0001,0.8738,0.3891
Slow Roasted Thai Basil Chick'n,deli,tofu meat alternatives,0,afternoon,27,17,27,0.6296,0.0005,1.0,0.3891
Blueberry Pecan Mix Granola,breakfast,granola,0,afternoon,47,32,47,0.6809,0.0009,0.9208,0.3889
Organic Kiwi,produce,fresh fruits,0,afternoon,4819,3412,4819,0.708,0.0949,0.645,0.3889
"Tortilla Chips, Original",snacks,chips pretzels,0,afternoon,35,22,35,0.6286,0.0007,1.0,0.3889
Organic Half & Half,dairy eggs,cream,0,afternoon,5896,4465,5896,0.7573,0.1162,0.5176,0.3888
Grated Parmesan,dairy eggs,packaged cheese,0,afternoon,5225,3166,5225,0.6059,0.1029,0.7771,0.3887
Salt N' Pepper Bean and Rice Chips,snacks,chips pretzels,0,afternoon,13,10,13,0.7692,0.0002,0.7892,0.3887
One Chocolate Cherry Almond Meal Bar,personal care,protein meal replacements,0,afternoon,27,19,27,0.7037,0.0005,0.8862,0.3886
Gluten Free Special K Touch of Brown Sugar Cereal,breakfast,cereal,0,afternoon,5,4,5,0.8,0.0001,0.7421,0.3885
Golden Couscous,dry goods pasta,grains rice dried goods,0,afternoon,5,4,5,0.8,0.0001,0.7421,0.3885
Gruner Veltliner,alcohol,white wines,0,afternoon,10,8,10,0.8,0.0002,0.7421,0.3885
Organic Italian Parsley Bunch,produce,fresh herbs,0,afternoon,6643,3897,6643,0.5866,0.1309,0.7353,0.3885
Original Flatbread Gluten Free,snacks,crackers,0,afternoon,32,22,32,0.6875,0.0006,0.9097,0.3885
Rainbow Roll,other,other,0,afternoon,9,7,9,0.7778,0.0002,0.7756,0.3885
Family Size Lightly Salted Potato Chips,snacks,chips pretzels,0,afternoon,11,7,11,0.6364,0.0002,0.9871,0.3884
Mini Beef Corn Dogs,frozen,frozen appetizers sides,0,afternoon,3,3,3,1.0,0.0,0.4413,0.3883
"Napkins, Dinner, Ultra White",household,paper goods,0,afternoon,3,3,3,1.0,0.0,0.4413,0.3883
Original Wheat Berry Flakes,breakfast,cereal,0,afternoon,22,16,22,0.7273,0.0004,0.8493,0.3883
Rice Puffs Cereal,breakfast,cereal,0,afternoon,82,52,82,0.6341,0.0016,0.9861,0.3883
Roasted Seaweed Snacks,international,asian foods,0,afternoon,275,199,275,0.7236,0.0054,0.8424,0.3883
Organic Grade A Free Range Large Brown Eggs,dairy eggs,eggs,0,afternoon,4134,2888,4134,0.6986,0.0814,0.689,0.3881
Chocolate Coconut Nutrition Bar,snacks,energy granola bars,0,afternoon,28,22,28,0.7857,0.0005,0.7603,0.388
Crunchy Corn Sticks,snacks,chips pretzels,0,afternoon,9,6,9,0.6667,0.0002,0.9397,0.388
"Liquid Laundry Detergent with Bleach Alternative, Original scent",household,laundry,0,afternoon,9,6,9,0.6667,0.0002,0.9397,0.388
Mozzarella Fine Cut Shredded Cheese,dairy eggs,packaged cheese,0,afternoon,9,6,9,0.6667,0.0002,0.9397,0.388
Santa Fe Fiesta Salad,deli,prepared soups salads,0,afternoon,315,214,315,0.6794,0.0062,0.9054,0.388
Spicy Veggie Wraps,deli,prepared meals,0,afternoon,9,6,9,0.6667,0.0002,0.9397,0.388
Philippine Mango,snacks,nuts seeds dried fruit,0,afternoon,49,31,49,0.6327,0.0009,0.9884,0.3879
Beef Empanadas,deli,prepared meals,0,afternoon,27,19,27,0.7037,0.0005,0.882,0.3878
Grass-Fed Yogurt Blueberry Cardamom,dairy eggs,yogurt,0,afternoon,13,9,13,0.6923,0.0002,0.9,0.3878
Mocha Frappuccino,beverages,coffee,0,afternoon,13,9,13,0.6923,0.0002,0.9,0.3878
Black Pepper Steaks,frozen,frozen vegan vegetarian,0,afternoon,24,15,24,0.625,0.0005,1.0,0.3877
Lentil Salad,deli,prepared soups salads,0,afternoon,71,52,71,0.7324,0.0014,0.8365,0.3877
Light & Fit Greek Raspberry Chocolate,dairy eggs,yogurt,0,afternoon,24,15,24,0.625,0.0005,1.0,0.3877
Steamers Tuscan Seasoned Broccoli,frozen,frozen produce,0,afternoon,24,15,24,0.625,0.0005,1.0,0.3877
Artisan Style Multigrain Tortillas,bakery,tortillas flat bread,0,afternoon,8,5,8,0.625,0.0001,1.0,0.3876
Bold Mix Variety Pack,snacks,chips pretzels,0,afternoon,8,5,8,0.625,0.0001,1.0,0.3876
"Brown, Red & Black Ready Rice",dry goods pasta,grains rice dried goods,0,afternoon,8,5,8,0.625,0.0001,1.0,0.3876
"Cabernet Sauvignon, Paso Robles, 2012",alcohol,red wines,0,afternoon,16,10,16,0.625,0.0003,1.0,0.3876
Chicken Jerky Tenders Dog Treats,pets,dog food care,0,afternoon,8,5,8,0.625,0.0001,1.0,0.3876
Chicken Sausage 3 Cheese Italian Style,meat seafood,hot dogs bacon sausage,0,afternoon,16,10,16,0.625,0.0003,1.0,0.3876
Country White Whole Wheat Bread,bakery,bread,0,afternoon,8,5,8,0.625,0.0001,1.0,0.3876
Cranberry Kombucha,beverages,refrigerated,0,afternoon,26,21,26,0.8077,0.0005,0.7253,0.3876
Everything Hommus,deli,fresh dips tapenades,0,afternoon,8,5,8,0.625,0.0001,1.0,0.3876
Kickstart Pineapple Orange Mango,beverages,soft drinks,0,afternoon,8,5,8,0.625,0.0001,1.0,0.3876
Milk Chocolate Caramel Bar,snacks,candy chocolate,0,afternoon,16,10,16,0.625,0.0003,1.0,0.3876
Nonfat High Protein Mixed Berry Kefir,beverages,refrigerated,0,afternoon,8,5,8,0.625,0.0001,1.0,0.3876
Organic Culture Cola,beverages,soft drinks,0,afternoon,8,5,8,0.625,0.0001,1.0,0.3876
Organic Vanilla Cupcake Sandwich Cookies,snacks,cookies cakes,0,afternoon,8,5,8,0.625,0.0001,1.0,0.3876
Peanut Butter Crunch Nutrition Bar,snacks,energy granola bars,0,afternoon,8,5,8,0.625,0.0001,1.0,0.3876
"Refried Beans, with Jalapenos",canned goods,canned meals beans,0,afternoon,16,10,16,0.625,0.0003,1.0,0.3876
Salame Toscano,deli,prepared meals,0,afternoon,8,5,8,0.625,0.0001,1.0,0.3876
Spinach and Artichoke Ravioli Refrigerated Pasta,dry goods pasta,fresh pasta,0,afternoon,8,5,8,0.625,0.0001,1.0,0.3876
Strawberry White Tea,beverages,tea,0,afternoon,8,5,8,0.625,0.0001,1.0,0.3876
The Prisoner Blend,alcohol,red wines,0,afternoon,8,5,8,0.625,0.0001,1.0,0.3876
"Three Cheese Ziti, Marinara with Meatballs",frozen,frozen meals,0,afternoon,16,10,16,0.625,0.0003,1.0,0.3876
"Tortillas, Artisan Corn",bakery,tortillas flat bread,0,afternoon,8,5,8,0.625,0.0001,1.0,0.3876
Unsweetened Green Tea Made With Real Matcha,dairy eggs,yogurt,0,afternoon,16,10,16,0.625,0.0003,1.0,0.3876
Whole Wheat Ramen Noodles,international,asian foods,0,afternoon,8,5,8,0.625,0.0001,1.0,0.3876
Low Salt Ham,deli,lunch meat,0,afternoon,57,46,57,0.807,0.0011,0.7241,0.3875
Smooth Caramel Hard Candy,snacks,candy chocolate,0,afternoon,5,5,5,1.0,0.0001,0.4375,0.3875
Almond Oat Bars,snacks,energy granola bars,0,afternoon,13,10,13,0.7692,0.0002,0.7823,0.3874
Chickpea Salad,deli,prepared soups salads,0,afternoon,116,88,116,0.7586,0.0023,0.7933,0.3874
Mushroom Stems & Pieces,canned goods,canned jarred vegetables,0,afternoon,13,10,13,0.7692,0.0002,0.7823,0.3874
Organic  Whole Milk,dairy eggs,milk,0,afternoon,927,774,927,0.835,0.0182,0.6388,0.3874
Chicken Liver Paté Canned Cat Food,pets,cat food care,0,afternoon,14,11,14,0.7857,0.0003,0.7573,0.3873
Gluten Free Vegan Chocolate Chocolate Chip Protein Bar,snacks,energy granola bars,0,afternoon,98,78,98,0.7959,0.0019,0.7374,0.3872
Lean Beef Salami,deli,lunch meat,0,afternoon,11,8,11,0.7273,0.0002,0.8446,0.3872
Lemonade Sweetened With Agave,beverages,refrigerated,0,afternoon,11,8,11,0.7273,0.0002,0.8446,0.3872
Mandarin Orange Sparkling Natural Spring Water,beverages,water seltzer sparkling water,0,afternoon,159,113,159,0.7107,0.0031,0.8621,0.3872
Marble Jack Cheese,dairy eggs,packaged cheese,0,afternoon,11,8,11,0.7273,0.0002,0.8446,0.3872
Old Fashioned Potato Salad,deli,prepared soups salads,0,afternoon,7,6,7,0.8571,0.0001,0.6499,0.3872
Organic Pinot Noir,alcohol,red wines,0,afternoon,7,6,7,0.8571,0.0001,0.6499,0.3872
Sea Salt Crisps,snacks,crackers,0,afternoon,32,24,32,0.75,0.0006,0.8097,0.3872
1% Milkfat Low Fat Vitamin A & D Milk,dairy eggs,milk,0,afternoon,149,124,149,0.8322,0.0029,0.6799,0.3871
Feta Cheese with Herbs & Spices in Oil,dairy eggs,specialty cheeses,0,afternoon,10,7,10,0.7,0.0002,0.8849,0.3871
Flax Milk Dairy Free Protein+ Unsweetened Vanilla,deli,tofu meat alternatives,0,afternoon,119,86,119,0.7227,0.0023,0.8459,0.3871
Organic Baby Broccoli,produce,fresh vegetables,0,afternoon,3782,2401,3782,0.6348,0.0745,0.7968,0.3871
Ultra Thin Crust Margherita Pizza,frozen,frozen pizza,0,afternoon,6,5,6,0.8333,0.0001,0.6854,0.3871
Sea Salt & Maple Butter,dairy eggs,butter,0,afternoon,8,6,8,0.75,0.0001,0.8097,0.387
Strawberry Lowfat Yogurt with M&M's,dairy eggs,yogurt,0,afternoon,8,6,8,0.75,0.0001,0.8097,0.387
Sweet Potato Gnocchi,dry goods pasta,fresh pasta,0,afternoon,66,41,66,0.6212,0.0013,1.0,0.387
Watermelon 3 in 1 Shampoo Conditioner and Body Wash,personal care,hair care,0,afternoon,14,9,14,0.6429,0.0003,0.97,0.387
Best Vegetarian Baked Beans,canned goods,canned meals beans,0,afternoon,16,11,16,0.6875,0.0003,0.9023,0.3869
"Refried Beans, Black, Fat Free, Organic, Vegetarian",canned goods,canned meals beans,0,afternoon,10,8,10,0.8,0.0002,0.7342,0.3869
"Baby Food Pouch - Kale, Sweet Corn & Quinoa",babies,baby food formula,0,afternoon,127,92,127,0.7244,0.0025,0.8411,0.3868
Organic Black Beans,canned goods,canned meals beans,0,afternoon,4670,2739,4670,0.5865,0.092,0.8243,0.3868
Bean Three-Cheese & Jalepeno Burrito,frozen,frozen appetizers sides,0,afternoon,6,4,6,0.6667,0.0001,0.9327,0.3866
Blueberry Morning Blueberry Cereal,breakfast,cereal,0,afternoon,6,4,6,0.6667,0.0001,0.9327,0.3866
Goo Berry Pie Probugs Kefir,dairy eggs,yogurt,0,afternoon,637,513,637,0.8053,0.0125,0.6936,0.3866
Grandma's Hummus,deli,fresh dips tapenades,0,afternoon,482,351,482,0.7282,0.0095,0.8169,0.3866
No Salt Added Black Beans,canned goods,canned meals beans,0,afternoon,3686,2133,3686,0.5787,0.0726,0.8833,0.3866
Swedish Pancake Mix,breakfast,hot cereal pancake mixes,0,afternoon,9,7,9,0.7778,0.0002,0.766,0.3866
Voltage Soda,beverages,soft drinks,0,afternoon,6,4,6,0.6667,0.0001,0.9327,0.3866
El Ciprés Whole Bean Coffee,beverages,coffee,0,afternoon,31,24,31,0.7742,0.0006,0.77,0.3865
Steamfresh Premium Selects Frozen Gold & White Corn,frozen,frozen produce,0,afternoon,56,35,56,0.625,0.0011,0.9923,0.3865
Watermelon Chunks,produce,packaged vegetables fruits,0,afternoon,2564,1884,2564,0.7348,0.0505,0.704,0.3865
Apple Peach & Spinach Squeezable Fruit & Veggies,babies,baby food formula,0,afternoon,3,3,3,1.0,0.0,0.4319,0.3864
Asian Veggie Patties,frozen,frozen vegan vegetarian,0,afternoon,1,1,1,1.0,0.0,0.4319,0.3864
Black Pepper Croccantini,snacks,crackers,0,afternoon,1,1,1,1.0,0.0,0.4319,0.3864
Breaded Chicken Sandwich,frozen,frozen meals,0,afternoon,1,1,1,1.0,0.0,0.4319,0.3864
"Burgers, Gourmet",frozen,frozen meals,0,afternoon,1,1,1,1.0,0.0,0.4319,0.3864
Cabernet Sauvignon Alexander Valley,alcohol,red wines,0,afternoon,1,1,1,1.0,0.0,0.4319,0.3864
Calorie Free Ranch Dressing,pantry,salad dressing toppings,0,afternoon,1,1,1,1.0,0.0,0.4319,0.3864
Chicken Broth Fat Free Reduced Sodium,canned goods,soup broth bouillon,0,afternoon,1,1,1,1.0,0.0,0.4319,0.3864
Chocolate Espresso High Protein Bar,snacks,energy granola bars,0,afternoon,1,1,1,1.0,0.0,0.4319,0.3864
ColorSilk Dark Brown Haircolor,personal care,hair care,0,afternoon,1,1,1,1.0,0.0,0.4319,0.3864
Creme Brulee Coffee Creamer,dairy eggs,cream,0,afternoon,1,1,1,1.0,0.0,0.4319,0.3864
Dark Chocolate Covered Peppermint Patties,snacks,candy chocolate,0,afternoon,3,3,3,1.0,0.0,0.4319,0.3864
Dark Chocolate Mint Candy,snacks,candy chocolate,0,afternoon,1,1,1,1.0,0.0,0.4319,0.3864
Dark Chocolate Squares,snacks,candy chocolate,0,afternoon,2,2,2,1.0,0.0,0.4319,0.3864
"Dish Soap, Pink Grapefruit",household,dish detergents,0,afternoon,1,1,1,1.0,0.0,0.4319,0.3864
Divines Filled Chocolates Caramel,missing,missing,0,afternoon,1,1,1,1.0,0.0,0.4319,0.3864
"Dog Food, Adult, Grain-Free, Beef Tripe & Chicken, Apples & Green Peas Entree",pets,dog food care,0,afternoon,1,1,1,1.0,0.0,0.4319,0.3864
Duck & Sweet Potato Stew Recipe Dog Food,pets,dog food care,0,afternoon,2,2,2,1.0,0.0,0.4319,0.3864
Enhanced Pomegranate Blueberry Flavored 100% Juice Blend,beverages,refrigerated,0,afternoon,1,1,1,1.0,0.0,0.4319,0.3864
For Chicken Marinade,pantry,marinades meat preparation,0,afternoon,1,1,1,1.0,0.0,0.4319,0.3864
Four Meat & Four Cheese Pizza Garlic Buttery Crust,frozen,frozen meals,0,afternoon,1,1,1,1.0,0.0,0.4319,0.3864
Fresa Strawberry Premium Ice Cream Bars,frozen,ice cream ice,0,afternoon,1,1,1,1.0,0.0,0.4319,0.3864
Garlic Melba Rounds,snacks,crackers,0,afternoon,1,1,1,1.0,0.0,0.4319,0.3864
Ginger Mint Foam Bath,personal care,soap,0,afternoon,2,2,2,1.0,0.0,0.4319,0.3864
Gluten-Free Cranberry Apple with Walnut & Cinnamon Instant Oatmeal,breakfast,hot cereal pancake mixes,0,afternoon,1,1,1,1.0,0.0,0.4319,0.3864
Gojiberry Nut Bar,snacks,energy granola bars,0,afternoon,1,1,1,1.0,0.0,0.4319,0.3864
Isopropyl Rubbing Alcohol 70%,personal care,first aid,0,afternoon,1,1,1,1.0,0.0,0.4319,0.3864
Joint Comfort Tea,beverages,tea,0,afternoon,1,1,1,1.0,0.0,0.4319,0.3864
Learning Designs 4T-5T Boys Training Pants,babies,diapers wipes,0,afternoon,1,1,1,1.0,0.0,0.4319,0.3864
Light & Fit Greek Crunch Yogurt Peanut Butter Delight,missing,missing,0,afternoon,1,1,1,1.0,0.0,0.4319,0.3864
Light Blueberry Patch/Blackberry Pomegranate Variety Pack Fat Free Yogurt,dairy eggs,yogurt,0,afternoon,1,1,1,1.0,0.0,0.4319,0.3864
Margherita Crispy Flatbread Pizza,frozen,frozen pizza,0,afternoon,2,2,2,1.0,0.0,0.4319,0.3864
Milk Chocolate With Almonds Giant Candy Bar,snacks,candy chocolate,0,afternoon,1,1,1,1.0,0.0,0.4319,0.3864
Mixed Jumbo Raisins,snacks,nuts seeds dried fruit,0,afternoon,1,1,1,1.0,0.0,0.4319,0.3864
Nestle Drumstick Sundae Cone Grand Ice Cream,frozen,ice cream ice,0,afternoon,1,1,1,1.0,0.0,0.4319,0.3864
Organic Russian Caravan Tea,beverages,tea,0,afternoon,1,1,1,1.0,0.0,0.4319,0.3864
Organic Sauvignon Blanc,alcohol,white wines,0,afternoon,2,2,2,1.0,0.0,0.4319,0.3864
Pasta with Chunky Tomato & Meat Sauce Lasagna,canned goods,canned meals beans,0,afternoon,2,2,2,1.0,0.0,0.4319,0.3864
Pimiento Stuffed Manzanilla Olives,pantry,pickled goods olives,0,afternoon,1,1,1,1.0,0.0,0.4319,0.3864
Pomegranate Repair Serum,personal care,skin care,0,afternoon,1,1,1,1.0,0.0,0.4319,0.3864
Porcini Mushroom Italian Risotto,dry goods pasta,grains rice dried goods,0,afternoon,1,1,1,1.0,0.0,0.4319,0.3864
Proactive Health Lively Senior Cat Food,pets,cat food care,0,afternoon,1,1,1,1.0,0.0,0.4319,0.3864
Pull‑Ups Girls Learning Designs Training Pants 4T-5T,missing,missing,0,afternoon,1,1,1,1.0,0.0,0.4319,0.3864
Puppy Chow Complete,pets,dog food care,0,afternoon,2,2,2,1.0,0.0,0.4319,0.3864
Raw Vegan Bombay Ranch Kale Chips,snacks,fruit vegetable snacks,0,afternoon,1,1,1,1.0,0.0,0.4319,0.3864
Remoist Conditioner,personal care,hair care,0,afternoon,1,1,1,1.0,0.0,0.4319,0.3864
Rhodiola Rosea,other,other,0,afternoon,1,1,1,1.0,0.0,0.4319,0.3864
Roasted Veggies Brussel Sprouts,missing,missing,0,afternoon,1,1,1,1.0,0.0,0.4319,0.3864
Sambucus Bio-Certified Elderberry Natural Syrup Sugar-Free,personal care,vitamins supplements,0,afternoon,1,1,1,1.0,0.0,0.4319,0.3864
Sensitive Skin Extra Gentle Singles,babies,diapers wipes,0,afternoon,1,1,1,1.0,0.0,0.4319,0.3864
Small/Medium Maximum Absorbency Women Underwear,personal care,feminine care,0,afternoon,1,1,1,1.0,0.0,0.4319,0.3864
"Sports Drink, Coconut Water, Berry Blue",beverages,energy sports drinks,0,afternoon,1,1,1,1.0,0.0,0.4319,0.3864
Squirt Rub R 12 Floz 12 Pk 144 Floz,beverages,soft drinks,0,afternoon,1,1,1,1.0,0.0,0.4319,0.3864
Stuffed Clams,frozen,frozen meat seafood,0,afternoon,2,2,2,1.0,0.0,0.4319,0.3864
Taco Explosion Mix Tortilla Snacks,snacks,chips pretzels,0,afternoon,1,1,1,1.0,0.0,0.4319,0.3864
Tender Favorites Salmon & Crab Meat in Sauce Wet Cat Food,pets,cat food care,0,afternoon,1,1,1,1.0,0.0,0.4319,0.3864
The Original Spicy Sauce,pantry,condiments,0,afternoon,1,1,1,1.0,0.0,0.4319,0.3864
Tofu Ground Beef,deli,tofu meat alternatives,0,afternoon,1,1,1,1.0,0.0,0.4319,0.3864
Turmeric Flaxseed Crackers,missing,missing,0,afternoon,1,1,1,1.0,0.0,0.4319,0.3864
Ultra Thin Pizza Crust,bakery,tortillas flat bread,0,afternoon,1,1,1,1.0,0.0,0.4319,0.3864
Upbeat Brew Coffee,missing,missing,0,afternoon,1,1,1,1.0,0.0,0.4319,0.3864
Yellow Rice Mix,dry goods pasta,instant foods,0,afternoon,1,1,1,1.0,0.0,0.4319,0.3864
Zesty Bread & Butter Chips Pickles,pantry,pickled goods olives,0,afternoon,1,1,1,1.0,0.0,0.4319,0.3864
for Men Energy Face Scrub,personal care,facial care,0,afternoon,1,1,1,1.0,0.0,0.4319,0.3864
Classic Carbonated Natural Mineral Water,beverages,water seltzer sparkling water,0,afternoon,8,7,8,0.875,0.0001,0.6185,0.3863
Russian River Valley Sauvignon Blanc Wine,alcohol,white wines,0,afternoon,8,7,8,0.875,0.0001,0.6185,0.3863
Deep Italian Roast Whole Bean Coffee,beverages,coffee,0,afternoon,21,18,21,0.8571,0.0004,0.6441,0.3862
Cacao Hemp Walnut Bar,snacks,energy granola bars,0,afternoon,12,10,12,0.8333,0.0002,0.6798,0.3861
Lemon Real Italian Ice,frozen,ice cream ice,0,afternoon,42,26,42,0.619,0.0008,1.0,0.3861
Plain Bagel,bakery,breakfast bakery,0,afternoon,19,14,19,0.7368,0.0004,0.8244,0.3861
Mild Cheddar Cheese Sticks,dairy eggs,packaged cheese,0,afternoon,1200,925,1200,0.7708,0.0236,0.7145,0.386
Casero Queso Fresco Cheese,dairy eggs,packaged cheese,0,afternoon,21,13,21,0.619,0.0004,1.0,0.3859
Ground Coffee French Roast,beverages,coffee,0,afternoon,59,42,59,0.7119,0.0011,0.859,0.3859
Heat And Eat Organic Forbidden Rice Bowl,dry goods pasta,instant foods,0,afternoon,21,13,21,0.619,0.0004,1.0,0.3859
Lori's Lemon Tea,beverages,tea,0,afternoon,77,55,77,0.7143,0.0015,0.8541,0.3859
Organic Harmony Vegetable and Fruit Juice,beverages,juice nectars,0,afternoon,21,13,21,0.619,0.0004,1.0,0.3859
Organic Chocolate Chip Cookie Dough Ice Cream,frozen,ice cream ice,0,afternoon,45,28,45,0.6222,0.0009,0.9936,0.3858
Crunchy Pumpkin Spice Flax Granola Bars,snacks,energy granola bars,0,afternoon,31,23,31,0.7419,0.0006,0.814,0.3857
Ham & Cheddar Lunchable,deli,prepared meals,0,afternoon,56,37,56,0.6607,0.0011,0.9349,0.3857
Organic Egg Whites,dairy eggs,eggs,0,afternoon,2149,1550,2149,0.7213,0.0423,0.7409,0.3857
Golden White English Muffins,bakery,breakfast bakery,0,afternoon,78,57,78,0.7308,0.0015,0.8281,0.3856
Direct Trade El Diablo Dark Roast Whole Bean Coffee,beverages,coffee,0,afternoon,122,87,122,0.7131,0.0024,0.8517,0.3855
Organic Vanilla Oat Beverage,dairy eggs,soy lactosefree,0,afternoon,27,21,27,0.7778,0.0005,0.7597,0.3855
Armenian String Cheese,dairy eggs,packaged cheese,0,afternoon,49,36,49,0.7347,0.0009,0.8228,0.3854
"Grow & Gain Strawberry Nutrition Shake,",babies,baby food formula,0,afternoon,15,12,15,0.8,0.0003,0.7265,0.3854
Skim Milk,dairy eggs,milk,0,afternoon,1510,1149,1510,0.7609,0.0297,0.7112,0.3854
"Beef pot roast with roasted potatoes, carrots, sweet onions, green beans, and a rich gravy Beef Pot Roast",frozen,frozen meals,0,afternoon,5,4,5,0.8,0.0001,0.7265,0.3853
Chocolate Chip Muffins,bakery,breakfast bakery,0,afternoon,52,44,52,0.8462,0.001,0.6548,0.3853
Hemp Peach Organic Oatmeal,breakfast,hot cereal pancake mixes,0,afternoon,5,4,5,0.8,0.0001,0.7265,0.3853
Organic Jumbo Grade A Eggs,dairy eggs,eggs,0,afternoon,50,41,50,0.82,0.001,0.6942,0.3853
Special K Berry Streusel Pastry Crisps,breakfast,breakfast bars pastries,0,afternoon,5,4,5,0.8,0.0001,0.7265,0.3853
Strawberry Fiber Shake,babies,baby food formula,0,afternoon,5,4,5,0.8,0.0001,0.7265,0.3853
Frosted Mini Spooners Cereal,breakfast,cereal,0,afternoon,9,6,9,0.6667,0.0002,0.9257,0.3852
Broiler Pans,household,kitchen supplies,0,afternoon,15,11,15,0.7333,0.0003,0.825,0.3851
Extra Firm Sprouted Soybean Tofu,deli,tofu meat alternatives,0,afternoon,51,35,51,0.6863,0.001,0.8937,0.3851
Frosted Mini-Wheats Blueberry Cereal,breakfast,cereal,0,afternoon,19,15,19,0.7895,0.0004,0.7405,0.3851
Revive Rootbeer Kombucha,beverages,soft drinks,0,afternoon,28,19,28,0.6786,0.0005,0.9065,0.3851
Fruit Squish'ems Apple Strawberry,canned goods,canned fruit applesauce,0,afternoon,39,24,39,0.6154,0.0007,1.0,0.385
Hearty Nine Grain Bread,bakery,bread,0,afternoon,94,76,94,0.8085,0.0018,0.7077,0.385
Organic Tofu Veggie Burger,deli,tofu meat alternatives,0,afternoon,14,11,14,0.7857,0.0003,0.7456,0.385
Sun Cups Dark Chocolate,snacks,candy chocolate,0,afternoon,17,14,17,0.8235,0.0003,0.6888,0.385
Fresh Atlantic Salmon Fillet,meat seafood,seafood counter,0,afternoon,66,46,66,0.697,0.0013,0.8754,0.3848
Pure Leaf Sweet Tea,beverages,tea,0,afternoon,10,7,10,0.7,0.0002,0.8738,0.3848
Blueberry Little Muffins,bakery,breakfast bakery,0,afternoon,13,8,13,0.6154,0.0002,1.0,0.3847
Cold Shredded Chicken,deli,prepared meals,0,afternoon,8,6,8,0.75,0.0001,0.798,0.3847
Collezione Bucatini  Pasta,dry goods pasta,dry pasta,0,afternoon,13,8,13,0.6154,0.0002,1.0,0.3847
Core Gluten Free Mint Chocolate Bar,snacks,energy granola bars,0,afternoon,37,29,37,0.7838,0.0007,0.7461,0.3847
Italian-Style Entrees Tomato & Basil Penne,dry goods pasta,instant foods,0,afternoon,13,10,13,0.7692,0.0002,0.7689,0.3847
Lime Sparkling Water,beverages,water seltzer sparkling water,0,afternoon,4376,3151,4376,0.7201,0.0862,0.6278,0.3847
Lite Reduced Calorie Syrup,pantry,honeys syrups nectars,0,afternoon,13,8,13,0.6154,0.0002,1.0,0.3847
Organic Blue Corn Tortila Chips,snacks,chips pretzels,0,afternoon,9,7,9,0.7778,0.0002,0.7566,0.3847
Picante Tomato Cocktail Juice,beverages,juice nectars,0,afternoon,13,8,13,0.6154,0.0002,1.0,0.3847
"Training Pants, Size 3T-4T (32-40 lb), Disney Princess, Jumbo",babies,diapers wipes,0,afternoon,13,8,13,0.6154,0.0002,1.0,0.3847
Triple Zero Chocolate Greek Yogurt,dairy eggs,yogurt,0,afternoon,13,8,13,0.6154,0.0002,1.0,0.3847
Vegan Smoked Salmon,frozen,frozen vegan vegetarian,0,afternoon,8,6,8,0.75,0.0001,0.798,0.3847
2013 Zinfandel Red Wine,alcohol,red wines,0,afternoon,4,3,4,0.75,0.0001,0.798,0.3846
Air Heads Special Edition Chewy Fruit Candy Bars White Mystery - 6 CT,snacks,candy chocolate,0,afternoon,12,8,12,0.6667,0.0002,0.9223,0.3846
Goldfish Baked Snack Crackers Cheddar,snacks,crackers,0,afternoon,14,10,14,0.7143,0.0003,0.8507,0.3846
Raise The Roots Kombucha,missing,missing,0,afternoon,6,6,6,1.0,0.0001,0.4229,0.3846
Reserve Pinot Noir,alcohol,red wines,0,afternoon,3,3,3,1.0,0.0,0.4229,0.3846
Sour Gummi Worms,snacks,candy chocolate,0,afternoon,4,3,4,0.75,0.0001,0.798,0.3846
Sparklers Tangerine Mango,beverages,water seltzer sparkling water,0,afternoon,4,3,4,0.75,0.0001,0.798,0.3846
Tasty Treasures Cat Food Variety Pack,pets,cat food care,0,afternoon,4,3,4,0.75,0.0001,0.798,0.3846
All Natural Chicken Pot Pie,frozen,frozen meals,0,afternoon,18,13,18,0.7222,0.0003,0.8384,0.3845
Organic Strawberry Banana Fruit Yogurt Smoothie,babies,baby food formula,0,afternoon,385,296,385,0.7688,0.0076,0.7503,0.3845
Sesame Crispbread,snacks,crackers,0,afternoon,11,10,11,0.9091,0.0002,0.5577,0.3844
BioKefir Pomegranate & Blueberry Flavor Cultured Milk,dairy eggs,yogurt,0,afternoon,82,65,82,0.7927,0.0016,0.7285,0.3843
Caramel & Peanut Candy Bar,snacks,candy chocolate,0,afternoon,23,20,23,0.8696,0.0004,0.6154,0.3842
Honey Turkey Breast,deli,lunch meat,0,afternoon,392,275,392,0.7015,0.0077,0.8496,0.3842
"Popcorn, California Olive Oil",snacks,popcorn jerky,0,afternoon,31,19,31,0.6129,0.0006,1.0,0.3842
Sports Drink Zero Grape,beverages,energy sports drinks,0,afternoon,31,19,31,0.6129,0.0006,1.0,0.3842
Muy Cheesy Quesadillas,frozen,frozen meals,0,afternoon,7,7,7,1.0,0.0001,0.4204,0.3841
1% Lowfat Milk,dairy eggs,milk,0,afternoon,1365,1097,1365,0.8037,0.0269,0.6469,0.3839
Grovestand Lots of Pulp Orange Juice,beverages,refrigerated,0,afternoon,92,74,92,0.8043,0.0018,0.7087,0.3839
"Baguette, Pretzel, European Style, Butter & Sea Salt",frozen,frozen breads doughs,0,afternoon,15,11,15,0.7333,0.0003,0.8185,0.3838
Hand Sanitizing Wipes Original,personal care,soap,0,afternoon,7,6,7,0.8571,0.0001,0.6327,0.3838
Lemon Sweet Tea Iced Tea Mix,beverages,cocoa drink mixes,0,afternoon,7,6,7,0.8571,0.0001,0.6327,0.3838
100% Pure Organic Maple Syrup Grade B Dark & Delicious,pantry,honeys syrups nectars,0,afternoon,2,2,2,1.0,0.0,0.4185,0.3837
Belgian Style Tripel Ale,alcohol,beers coolers,0,afternoon,11,9,11,0.8182,0.0002,0.6906,0.3837
Blackberry Sage Tea for Wisdom,beverages,tea,0,afternoon,2,2,2,1.0,0.0,0.4185,0.3837
Chocolate Peanut Butter Energy Bar,snacks,energy granola bars,0,afternoon,2,2,2,1.0,0.0,0.4185,0.3837
Ezekiel 4:9 Sprouted Grain Spaghetti Pasta,dry goods pasta,dry pasta,0,afternoon,2,2,2,1.0,0.0,0.4185,0.3837
Gluten Free Greek Plain Yogurt,dairy eggs,yogurt,0,afternoon,2,2,2,1.0,0.0,0.4185,0.3837
Monster Ultra Sunrise Energy Drink,beverages,energy sports drinks,0,afternoon,2,2,2,1.0,0.0,0.4185,0.3837
Mozzarella Rice Cheeze,dairy eggs,packaged cheese,0,afternoon,4,4,4,1.0,0.0001,0.4185,0.3837
Skillets Sausage,frozen,frozen breakfast,0,afternoon,11,9,11,0.8182,0.0002,0.6906,0.3837
Sodium Free Granulated Chicken Bouillon,canned goods,soup broth bouillon,0,afternoon,2,2,2,1.0,0.0,0.4185,0.3837
Variety Pack Apple Pear White Grape 100% Juice,babies,baby food formula,0,afternoon,2,2,2,1.0,0.0,0.4185,0.3837
Vegan Vodka Sauce,dry goods pasta,pasta sauce,0,afternoon,2,2,2,1.0,0.0,0.4185,0.3837
Honey Wheat Bread,bakery,bread,0,afternoon,708,510,708,0.7203,0.0139,0.8025,0.3836
Simply Steamers Meatball Marinara,frozen,frozen meals,0,afternoon,30,21,30,0.7,0.0006,0.8665,0.3836
Wild Berry Smoothie,dairy eggs,yogurt,0,afternoon,866,663,866,0.7656,0.017,0.7272,0.3836
Gold Nutrition Energy Bar Caramel Nut Blast,snacks,energy granola bars,0,afternoon,8,7,8,0.875,0.0001,0.6048,0.3835
Hot Calabrese Salame with Natural Gouda Cheese & Toasted Rounds Small Plates,meat seafood,packaged meat,0,afternoon,11,8,11,0.7273,0.0002,0.8262,0.3835
No sugar Added Butter Pecan Ice Cream,frozen,ice cream ice,0,afternoon,19,15,19,0.7895,0.0004,0.7322,0.3835
"Veggie Juice Apple, Kiwi, Zucchini & Green Bean",beverages,juice nectars,0,afternoon,18,11,18,0.6111,0.0003,1.0,0.3835
Pasture Raised Eggs,dairy eggs,eggs,0,afternoon,111,81,111,0.7297,0.0022,0.817,0.3834
Caffe Never Sweetened Iced Coffee Drink,beverages,coffee,0,afternoon,13,11,13,0.8462,0.0002,0.6465,0.3833
Gluten Free Rigatoni,dry goods pasta,dry pasta,0,afternoon,69,42,69,0.6087,0.0013,1.0,0.3833
Port Salut,dairy eggs,specialty cheeses,0,afternoon,16,13,16,0.8125,0.0003,0.697,0.3833
"Tea, Radiant Raspberry",beverages,tea,0,afternoon,59,46,59,0.7797,0.0011,0.7443,0.3833
Sugar Land Sweet Tea,beverages,tea,0,afternoon,12,9,12,0.75,0.0002,0.7904,0.3832
85% Lean Ground Turkey,meat seafood,packaged poultry,0,afternoon,14,10,14,0.7143,0.0003,0.8433,0.3831
Green Bean Casserole Steamers,frozen,frozen produce,0,afternoon,14,10,14,0.7143,0.0003,0.8433,0.3831
Sharp Cheddar Cheese,dairy eggs,packaged cheese,0,afternoon,3625,2251,3625,0.621,0.0714,0.8054,0.3831
Organic Homogenized Whole Milk,dairy eggs,milk,0,afternoon,339,299,339,0.882,0.0067,0.5753,0.383
Organic Strawberries & Cream Flavor Nutritional Protein Shake,personal care,protein meal replacements,0,afternoon,19,14,19,0.7368,0.0004,0.8091,0.383
"Fabric Conditioner, Field Flowers",household,laundry,0,afternoon,3,3,3,1.0,0.0,0.4142,0.3829
"Juice Beverage, Black Currant",beverages,refrigerated,0,afternoon,3,3,3,1.0,0.0,0.4142,0.3829
"Oats, Apples, Cranberries, and Almond Granola",breakfast,granola,0,afternoon,3,3,3,1.0,0.0,0.4142,0.3829
Red Onion,produce,fresh vegetables,0,afternoon,5394,2882,5394,0.5343,0.1063,0.8474,0.3829
Tropical Citrus Super Drink,beverages,juice nectars,0,afternoon,3,3,3,1.0,0.0,0.4142,0.3829
Chocolate Breakfast Biscuits Chocolate,snacks,cookies cakes,0,afternoon,36,24,36,0.6667,0.0007,0.9122,0.3828
Corn On The Cob,produce,packaged vegetables fruits,0,afternoon,23,14,23,0.6087,0.0004,1.0,0.3828
Maple Flavored Sausage Patties,frozen,frozen vegan vegetarian,0,afternoon,33,22,33,0.6667,0.0006,0.9122,0.3828
"Ravioli, Chicken & Mozzarella",dry goods pasta,fresh pasta,0,afternoon,23,14,23,0.6087,0.0004,1.0,0.3828
Whole Wheat Bread,bakery,bread,0,afternoon,1233,881,1233,0.7145,0.0243,0.7818,0.3828
Yobaby Organic Plain Yogurt,dairy eggs,yogurt,0,afternoon,821,661,821,0.8051,0.0162,0.6661,0.3828
94% Fat Free Butter Microwave Popcorn,snacks,popcorn jerky,0,afternoon,10,7,10,0.7,0.0002,0.8628,0.3827
Organic Boneless Skinless Chicken Breast,meat seafood,poultry counter,0,afternoon,1334,864,1334,0.6477,0.0263,0.8763,0.3827
Original Very Vanilla Complete Nutritional Drink,personal care,protein meal replacements,0,afternoon,6,5,6,0.8333,0.0001,0.6634,0.3827
Creamy Ranch Rice Crisps,snacks,crackers,0,afternoon,13,9,13,0.6923,0.0002,0.8738,0.3826
Large Grade A Super Eggs,dairy eggs,eggs,0,afternoon,15,11,15,0.7333,0.0003,0.8121,0.3826
Organic Chocolate Cakes,frozen,frozen dessert,0,afternoon,15,11,15,0.7333,0.0003,0.8121,0.3826
Organic Elmo Noodlemania Soup,canned goods,soup broth bouillon,0,afternoon,124,82,124,0.6613,0.0024,0.9148,0.3826
"Dual Action Moisturizer, Oil-Free",personal care,facial care,0,afternoon,3,2,3,0.6667,0.0,0.9122,0.3825
Flashin' Fruit Punch Fruit Drink,beverages,juice nectars,0,afternoon,6,4,6,0.6667,0.0001,0.9122,0.3825
Gluten-Free Sunny Seeded White Bread,bakery,bread,0,afternoon,3,2,3,0.6667,0.0,0.9122,0.3825
Jade Cloud Green Tea,beverages,tea,0,afternoon,3,2,3,0.6667,0.0,0.9122,0.3825
"Kefir, Perfect Blueberry",dairy eggs,yogurt,0,afternoon,41,26,41,0.6341,0.0008,0.9595,0.3825
"Kombucha, Ginger",beverages,refrigerated,0,afternoon,6,4,6,0.6667,0.0001,0.9122,0.3825
Mini White Meat Chicken Egg Rolls,frozen,frozen appetizers sides,0,afternoon,3,2,3,0.6667,0.0,0.9122,0.3825
Mixed Berry Super Drink,personal care,protein meal replacements,0,afternoon,3,2,3,0.6667,0.0,0.9122,0.3825
Most Pulp 100% Orange Juice,beverages,refrigerated,0,afternoon,16,12,16,0.75,0.0003,0.7866,0.3825
Original Lemonade Mix Packets,beverages,cocoa drink mixes,0,afternoon,6,4,6,0.6667,0.0001,0.9122,0.3825
Pure Aloe Vera,personal care,soap,0,afternoon,3,2,3,0.6667,0.0,0.9122,0.3825
Regenerist Regenerating Cream Facial Cleanser,personal care,facial care,0,afternoon,3,2,3,0.6667,0.0,0.9122,0.3825
Romana Style Medley Dog Food,pets,dog food care,0,afternoon,3,2,3,0.6667,0.0,0.9122,0.3825
Smoth & Creamy Low Fat Vanilla Frozen Yogurt,frozen,ice cream ice,0,afternoon,9,6,9,0.6667,0.0002,0.9122,0.3825
Storm Sports Drink,beverages,energy sports drinks,0,afternoon,3,2,3,0.6667,0.0,0.9122,0.3825
Whipped Cream Vodka,alcohol,spirits,0,afternoon,6,4,6,0.6667,0.0001,0.9122,0.3825
With Rice Gumbo Mix,dry goods pasta,instant foods,0,afternoon,3,2,3,0.6667,0.0,0.9122,0.3825
Cran-Cherry Juice Drink,beverages,juice nectars,0,afternoon,15,12,15,0.8,0.0003,0.7114,0.3824
M&M's Vanilla Lowfat Yogurt,dairy eggs,yogurt,0,afternoon,253,208,253,0.8221,0.005,0.6665,0.3824
O'Soy Smooth & Creamy Vanilla Organic Soy Yogurt,dairy eggs,yogurt,0,afternoon,154,122,154,0.7922,0.003,0.7164,0.3824
Real Ice Cream Cookie Dough,frozen,ice cream ice,0,afternoon,5,4,5,0.8,0.0001,0.7114,0.3823
Whipped Sweet Potatoes,deli,prepared meals,0,afternoon,28,22,28,0.7857,0.0005,0.7314,0.3823
Feta Cheese Crumbles,dairy eggs,packaged cheese,0,afternoon,4183,2343,4183,0.5601,0.0824,0.865,0.3822
Mediterranean Lentil Salad,deli,prepared soups salads,0,afternoon,8,7,8,0.875,0.0001,0.5982,0.3822
Organic Strawberry Smoothie,dairy eggs,yogurt,0,afternoon,1237,935,1237,0.7559,0.0244,0.7156,0.3821
Premium Bun Length Beef Franks,meat seafood,hot dogs bacon sausage,0,afternoon,33,20,33,0.6061,0.0006,1.0,0.3821
Veggie Deli Ham,deli,tofu meat alternatives,0,afternoon,33,20,33,0.6061,0.0006,1.0,0.3821
Organic Greek Whole Milk Blended Vanilla Bean Yogurt,dairy eggs,yogurt,0,afternoon,1009,769,1009,0.7621,0.0199,0.717,0.382
Dairy Pure Fat Free Milk,dairy eggs,milk,0,afternoon,86,57,86,0.6628,0.0017,0.9112,0.3819
Green Vibrance,personal care,vitamins supplements,0,afternoon,21,13,21,0.619,0.0004,0.9798,0.3819
Organic Blueberry Waffles,frozen,frozen breakfast,0,afternoon,1033,696,1033,0.6738,0.0203,0.8481,0.3819
Organic Nonfat Milk,dairy eggs,milk,0,afternoon,290,242,290,0.8345,0.0057,0.6436,0.3819
Bar Chocolate Peanut Butter Gluten Free,personal care,protein meal replacements,0,afternoon,22,17,22,0.7727,0.0004,0.7487,0.3818
Sea Salt Caramel Dark Chocolate,snacks,candy chocolate,0,afternoon,43,26,43,0.6047,0.0008,1.0,0.3818
Toffee Almond Fudge Frozen Dessert,frozen,ice cream ice,0,afternoon,27,18,27,0.6667,0.0005,0.9077,0.3818
Health Nut Bread,bakery,bread,0,afternoon,20,14,20,0.7,0.0004,0.8575,0.3817
On the Go with Caffeine Grape Drink Mix,beverages,cocoa drink mixes,0,afternoon,20,13,20,0.65,0.0004,0.9327,0.3817
Fresh CA Grown Eggs,dairy eggs,eggs,0,afternoon,1040,816,1040,0.7846,0.0205,0.68,0.3816
Organic Sliced Fremont Sour White,bakery,bread,0,afternoon,17,12,17,0.7059,0.0003,0.8485,0.3816
Organic Whole Milk with DHA Omega-3,dairy eggs,milk,0,afternoon,1282,1034,1282,0.8066,0.0252,0.6351,0.3816
Organic Zucchini Spirals,produce,fresh vegetables,0,afternoon,693,435,693,0.6277,0.0136,0.9326,0.3816
Pull Ups Girls Learning Designs Training Pants,babies,diapers wipes,0,afternoon,17,12,17,0.7059,0.0003,0.8485,0.3816
100% Raw Coconut Water,beverages,refrigerated,0,afternoon,3298,2553,3298,0.7741,0.065,0.5838,0.3815
"Chicken Sausage, Smoked, Pineapple & Bacon",meat seafood,hot dogs bacon sausage,0,afternoon,22,15,22,0.6818,0.0004,0.8839,0.3815
Organic Hummus,produce,packaged vegetables fruits,0,afternoon,485,361,485,0.7443,0.0095,0.7674,0.3815
Chocolate Reduced Fat Milk,dairy eggs,milk,0,afternoon,19,13,19,0.6842,0.0004,0.8796,0.3814
Original Cat Litter,pets,cat food care,0,afternoon,18,15,18,0.8333,0.0003,0.6563,0.3814
Rich Dark Chocolate,snacks,candy chocolate,0,afternoon,79,66,79,0.8354,0.0015,0.6502,0.3814
Natural Coconut Water,beverages,juice nectars,0,afternoon,15,11,15,0.7333,0.0003,0.8058,0.3813
Organic Free Range Grade A Large Brown Eggs,dairy eggs,eggs,0,afternoon,322,240,322,0.7453,0.0063,0.7729,0.3813
Peanut Butter Chocolate Chip Bar,snacks,energy granola bars,0,afternoon,22,18,22,0.8182,0.0004,0.6782,0.3813
Reduced Fat Shredded Mozzarella Cheese,dairy eggs,packaged cheese,0,afternoon,46,31,46,0.6739,0.0009,0.8934,0.3813
Turkey Feast Cat Food,pets,cat food care,0,afternoon,39,29,39,0.7436,0.0007,0.7892,0.3813
Zero Calorie Lemon Lime Sports Drink,beverages,energy sports drinks,0,afternoon,18,12,18,0.6667,0.0003,0.9055,0.3813
100% Pure Organic Pumpkin,canned goods,canned jarred vegetables,0,afternoon,1,1,1,1.0,0.0,0.4059,0.3812
Amazin Prunes Pitted Orange Essence,snacks,nuts seeds dried fruit,0,afternoon,1,1,1,1.0,0.0,0.4059,0.3812
"Antiperspirant/Deodorant, Crystal Clear Gel, Clean Powder",personal care,deodorants,0,afternoon,1,1,1,1.0,0.0,0.4059,0.3812
Apple Spice Granola,breakfast,granola,0,afternoon,2,2,2,1.0,0.0,0.4059,0.3812
Banana Protein Kefir Nonfat Cultured Milk Smoothie Probiotic,beverages,refrigerated,0,afternoon,1,1,1,1.0,0.0,0.4059,0.3812
"Butter, Sheep, Lightly Salted",dairy eggs,butter,0,afternoon,1,1,1,1.0,0.0,0.4059,0.3812
"Champagne, Sparkling, California, Brut Cuvee",alcohol,white wines,0,afternoon,1,1,1,1.0,0.0,0.4059,0.3812
Chinotto,beverages,water seltzer sparkling water,0,afternoon,3,3,3,1.0,0.0,0.4059,0.3812
Choice Cuts Seafood Selections Wet Cat Food,pets,cat food care,0,afternoon,2,2,2,1.0,0.0,0.4059,0.3812
Chunk Light In Water,canned goods,canned meat seafood,0,afternoon,1,1,1,1.0,0.0,0.4059,0.3812
Damascus Rose Face Oil,personal care,skin care,0,afternoon,1,1,1,1.0,0.0,0.4059,0.3812
DanActive Vanilla Probiotic Dairy Drink,dairy eggs,yogurt,0,afternoon,44,36,44,0.8182,0.0008,0.6767,0.3812
Deluxe Pistachio Mix Mixed Nuts,snacks,nuts seeds dried fruit,0,afternoon,1,1,1,1.0,0.0,0.4059,0.3812
Domingo Rojo Beans,canned goods,canned meals beans,0,afternoon,1,1,1,1.0,0.0,0.4059,0.3812
Doubleshot Mocha Fortified Energy Coffee Drink,beverages,coffee,0,afternoon,20,15,20,0.75,0.0004,0.78,0.3812
Edna Valley Chardonnay,alcohol,white wines,0,afternoon,1,1,1,1.0,0.0,0.4059,0.3812
G Series Blue Variety,beverages,energy sports drinks,0,afternoon,1,1,1,1.0,0.0,0.4059,0.3812
Garlic & Green Onion Teriyaki Sauce,international,asian foods,0,afternoon,1,1,1,1.0,0.0,0.4059,0.3812
Gentle And Predictable Overnight Relief Laxative Tablets,personal care,digestion,0,afternoon,1,1,1,1.0,0.0,0.4059,0.3812
Gluten Free Chicken Rustica Pizza,frozen,frozen pizza,0,afternoon,1,1,1,1.0,0.0,0.4059,0.3812
Grapefruit Contour Soda,beverages,soft drinks,0,afternoon,2,2,2,1.0,0.0,0.4059,0.3812
Grüner Veltliner,alcohol,white wines,0,afternoon,1,1,1,1.0,0.0,0.4059,0.3812
Ham & Cheese Frozen Sandwiches,frozen,frozen appetizers sides,0,afternoon,2,2,2,1.0,0.0,0.4059,0.3812
Hawaiian Papaya,produce,fresh fruits,0,afternoon,1,1,1,1.0,0.0,0.4059,0.3812
Homestyle Meals Organic Baby Food,babies,baby food formula,0,afternoon,3,3,3,1.0,0.0,0.4059,0.3812
Kentucky Bourbon Uncured Sausage,meat seafood,hot dogs bacon sausage,0,afternoon,1,1,1,1.0,0.0,0.4059,0.3812
Large Diet Peach,beverages,tea,0,afternoon,1,1,1,1.0,0.0,0.4059,0.3812
Lemon Shortbread,snacks,cookies cakes,0,afternoon,1,1,1,1.0,0.0,0.4059,0.3812
Mango Peach Passion Cereal,breakfast,cereal,0,afternoon,1,1,1,1.0,0.0,0.4059,0.3812
Medium Jalfrezi Curry Simmer Sauce,international,indian foods,0,afternoon,2,2,2,1.0,0.0,0.4059,0.3812
Mochaccino Coffee Drink,beverages,coffee,0,afternoon,1,1,1,1.0,0.0,0.4059,0.3812
Natural Casing Old Fashion Wieners,meat seafood,hot dogs bacon sausage,0,afternoon,3,3,3,1.0,0.0,0.4059,0.3812
Omeprazole Acid Reducer  Tablets,personal care,digestion,0,afternoon,1,1,1,1.0,0.0,0.4059,0.3812
Organic Acai Juice Blueberry,beverages,refrigerated,0,afternoon,1,1,1,1.0,0.0,0.4059,0.3812
Organic Peach Conserve,pantry,spreads,0,afternoon,1,1,1,1.0,0.0,0.4059,0.3812
Organic Roasted Turkey Breast,deli,lunch meat,0,afternoon,3225,2117,3225,0.6564,0.0635,0.7627,0.3812
Organic Stone Ground Whole Wheat Flour,pantry,baking ingredients,0,afternoon,1,1,1,1.0,0.0,0.4059,0.3812
Organic Teriyaki Greens Veggie Krunch,snacks,fruit vegetable snacks,0,afternoon,2,2,2,1.0,0.0,0.4059,0.3812
Pain Relief Patch,personal care,muscles joints pain relief,0,afternoon,1,1,1,1.0,0.0,0.4059,0.3812
Pickled Ginger With Shiso Leaves,pantry,pickled goods olives,0,afternoon,1,1,1,1.0,0.0,0.4059,0.3812
Pizza Mushroom T5,frozen,frozen pizza,0,afternoon,1,1,1,1.0,0.0,0.4059,0.3812
Plug In Scented Oil Refills - Blue Odyssey,household,air fresheners candles,0,afternoon,1,1,1,1.0,0.0,0.4059,0.3812
Preserved Lemon Confit,pantry,preserved dips spreads,0,afternoon,1,1,1,1.0,0.0,0.4059,0.3812
Quinoa Burgers Spicy Italian - 4 CT,frozen,frozen vegan vegetarian,0,afternoon,1,1,1,1.0,0.0,0.4059,0.3812
Raw Pure & Simple Organic Bare with Flax Instant Multigrain Hot Cereal,breakfast,hot cereal pancake mixes,0,afternoon,1,1,1,1.0,0.0,0.4059,0.3812
Royale Vanilla Dairy-Free Ice Cream,frozen,ice cream ice,0,afternoon,2,2,2,1.0,0.0,0.4059,0.3812
Sharp Cheddar Cheeseball Spreadable Cheeseball,dairy eggs,specialty cheeses,0,afternoon,7,7,7,1.0,0.0001,0.4059,0.3812
Sierra Trail Mix Energy Bar,snacks,energy granola bars,0,afternoon,78,60,78,0.7692,0.0015,0.7486,0.3812
Signature Steakhouse Marinade,pantry,marinades meat preparation,0,afternoon,3,3,3,1.0,0.0,0.4059,0.3812
Simply Salted French Velvet Grey Sea Salt Thick Cut Cripsbreads,snacks,crackers,0,afternoon,1,1,1,1.0,0.0,0.4059,0.3812
Sliced Kosher Salami,deli,lunch meat,0,afternoon,1,1,1,1.0,0.0,0.4059,0.3812
Small Disposable Swimpants,babies,diapers wipes,0,afternoon,1,1,1,1.0,0.0,0.4059,0.3812
"Smokehouse Sugar Free Barbeque Sauce Maple Brown, Gluten Free",pantry,marinades meat preparation,0,afternoon,1,1,1,1.0,0.0,0.4059,0.3812
Soothing Pine Cough Drops,personal care,cold flu allergy,0,afternoon,1,1,1,1.0,0.0,0.4059,0.3812
Spaghetti Tangy Italian Dinner,dry goods pasta,instant foods,0,afternoon,1,1,1,1.0,0.0,0.4059,0.3812
Sweet Soy Glaze,international,asian foods,0,afternoon,1,1,1,1.0,0.0,0.4059,0.3812
The Old World Recipe Soft Caramels,snacks,candy chocolate,0,afternoon,1,1,1,1.0,0.0,0.4059,0.3812
Thick-Sliced Chicken Dinner in Gravy/Thick-Sliced Beef Dinner in Gravy/Tenderloin Tips Flavor in Gravy Variety Pack Dog Food,pets,dog food care,0,afternoon,1,1,1,1.0,0.0,0.4059,0.3812
Toscana Hillside Vineyards Red,alcohol,red wines,0,afternoon,2,2,2,1.0,0.0,0.4059,0.3812
Twirlin Swirlberry Detangling Spray,personal care,hair care,0,afternoon,1,1,1,1.0,0.0,0.4059,0.3812
US Postage Forever Stamps Book,household,more household,0,afternoon,1,1,1,1.0,0.0,0.4059,0.3812
Unsalted Pretzel Round,snacks,chips pretzels,0,afternoon,1,1,1,1.0,0.0,0.4059,0.3812
Unsweetened All Natural Black Coffee,beverages,coffee,0,afternoon,1,1,1,1.0,0.0,0.4059,0.3812
Velveeta Cheesy Skillets Chicken Alfredo,dry goods pasta,instant foods,0,afternoon,1,1,1,1.0,0.0,0.4059,0.3812
Virginia Ham,deli,lunch meat,0,afternoon,50,36,50,0.72,0.001,0.8237,0.3812
Wood Fired Crust Supreme Pizza,frozen,frozen pizza,0,afternoon,1,1,1,1.0,0.0,0.4059,0.3812
Yellow Dinner Napkins,household,paper goods,0,afternoon,1,1,1,1.0,0.0,0.4059,0.3812
"Yum-a-roo's Organic Toddler Snacks Banana, Mango & Pineapple",babies,baby food formula,0,afternoon,1,1,1,1.0,0.0,0.4059,0.3812
with Lime Juice Mayonesa Mayonnaise,pantry,condiments,0,afternoon,1,1,1,1.0,0.0,0.4059,0.3812
Chia Squeeze Vitality Snack Blackberry Bliss,canned goods,canned fruit applesauce,0,afternoon,169,125,169,0.7396,0.0033,0.7876,0.3811
Danimals Strawberry Explosion Flavored Smoothie,dairy eggs,yogurt,0,afternoon,359,282,359,0.7855,0.0071,0.7096,0.3811
Grade A Large Eggs Cage Free Omega 3,dairy eggs,eggs,0,afternoon,1034,732,1034,0.7079,0.0204,0.7926,0.3811
Organic 4% Milk Fat Whole Milk Cottage Cheese,dairy eggs,other creams cheeses,0,afternoon,538,382,538,0.71,0.0106,0.814,0.3811
Organic White Onions,produce,fresh vegetables,0,afternoon,2934,1807,2934,0.6159,0.0578,0.837,0.3811
Minced Turkey Entree Cat Food,pets,cat food care,0,afternoon,11,7,11,0.6364,0.0002,0.9501,0.381
Macaroni & Cheese,frozen,frozen meals,0,afternoon,1930,1373,1930,0.7114,0.038,0.7426,0.3809
Raspberry Lime Sparkling Seltzer Water,beverages,water seltzer sparkling water,0,afternoon,145,114,145,0.7862,0.0028,0.7176,0.3808
Cajun Turkey Breast,deli,lunch meat,0,afternoon,36,23,36,0.6389,0.0007,0.9433,0.3807
Carb Smart Fudge Bar,frozen,ice cream ice,0,afternoon,8,5,8,0.625,0.0001,0.9652,0.3806
Morning Oat Crunch Cinnamon Cereal,breakfast,cereal,0,afternoon,6,5,6,0.8333,0.0001,0.6528,0.3806
Original Sparkling Spring Water,beverages,water seltzer sparkling water,0,afternoon,8,5,8,0.625,0.0001,0.9652,0.3806
Organic Beets Veggie Chips,snacks,fruit vegetable snacks,0,afternoon,40,32,40,0.8,0.0008,0.7006,0.3805
Classic 100% Whole Wheat  Bread,bakery,bread,0,afternoon,62,39,62,0.629,0.0012,0.9555,0.3804
Organic SprouTofu Savory Baked Tofu,deli,tofu meat alternatives,0,afternoon,452,318,452,0.7035,0.0089,0.8237,0.3803
Organic Whole Wheat Bread,bakery,bread,0,afternoon,1305,913,1305,0.6996,0.0257,0.7878,0.3803
Original potato Chips,snacks,chips pretzels,0,afternoon,18,14,18,0.7778,0.0003,0.7342,0.3803
"Quinoa Puffs, Sea Salt Truffle",snacks,chips pretzels,0,afternoon,30,18,30,0.6,0.0006,1.0,0.3803
Balsamic Vinegar & Basil Crackers,snacks,crackers,0,afternoon,20,12,20,0.6,0.0004,1.0,0.3802
Chunky W/Beans Chili Con Carne,canned goods,canned meals beans,0,afternoon,19,13,19,0.6842,0.0004,0.8738,0.3802
Italian Four Cheese Baked Snack Crackers,snacks,crackers,0,afternoon,20,12,20,0.6,0.0004,1.0,0.3802
Organic AppleApple,canned goods,canned fruit applesauce,0,afternoon,1793,1276,1793,0.7117,0.0353,0.7455,0.3802
Organic D'Anjou Pears,produce,fresh fruits,0,afternoon,4785,3220,4785,0.6729,0.0943,0.6559,0.3802
"Pizza, Naan, Artisan Crust, Eggplant",frozen,frozen pizza,0,afternoon,20,12,20,0.6,0.0004,1.0,0.3802
3D White Luxe Glamorous White Multi-Care Whitening Fresh Mint Flavor Mouthwash,personal care,oral hygiene,0,afternoon,4,3,4,0.75,0.0001,0.7756,0.3801
Charcoal Briquets,household,more household,0,afternoon,4,3,4,0.75,0.0001,0.7756,0.3801
Chocolate Chip With Vanilla Bean Ice Cream,frozen,ice cream ice,0,afternoon,10,6,10,0.6,0.0002,1.0,0.3801
"Chopped Salad Kit with Kale, BBQ Ranch",pantry,salad dressing toppings,0,afternoon,10,6,10,0.6,0.0002,1.0,0.3801
Decaffeinated House Blend Dark Roast Ground Coffee,beverages,coffee,0,afternoon,15,9,15,0.6,0.0003,1.0,0.3801
Flushable Wipes,babies,diapers wipes,0,afternoon,15,9,15,0.6,0.0003,1.0,0.3801
Greek Dressing,pantry,salad dressing toppings,0,afternoon,10,6,10,0.6,0.0002,1.0,0.3801
Harvest Originals Organic Romaine Hearts,produce,packaged vegetables fruits,0,afternoon,10,6,10,0.6,0.0002,1.0,0.3801
"Healthy Trinity, 3 in 1, Capsules",personal care,digestion,0,afternoon,4,3,4,0.75,0.0001,0.7756,0.3801
"Hemp Seed, Hulled",snacks,nuts seeds dried fruit,0,afternoon,15,9,15,0.6,0.0003,1.0,0.3801
Hot Red Chile Enchilada Sauce,international,latino foods,0,afternoon,10,6,10,0.6,0.0002,1.0,0.3801
Iced True Black Tea Bags,beverages,tea,0,afternoon,10,6,10,0.6,0.0002,1.0,0.3801
Invigorating Face Wash Men,personal care,facial care,0,afternoon,7,5,7,0.7143,0.0001,0.8288,0.3801
Large Shells,dry goods pasta,dry pasta,0,afternoon,10,6,10,0.6,0.0002,1.0,0.3801
Mango Tango Almond Mix,snacks,nuts seeds dried fruit,0,afternoon,10,6,10,0.6,0.0002,1.0,0.3801
Organic Alba Clamshell Mushrooms,produce,fresh vegetables,0,afternoon,10,6,10,0.6,0.0002,1.0,0.3801
Organic Garlic Stuffed Green Olives,pantry,pickled goods olives,0,afternoon,10,6,10,0.6,0.0002,1.0,0.3801
Organic Romaine Leaf,produce,packaged vegetables fruits,0,afternoon,1321,929,1321,0.7033,0.026,0.7804,0.3801
Organic Vegetarian Low Sodium Salad Beans,canned goods,canned meals beans,0,afternoon,10,6,10,0.6,0.0002,1.0,0.3801
Original Coconut Almond & Chia Drink,dairy eggs,soy lactosefree,0,afternoon,4,3,4,0.75,0.0001,0.7756,0.3801
Pasteurized Cage Free Eggs,dairy eggs,eggs,0,afternoon,18,13,18,0.7222,0.0003,0.8164,0.3801
Protein Kefir Nonfat Cultured Milk Smoothie Vanilla Probiotic,dairy eggs,yogurt,0,afternoon,4,3,4,0.75,0.0001,0.7756,0.3801
Rice Pilaf Steamers,frozen,frozen produce,0,afternoon,10,6,10,0.6,0.0002,1.0,0.3801
Roasted Garlic & Italian Herb Breaded Fish Fillets,frozen,frozen meat seafood,0,afternoon,4,3,4,0.75,0.0001,0.7756,0.3801
"Rotini, No. 56, 100% Whole Wheat",dry goods pasta,dry pasta,0,afternoon,15,9,15,0.6,0.0003,1.0,0.3801
Sauce Touch O' Heat,pantry,marinades meat preparation,0,afternoon,10,6,10,0.6,0.0002,1.0,0.3801
Seafood Sensations Dry Cat Food,pets,cat food care,0,afternoon,10,6,10,0.6,0.0002,1.0,0.3801
Shredded Steak & Cheese Burrito,frozen,frozen meals,0,afternoon,10,6,10,0.6,0.0002,1.0,0.3801
Tangy Original Citrus Punch Juice,beverages,refrigerated,0,afternoon,4,3,4,0.75,0.0001,0.7756,0.3801
Tidy Cats 24/7 Performance Cat Litter,pets,cat food care,0,afternoon,10,6,10,0.6,0.0002,1.0,0.3801
Tuscan Herb Roasts,snacks,nuts seeds dried fruit,0,afternoon,10,6,10,0.6,0.0002,1.0,0.3801
"100% Fruit Bar, Blueberry Pomegranate",snacks,energy granola bars,0,afternoon,5,3,5,0.6,0.0001,1.0,0.38
Acid Reducer Omeprazole Tablets,personal care,digestion,0,afternoon,5,3,5,0.6,0.0001,1.0,0.38
All Hair Types Pure Clean Finishing Paste,personal care,hair care,0,afternoon,5,3,5,0.6,0.0001,1.0,0.38
Apollo Shampoo + Conditioner,personal care,hair care,0,afternoon,5,3,5,0.6,0.0001,1.0,0.38
Aqua Impact Mens Care Body And Face Bar,personal care,body lotions soap,0,afternoon,5,3,5,0.6,0.0001,1.0,0.38
Awaken Aloe & Wheatgrass Beverage,beverages,juice nectars,0,afternoon,5,3,5,0.6,0.0001,1.0,0.38
Bean Soup Mix,dry goods pasta,grains rice dried goods,0,afternoon,5,3,5,0.6,0.0001,1.0,0.38
Berry Blast Cherry Berry Flavored Candies,snacks,candy chocolate,0,afternoon,5,3,5,0.6,0.0001,1.0,0.38
Bove's Vodka Pasta Sauce,dry goods pasta,pasta sauce,0,afternoon,5,3,5,0.6,0.0001,1.0,0.38
Brut Rose,alcohol,specialty wines champagnes,0,afternoon,5,3,5,0.6,0.0001,1.0,0.38
Butternut Squash & Chestnut Ravioli,dry goods pasta,fresh pasta,0,afternoon,5,3,5,0.6,0.0001,1.0,0.38
"Cat Food, Kitten/Adult, Select Cuts, Sardine, Shrimp & Crab Meat",pets,dog food care,0,afternoon,5,3,5,0.6,0.0001,1.0,0.38
Chicken Sweet Potato Snack Sticks for Dogs,snacks,chips pretzels,0,afternoon,5,3,5,0.6,0.0001,1.0,0.38
Chocolate Snack Grahams,snacks,crackers,0,afternoon,5,3,5,0.6,0.0001,1.0,0.38
Classic Iceberg,produce,packaged vegetables fruits,0,afternoon,5,3,5,0.6,0.0001,1.0,0.38
Cocoa Butter Body Lotion,personal care,body lotions soap,0,afternoon,5,3,5,0.6,0.0001,1.0,0.38
Cookie Chips Crunchy Dark Chocolate Chocolate Chip Cookies,snacks,cookies cakes,0,afternoon,5,3,5,0.6,0.0001,1.0,0.38
Cranberrry  Almond Soft & Chewy Granola Bar,snacks,energy granola bars,0,afternoon,5,3,5,0.6,0.0001,1.0,0.38
Cream-Nut Smooth Natural Peanut Butter,pantry,spreads,0,afternoon,5,3,5,0.6,0.0001,1.0,0.38
"Daily Shower Cleaner Scrub Free Refill, Fresh Clean Scent Refill",household,cleaning products,0,afternoon,5,3,5,0.6,0.0001,1.0,0.38
Extra Crispy for Chicken Seasoned Coating,pantry,marinades meat preparation,0,afternoon,5,3,5,0.6,0.0001,1.0,0.38
Feng Shui Rice Crackers Nori Seaweed,snacks,crackers,0,afternoon,5,3,5,0.6,0.0001,1.0,0.38
Frozen Hot Cocoa Ice Cream,frozen,frozen dessert,0,afternoon,5,3,5,0.6,0.0001,1.0,0.38
Ginger Frozen Yogurt,frozen,ice cream ice,0,afternoon,5,3,5,0.6,0.0001,1.0,0.38
Gluten Free Great Seed,bakery,bread,0,afternoon,5,3,5,0.6,0.0001,1.0,0.38
Gluten-Free Better Cheddar Pinto Bean Chips,snacks,chips pretzels,0,afternoon,5,3,5,0.6,0.0001,1.0,0.38
Go Lean Chocolate Crunch Cereal,missing,missing,0,afternoon,5,3,5,0.6,0.0001,1.0,0.38
Graduates Lil' Entrees Creamy Chicken Stew with Green Beans & Carrots,babies,baby food formula,0,afternoon,5,3,5,0.6,0.0001,1.0,0.38
Homestyle Pancakes,frozen,frozen breakfast,0,afternoon,5,3,5,0.6,0.0001,1.0,0.38
Honey Lemon Greek Yogurt,dairy eggs,yogurt,0,afternoon,5,3,5,0.6,0.0001,1.0,0.38
Honey Roasted Chickpea Snacks,snacks,nuts seeds dried fruit,0,afternoon,5,3,5,0.6,0.0001,1.0,0.38
Ichiban Bee,alcohol,beers coolers,0,afternoon,5,3,5,0.6,0.0001,1.0,0.38
Jersey Milk Organic Whole Yogurt,dairy eggs,yogurt,0,afternoon,5,3,5,0.6,0.0001,1.0,0.38
Light Balsamic Vinaigrette,pantry,salad dressing toppings,0,afternoon,5,3,5,0.6,0.0001,1.0,0.38
Maple Yogurt,dairy eggs,yogurt,0,afternoon,5,3,5,0.6,0.0001,1.0,0.38
Mediterranean Medley Greek Olives,pantry,pickled goods olives,0,afternoon,5,3,5,0.6,0.0001,1.0,0.38
Medium Round Container,household,kitchen supplies,0,afternoon,5,3,5,0.6,0.0001,1.0,0.38
Mexican-Style Chicken & Vegetables,frozen,frozen meals,0,afternoon,5,3,5,0.6,0.0001,1.0,0.38
Milk of Magnesia Fresh Mint Liquid Laxative,personal care,digestion,0,afternoon,5,3,5,0.6,0.0001,1.0,0.38
"Mix, Pizza Crust",pantry,doughs gelatins bake mixes,0,afternoon,5,3,5,0.6,0.0001,1.0,0.38
Nature's Seasons Seasoning Blend,pantry,spices seasonings,0,afternoon,5,3,5,0.6,0.0001,1.0,0.38
New York Times Sunday Edition,household,more household,0,afternoon,5,3,5,0.6,0.0001,1.0,0.38
Old Fashioned Chocolate Chip Cookies,snacks,cookies cakes,0,afternoon,5,3,5,0.6,0.0001,1.0,0.38
Organic  Baby Unscented Hand & Body Shikakai Soap,babies,baby bath body care,0,afternoon,5,3,5,0.6,0.0001,1.0,0.38
Organic Almond Butter Chocolate Chip Protein Bar,snacks,energy granola bars,0,afternoon,5,3,5,0.6,0.0001,1.0,0.38
Organic Coconut Assam Whole Leaf Tea,missing,missing,0,afternoon,5,3,5,0.6,0.0001,1.0,0.38
Organic Dark Chocolate With Sea Salt & Cayenne,snacks,candy chocolate,0,afternoon,5,3,5,0.6,0.0001,1.0,0.38
Organic Emerald Matcha Whole Leaf Tea,missing,missing,0,afternoon,4,4,4,1.0,0.0001,0.3999,0.38
Organic Mixed Berry Sipper Juice,beverages,juice nectars,0,afternoon,56,39,56,0.6964,0.0011,0.8526,0.38
Organic Strawana Probugs Kefir,dairy eggs,yogurt,0,afternoon,654,509,654,0.7783,0.0129,0.7002,0.38
Original French Toast Sticks,frozen,frozen breakfast,0,afternoon,30,21,30,0.7,0.0006,0.8487,0.38
Pepperoni Rising Crust Pizza,frozen,frozen pizza,0,afternoon,5,3,5,0.6,0.0001,1.0,0.38
Picante Wrap,international,latino foods,0,afternoon,5,3,5,0.6,0.0001,1.0,0.38
Premium Orange Juice,beverages,refrigerated,0,afternoon,5,3,5,0.6,0.0001,1.0,0.38
Pumpkin Spice English Muffins,bakery,breakfast bakery,0,afternoon,5,3,5,0.6,0.0001,1.0,0.38
"Rice Pudding, Mexican Style",dairy eggs,refrigerated pudding desserts,0,afternoon,5,3,5,0.6,0.0001,1.0,0.38
Roasted Eggplant,other,other,0,afternoon,5,3,5,0.6,0.0001,1.0,0.38
Roll N Wrap Roll Avocado Salad,other,other,0,afternoon,5,3,5,0.6,0.0001,1.0,0.38
Sandwich Stuffers Bread & Butter Pickles,pantry,pickled goods olives,0,afternoon,5,3,5,0.6,0.0001,1.0,0.38
Scalp Relief Shampoo,personal care,hair care,0,afternoon,5,3,5,0.6,0.0001,1.0,0.38
Simply...Go-Gurt Strawberry,dairy eggs,yogurt,0,afternoon,31,20,31,0.6452,0.0006,0.9306,0.38
Sliced Carrots No Salt Added,canned goods,canned jarred vegetables,0,afternoon,5,3,5,0.6,0.0001,1.0,0.38
Spinach And Pine Nut Ravioli in Spinach Pasta,dry goods pasta,fresh pasta,0,afternoon,5,3,5,0.6,0.0001,1.0,0.38
Spray & Go Aloe Fresh Moisturizer,personal care,body lotions soap,0,afternoon,5,3,5,0.6,0.0001,1.0,0.38
Stuffed Hash Browns Sausage &  Cheese,missing,missing,0,afternoon,5,3,5,0.6,0.0001,1.0,0.38
Sweet Hawaiian Bread,bakery,bread,0,afternoon,5,3,5,0.6,0.0001,1.0,0.38
Thin And Crispy Bacon Lovers,frozen,frozen pizza,0,afternoon,5,3,5,0.6,0.0001,1.0,0.38
Thin And Crispy Bbq Chicken,frozen,frozen pizza,0,afternoon,5,3,5,0.6,0.0001,1.0,0.38
Top Seed Bread,bakery,bread,0,afternoon,5,3,5,0.6,0.0001,1.0,0.38
Ultra Max Fresh Solid Antiperspirant Deodorant,personal care,deodorants,0,afternoon,5,3,5,0.6,0.0001,1.0,0.38
Vegetable Soup,canned goods,soup broth bouillon,0,afternoon,5,3,5,0.6,0.0001,1.0,0.38
Vieille Provision Saison Dupont Unfiltered Belgian Farmhouse Ale,alcohol,beers coolers,0,afternoon,5,3,5,0.6,0.0001,1.0,0.38
Whole Grain Cheese Pizza All Natural Sesame Street,frozen,frozen pizza,0,afternoon,5,3,5,0.6,0.0001,1.0,0.38
Whole Kernel Fire-Roasted Corn Blend,canned goods,canned jarred vegetables,0,afternoon,5,3,5,0.6,0.0001,1.0,0.38
Wild Strawberry Yogurt Smoothie,dairy eggs,yogurt,0,afternoon,5,3,5,0.6,0.0001,1.0,0.38
"Yogurt, Nonfat Russian",dairy eggs,yogurt,0,afternoon,5,3,5,0.6,0.0001,1.0,0.38
Zesty Lemon Hummus,deli,fresh dips tapenades,0,afternoon,5,3,5,0.6,0.0001,1.0,0.38
Light Buttery Spread Omega-3,dairy eggs,butter,0,afternoon,9,6,9,0.6667,0.0002,0.899,0.3799
Unsweetened Original Almond Breeze Almond Milk,dairy eggs,soy lactosefree,0,afternoon,3474,2448,3474,0.7047,0.0684,0.6714,0.3799
"Diet Tangerine Lime Premium Soda, Zero Calories, Sugar Free, No Caffeine",beverages,soft drinks,0,afternoon,14,12,14,0.8571,0.0003,0.6125,0.3798
Goat Milk,dairy eggs,milk,0,afternoon,474,398,474,0.8397,0.0093,0.6161,0.3798
Mint Chocolate Chip Frozen Coconut Dessert,frozen,ice cream ice,0,afternoon,76,50,76,0.6579,0.0015,0.9085,0.3798
Nonfat Vanilla Bio Kefir,dairy eggs,yogurt,0,afternoon,58,48,58,0.8276,0.0011,0.6546,0.3798
Organic 1% Low Fat Milk,dairy eggs,milk,0,afternoon,1216,943,1216,0.7755,0.0239,0.6761,0.3798
Organic Family Recipe Chocolate Chip Cookies,snacks,cookies cakes,0,afternoon,16,11,16,0.6875,0.0003,0.8669,0.3798
Vegan Chicken Veggie Kungpao,frozen,frozen vegan vegetarian,0,afternoon,37,24,37,0.6486,0.0007,0.9243,0.3798
California Black Bread,bakery,bread,0,afternoon,44,36,44,0.8182,0.0008,0.6692,0.3797
Organic Blackberries,produce,fresh fruits,0,afternoon,6078,3825,6078,0.6293,0.1197,0.6553,0.3797
Chicken Ceasar Wrap,deli,prepared soups salads,0,afternoon,60,41,60,0.6833,0.0012,0.8701,0.3796
Organic Cream on Top Peach Yogurt,dairy eggs,yogurt,0,afternoon,28,20,28,0.7143,0.0005,0.8253,0.3796
Organic Nonfat Greek Yogurt With Lemon,dairy eggs,yogurt,0,afternoon,296,208,296,0.7027,0.0058,0.8294,0.3796
Lowfat Maple Yogurt Organic,dairy eggs,yogurt,0,afternoon,171,121,171,0.7076,0.0033,0.8278,0.3795
Puffed Millet Cereal,breakfast,cereal,0,afternoon,14,9,14,0.6429,0.0003,0.9327,0.3795
Rotisserie Deli Shave Chicken Breast,deli,lunch meat,0,afternoon,166,115,166,0.6928,0.0033,0.8504,0.3795
Sprouted Burrito Size Tortillas - 6 CT,bakery,tortillas flat bread,0,afternoon,14,9,14,0.6429,0.0003,0.9327,0.3795
Three Cheese Pizza Shell,bakery,tortillas flat bread,0,afternoon,36,24,36,0.6667,0.0007,0.8958,0.3795
All Natural Swedish Style Lemon Snaps,snacks,cookies cakes,0,afternoon,5,4,5,0.8,0.0001,0.697,0.3794
"Burrito, Shredded Beef",frozen,frozen meals,0,afternoon,5,4,5,0.8,0.0001,0.697,0.3794
Egg And Cheese Breakfast Sandwiches,frozen,frozen breakfast,0,afternoon,10,9,10,0.9,0.0002,0.5467,0.3794
Mallow Oats Cereals,breakfast,cereal,0,afternoon,5,4,5,0.8,0.0001,0.697,0.3794
Organic Ginger Root,produce,fresh vegetables,0,afternoon,5975,3314,5975,0.5546,0.1177,0.7709,0.3794
Organic Passion Terere Yerba Mate,beverages,tea,0,afternoon,39,32,39,0.8205,0.0007,0.6642,0.3794
Strawberry Lowfat Yogurt with Kellogg's Granola,dairy eggs,yogurt,0,afternoon,5,4,5,0.8,0.0001,0.697,0.3794
Apple Cinnamon GoGo Squeez,snacks,fruit vegetable snacks,0,afternoon,964,714,964,0.7407,0.019,0.7383,0.3793
All Natural Coconut Juice With Pulp,beverages,juice nectars,0,afternoon,37,31,37,0.8378,0.0007,0.6375,0.3792
Chocolate Lover's Variety Pack Donuts Classic,bakery,breakfast bakery,0,afternoon,13,9,13,0.6923,0.0002,0.8571,0.3792
Mini Spaghetti Ring & Meatballs Bowl,dry goods pasta,instant foods,0,afternoon,13,9,13,0.6923,0.0002,0.8571,0.3792
Organic Original Almond Milk,dairy eggs,soy lactosefree,0,afternoon,978,777,978,0.7945,0.0193,0.6562,0.3792
Electrolyte Enhanced Water,beverages,water seltzer sparkling water,0,afternoon,1993,1534,1993,0.7697,0.0393,0.6429,0.3791
Garden Salad Mix,produce,packaged vegetables fruits,0,afternoon,159,115,159,0.7233,0.0031,0.8028,0.3791
Large Brown Grade AA Eggs,dairy eggs,eggs,0,afternoon,487,355,487,0.729,0.0096,0.7781,0.3791
Organic Skim Milk with DHA Omega-3,dairy eggs,milk,0,afternoon,517,391,517,0.7563,0.0102,0.7351,0.379
100% Pure Oolong Tea,beverages,tea,0,afternoon,2,2,2,1.0,0.0,0.394,0.3788
Applewood Smoked Ham,deli,lunch meat,0,afternoon,2,2,2,1.0,0.0,0.394,0.3788
Chicken Florentine Farfelle,frozen,frozen meals,0,afternoon,2,2,2,1.0,0.0,0.394,0.3788
Cranberry Chia Crunch Granola Bars,snacks,energy granola bars,0,afternoon,11,10,11,0.9091,0.0002,0.5301,0.3788
Freeze Dried Crispy Cantaloupe,snacks,nuts seeds dried fruit,0,afternoon,2,2,2,1.0,0.0,0.394,0.3788
Gallon Freezer Zipper Bags,household,food storage,0,afternoon,2,2,2,1.0,0.0,0.394,0.3788
Honey Stix,pantry,honeys syrups nectars,0,afternoon,2,2,2,1.0,0.0,0.394,0.3788
Lasagna Bake with Meat Sauce,frozen,frozen meals,0,afternoon,2,2,2,1.0,0.0,0.394,0.3788
Lavender Scent Glycerin Hand Soap,personal care,soap,0,afternoon,2,2,2,1.0,0.0,0.394,0.3788
Original Baked Cheese Puffs,snacks,chips pretzels,0,afternoon,175,126,175,0.72,0.0034,0.8056,0.3788
Pop-Tarts Frosted Blue Raspberry Toaster Pastries,breakfast,breakfast bars pastries,0,afternoon,2,2,2,1.0,0.0,0.394,0.3788
Singles Deep Dish Meat Trio Pizzas,frozen,frozen pizza,0,afternoon,14,10,14,0.7143,0.0003,0.8218,0.3788
Soy Powder Infant Formula,babies,baby food formula,0,afternoon,2,2,2,1.0,0.0,0.394,0.3788
Toasted Coconut Almondmilk Blend,dairy eggs,soy lactosefree,0,afternoon,1418,1025,1418,0.7228,0.0279,0.74,0.3788
100% Whole Wheat with Honey Bread,bakery,bread,0,afternoon,64,43,64,0.6719,0.0012,0.8825,0.3787
Organic Diabetic Lifestyle Bread,bakery,bread,0,afternoon,25,18,25,0.72,0.0005,0.8121,0.3787
Chocolate Cookie with Salted Caramel Ice Cream,frozen,ice cream ice,0,afternoon,12,8,12,0.6667,0.0002,0.8926,0.3786
Unsweet Lime Water,beverages,water seltzer sparkling water,0,afternoon,6,4,6,0.6667,0.0001,0.8926,0.3786
"Chocolate, 40%, Creamy Milk",snacks,candy chocolate,0,afternoon,49,35,49,0.7143,0.0009,0.8188,0.3785
Lactose Free Low Fat Peach Yogurt,dairy eggs,yogurt,0,afternoon,51,39,51,0.7647,0.001,0.7428,0.3785
Thin Crust Pepperoni Pizza,frozen,frozen pizza,0,afternoon,1338,861,1338,0.6435,0.0263,0.8611,0.3785
Harvest Wheat Crackers,snacks,crackers,0,afternoon,8,7,8,0.875,0.0001,0.5792,0.3784
Fat Free Milk,dairy eggs,milk,0,afternoon,2728,2066,2728,0.7573,0.0537,0.621,0.3783
Lactose Free 2% Reduced Fat Milk,dairy eggs,soy lactosefree,0,afternoon,702,560,702,0.7977,0.0138,0.6605,0.3783
Organic Spelt Tortillas,bakery,tortillas flat bread,0,afternoon,286,227,286,0.7937,0.0056,0.6868,0.3783
Organic Reduced Fat 2% Cottage Cheese,dairy eggs,other creams cheeses,0,afternoon,264,187,264,0.7083,0.0052,0.8155,0.3782
Tuna Salad,deli,prepared soups salads,0,afternoon,612,481,612,0.7859,0.012,0.6821,0.3782
Extra Crunchy Beef & Cheese Mini Tacos,frozen,frozen meals,0,afternoon,3,3,3,1.0,0.0,0.3902,0.3781
Grapefruit Cane Soda,beverages,soft drinks,0,afternoon,3,3,3,1.0,0.0,0.3902,0.3781
Half Sour Garlic & Dill Pickles,pantry,pickled goods olives,0,afternoon,3,3,3,1.0,0.0,0.3902,0.3781
Hand Made Style Flour Tortilla,bakery,tortillas flat bread,0,afternoon,88,52,88,0.5909,0.0017,1.0,0.3781
Multigrain Oat Manna Bread,bakery,bread,0,afternoon,6,6,6,1.0,0.0001,0.3902,0.3781
Garlic Brown Rice,international,indian foods,0,afternoon,8,6,8,0.75,0.0001,0.7648,0.378
Homestyle Belgian Waffles,frozen,frozen breakfast,0,afternoon,169,114,169,0.6746,0.0033,0.8699,0.378
Spring Mix Mesclun,produce,packaged vegetables fruits,0,afternoon,27,16,27,0.5926,0.0005,1.0,0.378
Sprouted Wheat Bread,bakery,bread,0,afternoon,27,16,27,0.5926,0.0005,1.0,0.378
Angel Hair Coleslaw Shredded Cabbage,produce,packaged vegetables fruits,0,afternoon,15,10,15,0.6667,0.0003,0.8887,0.3779
Organic Fair Trade 70% Dark Chocolate with Sea Salt,snacks,candy chocolate,0,afternoon,51,38,51,0.7451,0.001,0.7688,0.3778
Organic Large Grade A Brown Eggs,dairy eggs,eggs,0,afternoon,1548,1110,1548,0.7171,0.0305,0.7371,0.3778
Pizza Uncured Pepperoni Gluten Free,frozen,frozen pizza,0,afternoon,96,68,96,0.7083,0.0019,0.8218,0.3778
Small Soft and Fluffy Flour Tortillas,bakery,tortillas flat bread,0,afternoon,62,37,62,0.5968,0.0012,0.9908,0.3778
Brown Extra Large Grade AA Eggs,dairy eggs,eggs,0,afternoon,252,186,252,0.7381,0.0049,0.769,0.3777
"Crispy Fruit, Apple",snacks,nuts seeds dried fruit,0,afternoon,87,63,87,0.7241,0.0017,0.7983,0.3777
Grain Free Naturals Dry Dog Food Chicken & Garden Pea Recipe,pets,dog food care,0,afternoon,9,7,9,0.7778,0.0002,0.7214,0.3777
Smooth and Creamy Sour Cream,dairy eggs,other creams cheeses,0,afternoon,9,7,9,0.7778,0.0002,0.7214,0.3777
80% Lean Ground Beef,meat seafood,meat counter,0,afternoon,651,416,651,0.639,0.0128,0.8973,0.3776
Diet Cranberry with Lime Juice,beverages,juice nectars,0,afternoon,12,10,12,0.8333,0.0002,0.6377,0.3776
Organic California Style Sprouted Bread,bakery,bread,0,afternoon,593,443,593,0.747,0.0117,0.7383,0.3776
Enhanced Water,beverages,water seltzer sparkling water,0,afternoon,34,29,34,0.8529,0.0007,0.6064,0.3775
Salmon & Tuna Flavor Cat Food,pets,cat food care,0,afternoon,22,13,22,0.5909,0.0004,1.0,0.3775
A.R. Milk Based Infant Formula for Spit‑Up Powder,babies,baby food formula,0,afternoon,7,6,7,0.8571,0.0001,0.601,0.3774
Lemon Poppyseed Oat Bar,snacks,energy granola bars,0,afternoon,47,28,47,0.5957,0.0009,0.9909,0.3774
Organic Lowfat Black Cherry Yogurt,dairy eggs,yogurt,0,afternoon,220,162,220,0.7364,0.0043,0.7716,0.3774
Organic Seed Your Soul Strawberry Lemonade Chia Vitality Beverage,beverages,refrigerated,0,afternoon,18,12,18,0.6667,0.0003,0.8862,0.3774
Simply 100 Black Cherry Blended  Non-Fat Greek Yogurt,dairy eggs,yogurt,0,afternoon,33,24,33,0.7273,0.0006,0.7945,0.3774
100% Grape Juice Concentrate,frozen,frozen juice,0,afternoon,7,5,7,0.7143,0.0001,0.8148,0.3773
"Beet, Butternut Squash & Goat Cheese Ravioli",dry goods pasta,dry pasta,0,afternoon,8,5,8,0.625,0.0001,0.9486,0.3773
Orange Unsweetened Soft Drink Mix,beverages,cocoa drink mixes,0,afternoon,7,5,7,0.7143,0.0001,0.8148,0.3773
Strawberry and Banana Fruit Puree,babies,baby food formula,0,afternoon,221,177,221,0.8009,0.0043,0.6741,0.3773
Super V Fruit Punch Fruit & Vegetable Juice Drink,beverages,juice nectars,0,afternoon,14,11,14,0.7857,0.0003,0.7073,0.3773
Ciabatta Baguette,bakery,bread,0,afternoon,21,19,21,0.9048,0.0004,0.528,0.3772
Gluten free Dark Chocolate covered Creamy Banana Fruit Bars,frozen,ice cream ice,0,afternoon,42,34,42,0.8095,0.0008,0.6695,0.3772
Lunchables Pepperoni Pizza,deli,prepared meals,0,afternoon,140,94,140,0.6714,0.0027,0.8722,0.3772
"Snack & Go! Cinnamon Applesauce, Pouch",canned goods,canned fruit applesauce,0,afternoon,17,11,17,0.6471,0.0003,0.9145,0.3772
Vanilla Greek Yogurt,dairy eggs,yogurt,0,afternoon,53,35,53,0.6604,0.001,0.8929,0.3772
Whole Organic Omega 3 Milk,dairy eggs,milk,0,afternoon,775,659,775,0.8503,0.0153,0.5723,0.3772
Apple & Maple Chicken Mini Links,meat seafood,hot dogs bacon sausage,0,afternoon,33,23,33,0.697,0.0006,0.8384,0.3771
Medium La Vieja Salsa,deli,fresh dips tapenades,0,afternoon,70,48,70,0.6857,0.0014,0.8537,0.3771
Mini Blueberry Muffins,bakery,breakfast bakery,0,afternoon,304,230,304,0.7566,0.006,0.7358,0.3771
Organic Whole Milk Strawberry Beet Berry Yogurt Pouch,dairy eggs,yogurt,0,afternoon,602,487,602,0.809,0.0118,0.6422,0.3771
Signature Spicy Pickle Chips,pantry,pickled goods olives,0,afternoon,28,19,28,0.6786,0.0005,0.8659,0.377
Yotoddler Organic Pear Spinach Mango Yogurt,dairy eggs,yogurt,0,afternoon,573,465,573,0.8115,0.0113,0.6395,0.377
Cheesy Chicken and Broccoli Rice,frozen,frozen meals,0,afternoon,17,13,17,0.7647,0.0003,0.7365,0.3769
Chocolate Peanut Butter Advantage Meal Bar,personal care,protein meal replacements,0,afternoon,27,20,27,0.7407,0.0005,0.7723,0.3769
Light Banana Cream Pie Fat Free Yogurt,dairy eggs,yogurt,0,afternoon,61,43,61,0.7049,0.0012,0.8242,0.3769
Pecan Nut & Rice Cracker Snacks,snacks,crackers,0,afternoon,296,221,296,0.7466,0.0058,0.7502,0.3769
90% Lean Ground Beef,meat seafood,meat counter,0,afternoon,962,568,962,0.5904,0.0189,0.9512,0.3768
Cherubs Heavenly Salad Tomatoes,produce,fresh vegetables,0,afternoon,2532,1648,2532,0.6509,0.0499,0.7829,0.3768
French Beans,produce,packaged vegetables fruits,0,afternoon,83,59,83,0.7108,0.0016,0.813,0.3767
Labne Kefir Cheese,dairy eggs,packaged cheese,0,afternoon,56,42,56,0.75,0.0011,0.7558,0.3767
Organic Southwestern-Style Black Bean Soup,canned goods,soup broth bouillon,0,afternoon,5,4,5,0.8,0.0001,0.6832,0.3767
7 Ancient Grains with Hint of Sea Salt Crackers,snacks,crackers,0,afternoon,17,10,17,0.5882,0.0003,1.0,0.3766
All Natural Pizza Munchies Classic Italian Flavors & Soy Cheese in Crispy Wheat Shell,frozen,frozen appetizers sides,0,afternoon,2,2,2,1.0,0.0,0.3828,0.3766
Amaretto Cafe Coffee Creamer,dairy eggs,cream,0,afternoon,1,1,1,1.0,0.0,0.3828,0.3766
Bag of Gala Apples,produce,fresh fruits,0,afternoon,1,1,1,1.0,0.0,0.3828,0.3766
Beneful Healthy Weight with Real Chicken Dog Food,pets,dog food care,0,afternoon,1,1,1,1.0,0.0,0.3828,0.3766
Black Pepper Beef,deli,lunch meat,0,afternoon,1,1,1,1.0,0.0,0.3828,0.3766
California Champagne,alcohol,specialty wines champagnes,0,afternoon,1,1,1,1.0,0.0,0.3828,0.3766
"Cat Litter, Natural, Unscented",pets,cat food care,0,afternoon,12,11,12,0.9167,0.0002,0.5073,0.3766
Chicken Pad Thai,international,asian foods,0,afternoon,1,1,1,1.0,0.0,0.3828,0.3766
Cinnamon Pop'ettes,snacks,cookies cakes,0,afternoon,1,1,1,1.0,0.0,0.3828,0.3766
Cooling Relief 1% Hydrocortisone Anti-Itch Gel Maximum Strength,personal care,first aid,0,afternoon,1,1,1,1.0,0.0,0.3828,0.3766
Core Turkey & Chicken Liver Canned Cat Food,pets,cat food care,0,afternoon,13,12,13,0.9231,0.0002,0.4978,0.3766
Cream Top Apricot Mango Fruit on the Bottom Yogurt,dairy eggs,yogurt,0,afternoon,77,56,77,0.7273,0.0015,0.7882,0.3766
Creamy Broth with Mackerel & Vegetables Cat Food,pets,cat food care,0,afternoon,2,2,2,1.0,0.0,0.3828,0.3766
Creamy Oat Bran Hot Cereal,breakfast,hot cereal pancake mixes,0,afternoon,1,1,1,1.0,0.0,0.3828,0.3766
Cucumber Vodka,alcohol,spirits,0,afternoon,1,1,1,1.0,0.0,0.3828,0.3766
Dairy Free Pumpkin Spice Coconut Milk Beverage,dairy eggs,soy lactosefree,0,afternoon,1,1,1,1.0,0.0,0.3828,0.3766
Dark Chocolate Peanut Sea Salt,missing,missing,0,afternoon,1,1,1,1.0,0.0,0.3828,0.3766
Decaf House 100% Organic Coffee From Fair Trade Cooperatives,beverages,coffee,0,afternoon,1,1,1,1.0,0.0,0.3828,0.3766
Dry Sake,alcohol,specialty wines champagnes,0,afternoon,1,1,1,1.0,0.0,0.3828,0.3766
"Ecos 2X Ultra Natural Laundry Detergent,  Free and Clear, HE, Liquid",household,laundry,0,afternoon,1,1,1,1.0,0.0,0.3828,0.3766
Enfagrow Older Toddler Vanilla Milk Drink Powder,babies,baby food formula,0,afternoon,1,1,1,1.0,0.0,0.3828,0.3766
Exceptional Lavender Fabric Softener He 42 Loads,household,laundry,0,afternoon,1,1,1,1.0,0.0,0.3828,0.3766
Fat Free Organic Vegetable Broth,canned goods,soup broth bouillon,0,afternoon,1,1,1,1.0,0.0,0.3828,0.3766
Frank in a Blanket 100% All Beef,frozen,frozen appetizers sides,0,afternoon,1,1,1,1.0,0.0,0.3828,0.3766
Garcinia Cambogia,personal care,vitamins supplements,0,afternoon,1,1,1,1.0,0.0,0.3828,0.3766
Go & Grow Milk Based Powder,missing,missing,0,afternoon,1,1,1,1.0,0.0,0.3828,0.3766
Hawaiian Volcanic Water,beverages,water seltzer sparkling water,0,afternoon,6,5,6,0.8333,0.0001,0.6327,0.3766
Honeysuckle Nectarine Probiotic Tea Tonic,beverages,refrigerated,0,afternoon,6,5,6,0.8333,0.0001,0.6327,0.3766
IncrediBites With Salmon Tomatoes Carrots & Wild Rice Dog Food,pets,dog food care,0,afternoon,1,1,1,1.0,0.0,0.3828,0.3766
Itchy Dry Scalp Shampoo,personal care,hair care,0,afternoon,1,1,1,1.0,0.0,0.3828,0.3766
K-Kritters Graham Animal Cookies,snacks,cookies cakes,0,afternoon,1,1,1,1.0,0.0,0.3828,0.3766
Kettle Cooked 40% Less Fat Original Potato Chips,snacks,chips pretzels,0,afternoon,1,1,1,1.0,0.0,0.3828,0.3766
Maximum Whitening Liquid Mint Toothpaste,personal care,oral hygiene,0,afternoon,1,1,1,1.0,0.0,0.3828,0.3766
Maximus India Pale Ale,alcohol,beers coolers,0,afternoon,1,1,1,1.0,0.0,0.3828,0.3766
Meze Chili Lime Greek Yogurt Dip,deli,fresh dips tapenades,0,afternoon,1,1,1,1.0,0.0,0.3828,0.3766
Mint Chocolate Quark,dairy eggs,yogurt,0,afternoon,1,1,1,1.0,0.0,0.3828,0.3766
Multi-Faceted Shimmering Colour 21 Bright Black Hair Color,personal care,hair care,0,afternoon,1,1,1,1.0,0.0,0.3828,0.3766
No Drain Chunk Light in Water Tuna,canned goods,canned meat seafood,0,afternoon,1,1,1,1.0,0.0,0.3828,0.3766
Oikos Toasted Coconut Chocolate Crunch Yogurt,dairy eggs,yogurt,0,afternoon,1,1,1,1.0,0.0,0.3828,0.3766
Organic Aztec Crunch Bar,snacks,energy granola bars,0,afternoon,1,1,1,1.0,0.0,0.3828,0.3766
Organic Caffeine Free Chai Tea Latte Concentrate,beverages,tea,0,afternoon,1,1,1,1.0,0.0,0.3828,0.3766
Organic Chewy Blueberry Almond Granola & Seed Bars,breakfast,breakfast bars pastries,0,afternoon,1,1,1,1.0,0.0,0.3828,0.3766
Organic Large Grade AA Eggs,dairy eggs,eggs,0,afternoon,54,40,54,0.7407,0.001,0.7692,0.3766
Organic Pure Aloe,beverages,juice nectars,0,afternoon,54,33,54,0.6111,0.001,0.9639,0.3766
Organic Rice Protein Vanilla,personal care,protein meal replacements,0,afternoon,1,1,1,1.0,0.0,0.3828,0.3766
Organic Sensible Sipper Banana,beverages,juice nectars,0,afternoon,1,1,1,1.0,0.0,0.3828,0.3766
Organics 100% Juice Fruit Punch,beverages,juice nectars,0,afternoon,2,2,2,1.0,0.0,0.3828,0.3766
Original Almond Nog,dairy eggs,soy lactosefree,0,afternoon,1,1,1,1.0,0.0,0.3828,0.3766
Overstuffed Beef Ravioli,canned goods,canned meals beans,0,afternoon,17,10,17,0.5882,0.0003,1.0,0.3766
Peppermint Chocolate Caffeine Free Tea,beverages,tea,0,afternoon,1,1,1,1.0,0.0,0.3828,0.3766
Petite Cut Diced Tomatoes with Zesty Jalapenos,canned goods,canned jarred vegetables,0,afternoon,6,5,6,0.8333,0.0001,0.6327,0.3766
Pilsner,alcohol,beers coolers,0,afternoon,1,1,1,1.0,0.0,0.3828,0.3766
"Plastic Cutlery Heavyweight, Golden Yellow, Assorted",household,plates bowls cups flatware,0,afternoon,1,1,1,1.0,0.0,0.3828,0.3766
Ramen Noodles Soup Chicken Mushroom Flavor,canned goods,soup broth bouillon,0,afternoon,1,1,1,1.0,0.0,0.3828,0.3766
Raspberry Twist Vodka,alcohol,spirits,0,afternoon,2,2,2,1.0,0.0,0.3828,0.3766
Ripples Sour Cream & Onion Flavored Potato Chips,snacks,chips pretzels,0,afternoon,11,8,11,0.7273,0.0002,0.7918,0.3766
Sauvignon Blanc Napa Valley 2006,alcohol,white wines,0,afternoon,1,1,1,1.0,0.0,0.3828,0.3766
Soup at Hand Creamy Tomato Parmesan Bisque,canned goods,soup broth bouillon,0,afternoon,1,1,1,1.0,0.0,0.3828,0.3766
"Spread, Premium, Organic, Apricot",pantry,spreads,0,afternoon,1,1,1,1.0,0.0,0.3828,0.3766
Sugar Free Lemonade Drink Mix,beverages,cocoa drink mixes,0,afternoon,1,1,1,1.0,0.0,0.3828,0.3766
Three Cheese Ravioli In Egg Pasta,dry goods pasta,fresh pasta,0,afternoon,97,62,97,0.6392,0.0019,0.9193,0.3766
Unsweetened Almond Milk,dairy eggs,soy lactosefree,0,afternoon,611,496,611,0.8118,0.012,0.6351,0.3766
Vanilla Cream Seltzer,beverages,water seltzer sparkling water,0,afternoon,1,1,1,1.0,0.0,0.3828,0.3766
"Vitamin C, 500 mg, Chewable Wafers, Blueberry, Raspberry and Boysenberry",personal care,vitamins supplements,0,afternoon,1,1,1,1.0,0.0,0.3828,0.3766
Wrigley's 5 React2 Unique Mint Sugar-Free Gum,snacks,mint gum,0,afternoon,1,1,1,1.0,0.0,0.3828,0.3766
Fat Free Plain Yogurt,dairy eggs,yogurt,0,afternoon,309,230,309,0.7443,0.0061,0.7509,0.3765
Mesquite Bbq Crisps,snacks,chips pretzels,0,afternoon,11,9,11,0.8182,0.0002,0.6547,0.3765
Organic Broccoli Florets,frozen,frozen produce,0,afternoon,3712,2335,3712,0.629,0.0731,0.7563,0.3765
Organic Russet Potato,produce,fresh vegetables,0,afternoon,3733,2304,3733,0.6172,0.0735,0.773,0.3765
Pastured Eggs,dairy eggs,eggs,0,afternoon,121,84,121,0.6942,0.0024,0.8353,0.3765
Organic Green Pears,produce,fresh fruits,0,afternoon,11,7,11,0.6364,0.0002,0.927,0.3764
Organic Raw Kombucha Gingerade,beverages,refrigerated,0,afternoon,2015,1521,2015,0.7548,0.0397,0.6507,0.3764
Straightshot Probiotic Oat Drink,personal care,digestion,0,afternoon,153,116,153,0.7582,0.003,0.7371,0.3764
Wheat English Muffins,bakery,breakfast bakery,0,afternoon,528,354,528,0.6705,0.0104,0.8497,0.3763
Smartpop Butter Single Serve Bags,snacks,popcorn jerky,0,afternoon,13,8,13,0.6154,0.0002,0.9575,0.3762
All Natural Unsalted Donkey Authentic Tortilla Chips,snacks,chips pretzels,0,afternoon,29,17,29,0.5862,0.0006,1.0,0.3761
Plain Breadsticks,snacks,crackers,0,afternoon,18,15,18,0.8333,0.0003,0.6295,0.3761
Chocolate Flavored Low Fat Milk 1%,dairy eggs,milk,0,afternoon,9,7,9,0.7778,0.0002,0.7131,0.376
Lunchables Turkey & American Cheese Cracker Stackers,deli,prepared meals,0,afternoon,196,144,196,0.7347,0.0038,0.7685,0.376
Organic Bagged Kale Salad Mix,produce,packaged vegetables fruits,0,afternoon,231,145,231,0.6277,0.0045,0.927,0.376
Rip-L Potato Chips Twin Pack,snacks,chips pretzels,0,afternoon,12,9,12,0.75,0.0002,0.7543,0.376
Black Forest Ham with Natural Juices,deli,lunch meat,0,afternoon,4,3,4,0.75,0.0001,0.7543,0.3759
Citrus Chia Power Snacks,snacks,fruit vegetable snacks,0,afternoon,4,3,4,0.75,0.0001,0.7543,0.3759
For Sensitive Skin Plus Skin Friendly Fresh Scent,household,laundry,0,afternoon,4,3,4,0.75,0.0001,0.7543,0.3759
Gluten Free Chicken Puttanesca,frozen,frozen meals,0,afternoon,4,3,4,0.75,0.0001,0.7543,0.3759
Grassmilk Organic Fat Free Milk,dairy eggs,soy lactosefree,0,afternoon,100,81,100,0.81,0.002,0.6595,0.3759
Jaipur Vegetables,international,indian foods,0,afternoon,20,12,20,0.6,0.0004,0.9788,0.3759
Organic Fruit and Veggie Smoothie Beetbox Berry Mashups Smoothie Pouch,dairy eggs,yogurt,0,afternoon,22,16,22,0.7273,0.0004,0.7877,0.3759
"Organic, Whole Bean, Espresso Roast Coffee",beverages,coffee,0,afternoon,4,3,4,0.75,0.0001,0.7543,0.3759
Roma Tomato,produce,fresh vegetables,0,afternoon,4447,2742,4447,0.6166,0.0876,0.7357,0.3759
Sea Captain's Choice Classic Pate Cat Food,pets,cat food care,0,afternoon,8,6,8,0.75,0.0001,0.7543,0.3759
White Baguette,bakery,buns rolls,0,afternoon,4,3,4,0.75,0.0001,0.7543,0.3759
Baby Vegetable Medley Steamers,frozen,frozen produce,0,afternoon,84,49,84,0.5833,0.0016,1.0,0.3758
"Wafers, Vanilla",snacks,cookies cakes,0,afternoon,18,11,18,0.6111,0.0003,0.9615,0.3758
Krave Cereal Chocolate,breakfast,cereal,0,afternoon,84,64,84,0.7619,0.0016,0.7314,0.3757
Tasty Brand Mixed Fruit Fruit Snacks,snacks,fruit vegetable snacks,0,afternoon,39,26,39,0.6667,0.0007,0.8766,0.3757
Organic Edensoy Extra Original Soy Milk,dairy eggs,soy lactosefree,0,afternoon,66,53,66,0.803,0.0013,0.6702,0.3756
Carb Smart Chocolate Ice Cream,frozen,ice cream ice,0,afternoon,4,4,4,1.0,0.0001,0.3774,0.3755
Grade A Cage Free Omega-3 Enriched Medium Eggs,dairy eggs,eggs,0,afternoon,165,106,165,0.6424,0.0032,0.9057,0.3755
Classic Seafood Feast Cat Food,pets,cat food care,0,afternoon,42,31,42,0.7381,0.0008,0.7673,0.3753
Organic Lactose Free Whole Milk,dairy eggs,soy lactosefree,0,afternoon,711,605,711,0.8509,0.014,0.565,0.3753
Organic Stage 2 Peaches & Bananas Baby Food,babies,baby food formula,0,afternoon,352,270,352,0.767,0.0069,0.7089,0.3753
American Pasteurized Cheese Slices,dairy eggs,packaged cheese,0,afternoon,3,3,3,1.0,0.0,0.3757,0.3752
Medium Combo Ranchero Salsa,deli,fresh dips tapenades,0,afternoon,24,14,24,0.5833,0.0005,1.0,0.3752
"100% Juice, Apple Peach Mango",beverages,juice nectars,0,afternoon,12,7,12,0.5833,0.0002,1.0,0.3751
Artichoke & Roasted Peppers Quinoa Meal,dry goods pasta,instant foods,0,afternoon,12,7,12,0.5833,0.0002,1.0,0.3751
Baby Kale & Spinach Juicing Greens,produce,packaged vegetables fruits,0,afternoon,12,7,12,0.5833,0.0002,1.0,0.3751
Cashews Roasted Sprinkling Of Salt,snacks,nuts seeds dried fruit,0,afternoon,12,7,12,0.5833,0.0002,1.0,0.3751
Cork Dancer Pinot Noir,alcohol,red wines,0,afternoon,12,7,12,0.5833,0.0002,1.0,0.3751
Grape Tomato,produce,fresh vegetables,0,afternoon,12,7,12,0.5833,0.0002,1.0,0.3751
Light & Fit Greek Yogurt,dairy eggs,yogurt,0,afternoon,12,7,12,0.5833,0.0002,1.0,0.3751
Men Clinical+ Clean Anti-Perspirant & Deodorant,personal care,deodorants,0,afternoon,12,7,12,0.5833,0.0002,1.0,0.3751
Organic Shiitake Mushroom Meatless Burger 3 Count,frozen,frozen vegan vegetarian,0,afternoon,12,7,12,0.5833,0.0002,1.0,0.3751
Peppermint Pattie Bar,snacks,candy chocolate,0,afternoon,12,7,12,0.5833,0.0002,1.0,0.3751
Reduced Fat Provolone Cheese with Smoke Flavor,dairy eggs,packaged cheese,0,afternoon,12,7,12,0.5833,0.0002,1.0,0.3751
Grilled Salmon,deli,prepared meals,0,afternoon,47,31,47,0.6596,0.0009,0.8833,0.375
Le Brie Mini Soft Ripened Cheese,dairy eggs,specialty cheeses,0,afternoon,85,62,85,0.7294,0.0017,0.7766,0.375
Organix Butcher & Bushel Grain-Free Tender Chicken Canned Dog Food,pets,dog food care,0,afternoon,43,29,43,0.6744,0.0008,0.8611,0.375
Cage Free Grade A Large Brown Eggs,dairy eggs,eggs,0,afternoon,761,528,761,0.6938,0.015,0.7962,0.3749
Organic Shredded Carrots,produce,packaged vegetables fruits,0,afternoon,2508,1535,2508,0.612,0.0494,0.8327,0.3749
White Potatoes,produce,fresh vegetables,0,afternoon,15,10,15,0.6667,0.0003,0.8738,0.3749
Advanced Dry Unscented Antiperspirant & Deodorant,personal care,deodorants,0,afternoon,3,2,3,0.6667,0.0,0.8738,0.3748
Anarchy Daily Fragrance,personal care,deodorants,0,afternoon,3,2,3,0.6667,0.0,0.8738,0.3748
Charcoal 260 Mg,personal care,vitamins supplements,0,afternoon,9,6,9,0.6667,0.0002,0.8738,0.3748
Cheddar Cheese Potato Crisps,missing,missing,0,afternoon,3,2,3,0.6667,0.0,0.8738,0.3748
"Cloves, Whole",pantry,spices seasonings,0,afternoon,3,2,3,0.6667,0.0,0.8738,0.3748
Drinkable Mango Yogurt,dairy eggs,yogurt,0,afternoon,9,6,9,0.6667,0.0002,0.8738,0.3748
Fat Free Sour Cream & Onion Potato Crisps,snacks,chips pretzels,0,afternoon,3,2,3,0.6667,0.0,0.8738,0.3748
Lavender Liquid Laundry Detergent,household,laundry,0,afternoon,3,2,3,0.6667,0.0,0.8738,0.3748
Maple Bacon Blueberry Meat Bar,snacks,energy granola bars,0,afternoon,3,2,3,0.6667,0.0,0.8738,0.3748
Men Sport Anti-Perspirant & Deodorant,personal care,deodorants,0,afternoon,3,2,3,0.6667,0.0,0.8738,0.3748
"Mojo Berry Blackberry, Mint, & Lime Sparkling Beverage",beverages,soft drinks,0,afternoon,3,2,3,0.6667,0.0,0.8738,0.3748
MotionSense Dry Spray Shower Clean Anti-Perspirant,personal care,deodorants,0,afternoon,3,2,3,0.6667,0.0,0.8738,0.3748
Orange Flavored Drink,beverages,refrigerated,0,afternoon,3,2,3,0.6667,0.0,0.8738,0.3748
Organic Microwave Popcorn No Salt or Oil,snacks,popcorn jerky,0,afternoon,3,2,3,0.6667,0.0,0.8738,0.3748
Organic Whole Grassmilk Milk,dairy eggs,milk,0,afternoon,1345,1095,1345,0.8141,0.0265,0.5866,0.3748
Protein Rich Nutrition Bar,snacks,energy granola bars,0,afternoon,8,7,8,0.875,0.0001,0.5613,0.3748
Roasted Seaweed Snack Coconut Oil,snacks,fruit vegetable snacks,0,afternoon,3,2,3,0.6667,0.0,0.8738,0.3748
Saffron Yellow Seasonings & Long Grain Rice,dry goods pasta,instant foods,0,afternoon,62,36,62,0.5806,0.0012,1.0,0.3748
Shiraz Cabernet,alcohol,red wines,0,afternoon,3,2,3,0.6667,0.0,0.8738,0.3748
The Original Wheat Biscuits,snacks,cookies cakes,0,afternoon,3,2,3,0.6667,0.0,0.8738,0.3748
"Whiskey, Tennessee Honey, Original Recipe",alcohol,spirits,0,afternoon,3,2,3,0.6667,0.0,0.8738,0.3748
Wild Salmon Seasoned Grill - 2 CT,frozen,frozen meat seafood,0,afternoon,3,2,3,0.6667,0.0,0.8738,0.3748
Homestyle Orange Juice,beverages,refrigerated,0,afternoon,23,21,23,0.913,0.0004,0.503,0.3747
Marlborough Sauvignon Blanc Wine,alcohol,white wines,0,afternoon,31,24,31,0.7742,0.0006,0.711,0.3747
Organic YoKids Very Berry Smoothies,dairy eggs,yogurt,0,afternoon,758,576,758,0.7599,0.0149,0.6963,0.3747
Sesame Millet Bread,bakery,bread,0,afternoon,6,5,6,0.8333,0.0001,0.6232,0.3747
Strawberry Banana Yogurt Blends,babies,baby food formula,0,afternoon,14,10,14,0.7143,0.0003,0.8013,0.3747
Tasty Treasures with Chicken & Cheese in Gravy Cat Food,pets,cat food care,0,afternoon,6,5,6,0.8333,0.0001,0.6232,0.3747
Natural Chicken Breast in Water,canned goods,canned meat seafood,0,afternoon,12,9,12,0.75,0.0002,0.7475,0.3746
Organic Fat Free Vegetarian Traditional Refried Beans,canned goods,canned meals beans,0,afternoon,29,20,29,0.6897,0.0006,0.8372,0.3746
Roasted Turkey With Garlic Mashed Cauliflower,frozen,frozen meals,0,afternoon,7,5,7,0.7143,0.0001,0.8013,0.3746
Wrigley's Juicy Fruit Gum,snacks,mint gum,0,afternoon,7,5,7,0.7143,0.0001,0.8013,0.3746
Broccoli & Cheese Breaded Stuffed Chicken Breasts,frozen,frozen meals,0,afternoon,4,4,4,1.0,0.0001,0.3722,0.3745
Lemon Hummus,deli,fresh dips tapenades,0,afternoon,1770,1253,1770,0.7079,0.0349,0.7235,0.3745
Organic Mini Homestyle Waffles,frozen,frozen breakfast,0,afternoon,558,403,558,0.7222,0.011,0.7616,0.3745
Squeeze Strawberry Banana,dairy eggs,yogurt,0,afternoon,13,9,13,0.6923,0.0002,0.8332,0.3745
"Tortilla Chips, Corn, Red Hot Blues",snacks,chips pretzels,0,afternoon,321,212,321,0.6604,0.0063,0.8663,0.3745
All Natural Balsamic Vinaigrette Dressing & Marinade,pantry,salad dressing toppings,0,afternoon,5,3,5,0.6,0.0001,0.9719,0.3744
Brown Rice & Lentils,dry goods pasta,grains rice dried goods,0,afternoon,5,3,5,0.6,0.0001,0.9719,0.3744
Chocolate Co. Organic Dark Chocolate Sea Salt & Coconut,snacks,candy chocolate,0,afternoon,2,2,2,1.0,0.0,0.3722,0.3744
Cocoa Loco Baked Chewy Bars,snacks,energy granola bars,0,afternoon,125,82,125,0.656,0.0024,0.8818,0.3744
Dijon Vinaigrette,pantry,salad dressing toppings,0,afternoon,5,3,5,0.6,0.0001,0.9719,0.3744
Greek Toasted Coconut Vanilla Non Fat Yogurt,dairy eggs,yogurt,0,afternoon,36,27,36,0.75,0.0007,0.7453,0.3744
Lemon Rose Water,beverages,water seltzer sparkling water,0,afternoon,2,2,2,1.0,0.0,0.3722,0.3744
Lindcove Ranch Tangelo Sorbetto Gelato Bar,frozen,ice cream ice,0,afternoon,2,2,2,1.0,0.0,0.3722,0.3744
Organic Raspberry Cultured Soy,dairy eggs,yogurt,0,afternoon,2,2,2,1.0,0.0,0.3722,0.3744
Quinoa Puffs Sweet Chili,snacks,chips pretzels,0,afternoon,9,7,9,0.7778,0.0002,0.705,0.3744
ReNu Sensitive Gentle Formula Multi-Purpose Solution,personal care,eye ear care,0,afternoon,5,3,5,0.6,0.0001,0.9719,0.3744
Roasted Garlic & Sea Salt,snacks,chips pretzels,0,afternoon,5,3,5,0.6,0.0001,0.9719,0.3744
Single & Sparkling Natural Mineral Water,beverages,water seltzer sparkling water,0,afternoon,10,7,10,0.7,0.0002,0.8218,0.3744
Steamables Golden Potatoes,produce,fresh vegetables,0,afternoon,5,3,5,0.6,0.0001,0.9719,0.3744
Superfood Dark Chocolate and Peanut Butter Seedbar,snacks,energy granola bars,0,afternoon,39,31,39,0.7949,0.0007,0.6776,0.3744
Swiss Style Slices cheese alternative,dairy eggs,packaged cheese,0,afternoon,5,3,5,0.6,0.0001,0.9719,0.3744
Balanced Breaks White Cheddar with Cashews & Cranberries Cheese Snacks,dairy eggs,packaged cheese,0,afternoon,48,32,48,0.6667,0.0009,0.8692,0.3743
Confetti Bean Pasta,deli,prepared meals,0,afternoon,14,9,14,0.6429,0.0003,0.9065,0.3743
Oikos Vanilla Nonfat Greek Yogurt,dairy eggs,yogurt,0,afternoon,80,51,80,0.6375,0.0016,0.9112,0.3743
Graduates Grabbers Apple Mango & Strawberry Baby Food,babies,baby food formula,0,afternoon,11,7,11,0.6364,0.0002,0.9158,0.3742
Grape White/Green Seedless,produce,fresh fruits,0,afternoon,3930,2624,3930,0.6677,0.0774,0.6761,0.3742
Licorice,snacks,candy chocolate,0,afternoon,79,61,79,0.7722,0.0015,0.7088,0.3742
Organic Colombia Fair Trade Whole Bean Coffee,beverages,coffee,0,afternoon,11,7,11,0.6364,0.0002,0.9158,0.3742
"Superfood Cranberry, Almond & Lucuma Seedbar",snacks,energy granola bars,0,afternoon,16,13,16,0.8125,0.0003,0.6515,0.3742
Bean & Rice Chips Nacho,snacks,chips pretzels,0,afternoon,223,164,223,0.7354,0.0044,0.7565,0.3741
Chocolate Mint Cookie Crunch Energy Bar,snacks,energy granola bars,0,afternoon,10,8,10,0.8,0.0002,0.6698,0.3741
Daily Turmeric Nutrient Booster Powder One Serving,personal care,vitamins supplements,0,afternoon,8,5,8,0.625,0.0001,0.9327,0.3741
Delights Canadian Bacon Egg Whites & Cheese Honey Wheat English Muffin,frozen,frozen breakfast,0,afternoon,87,58,87,0.6667,0.0017,0.8662,0.3741
Organic Dark Chocolate Protein Elixir,beverages,energy sports drinks,0,afternoon,15,11,15,0.7333,0.0003,0.7698,0.3741
Spinach And Mushroom Pizza,deli,prepared meals,0,afternoon,8,5,8,0.625,0.0001,0.9327,0.3741
Gluten Free Sliced Mountain White Bread,bakery,bread,0,afternoon,507,375,507,0.7396,0.01,0.7359,0.374
Organic Kale Combo,produce,packaged vegetables fruits,0,afternoon,5,4,5,0.8,0.0001,0.6698,0.374
Organic Romaine Lettuce,produce,fresh vegetables,0,afternoon,4019,2394,4019,0.5957,0.0792,0.7787,0.374
Bittersweet Chocolate,pantry,baking ingredients,0,afternoon,8,6,8,0.75,0.0001,0.7441,0.3739
Five Cheese Garlic Toast,frozen,frozen breads doughs,0,afternoon,19,11,19,0.5789,0.0004,1.0,0.3739
Air Chilled Breaded Chicken Breast Nuggets,frozen,frozen appetizers sides,0,afternoon,948,681,948,0.7184,0.0187,0.745,0.3738
Gluten Free  Chocolate Chip Muffins,bakery,bakery desserts,0,afternoon,3,3,3,1.0,0.0,0.3688,0.3738
Gruyere Chik'n Cutlets,frozen,frozen vegan vegetarian,0,afternoon,56,42,56,0.75,0.0011,0.7413,0.3738
Heat & Eat Organic Long Grain Bowl Rice Bowl,dry goods pasta,instant foods,0,afternoon,25,17,25,0.68,0.0005,0.848,0.3738
Mini Cones Caramel,frozen,ice cream ice,0,afternoon,3,3,3,1.0,0.0,0.3688,0.3738
Sweet Grape Tomatoes,produce,fresh vegetables,0,afternoon,155,89,155,0.5742,0.003,1.0,0.3738
Toaster English Muffins Wheat Made With a Touch of Honey,bakery,breakfast bakery,0,afternoon,3,3,3,1.0,0.0,0.3688,0.3738
V Fusion Pomegranate Blueberry 100% Vegetable & Fruit Juice,beverages,juice nectars,0,afternoon,32,23,32,0.7188,0.0006,0.7894,0.3738
Cheese Shredded Sharp Cheddar Reduced Fat 2%,dairy eggs,packaged cheese,0,afternoon,92,53,92,0.5761,0.0018,1.0,0.3737
Lean Ground Turky,meat seafood,packaged poultry,0,afternoon,678,383,678,0.5649,0.0133,0.988,0.3737
Italian Style Meatballs & Mozzarella Seasoned Crust,frozen,frozen meals,0,afternoon,76,46,76,0.6053,0.0015,0.9564,0.3736
Original Chili Con Carne With Beans,canned goods,canned meals beans,0,afternoon,13,10,13,0.7692,0.0002,0.7137,0.3736
Pomegranate Blackberry Probiotic Juice Drink,personal care,digestion,0,afternoon,68,45,68,0.6618,0.0013,0.8721,0.3736
Prime Filets Chicken & Tuna Dinner in Gravy Cat Food,pets,cat food care,0,afternoon,20,15,20,0.75,0.0004,0.7421,0.3736
Simply Salt Rice Snacks,snacks,crackers,0,afternoon,19,14,19,0.7368,0.0004,0.762,0.3736
Wheels & Cheese,frozen,frozen meals,0,afternoon,39,28,39,0.7179,0.0007,0.7892,0.3736
Cinnamon Raisin Oat Bar,snacks,energy granola bars,0,afternoon,27,22,27,0.8148,0.0005,0.6438,0.3735
Coffee Flavor Yogurt,dairy eggs,yogurt,0,afternoon,9,8,9,0.8889,0.0002,0.5339,0.3735
Honey Oat,bakery,breakfast bakery,0,afternoon,4,4,4,1.0,0.0001,0.3671,0.3735
Organic Sticks Low Moisture Part Skim Mozzarella String Cheese,dairy eggs,packaged cheese,0,afternoon,3261,2323,3261,0.7124,0.0642,0.6385,0.3735
"Organic Toddler Formula, Milk Drink Powder, Vanilla, For Toddlers 1 Year & Up",babies,baby food formula,0,afternoon,4,4,4,1.0,0.0001,0.3671,0.3735
Powdered Goat Milk,pantry,baking ingredients,0,afternoon,4,4,4,1.0,0.0001,0.3671,0.3735
Redline Espresso Whole Bean Coffee,beverages,coffee,0,afternoon,30,19,30,0.6333,0.0006,0.9162,0.3735
"Sunflower Seeds, Original",snacks,nuts seeds dried fruit,0,afternoon,8,8,8,1.0,0.0001,0.3671,0.3735
"Kettle Cooked Potato Chips, Sea Salt",snacks,chips pretzels,0,afternoon,14,10,14,0.7143,0.0003,0.7947,0.3734
Organic Spring Mix,produce,packaged vegetables fruits,0,afternoon,3409,2231,3409,0.6544,0.0672,0.7175,0.3734
"Cereal, Superfood, Cacao Crunch",breakfast,cereal,0,afternoon,12,9,12,0.75,0.0002,0.7408,0.3733
G Series Fierce Melon Sports Drink,beverages,energy sports drinks,0,afternoon,12,9,12,0.75,0.0002,0.7408,0.3733
"Organic Baby Food Carrot, Sweet Potato & Brown Rice Stage 2",babies,baby food formula,0,afternoon,26,15,26,0.5769,0.0005,1.0,0.3733
Organic Plain Whole Milk Yogurt,dairy eggs,yogurt,0,afternoon,1402,1035,1402,0.7382,0.0276,0.69,0.3733
Breast Tenders,meat seafood,poultry counter,0,afternoon,22,14,22,0.6364,0.0004,0.9104,0.3732
House Blend Medium Ground Coffee,beverages,coffee,0,afternoon,11,9,11,0.8182,0.0002,0.6381,0.3732
Organic Bread with 21 Whole Grains,bakery,bread,0,afternoon,2318,1665,2318,0.7183,0.0457,0.6745,0.3732
Hershey's Chocolate Caramel Gourmet Coffee Creamer,dairy eggs,cream,0,afternoon,29,24,29,0.8276,0.0006,0.6228,0.3731
Organic Medium Brown Eggs,dairy eggs,eggs,0,afternoon,329,261,329,0.7933,0.0065,0.6596,0.3731
California Sourdough Bread,bakery,bread,0,afternoon,801,574,801,0.7166,0.0158,0.7507,0.373
Home Menu Meals for 2 Orange Chicken,frozen,frozen meals,0,afternoon,33,19,33,0.5758,0.0006,1.0,0.373
Lemon Cashew Protein Bar,snacks,energy granola bars,0,afternoon,15,11,15,0.7333,0.0003,0.7641,0.373
98% Fat Free Premium Ham With Natural Juices,deli,lunch meat,0,afternoon,18,13,18,0.7222,0.0003,0.7804,0.3729
Channa Masala,frozen,frozen meals,0,afternoon,30,20,30,0.6667,0.0006,0.8628,0.3729
Revive Fruit Punch Nutrient Enhanced VitaminWater,beverages,energy sports drinks,0,afternoon,19,12,19,0.6316,0.0004,0.9164,0.3729
Steamfresh Selects Frozen Long Grain White Rice with Mixed Vegetables,frozen,frozen meals,0,afternoon,40,23,40,0.575,0.0008,1.0,0.3729
Super Scoop Instant Clumping Unscented Cat Litter,pets,cat food care,0,afternoon,83,53,83,0.6386,0.0016,0.9026,0.3729
Fire Grilled Steak Bowl,frozen,frozen meals,0,afternoon,401,258,401,0.6434,0.0079,0.8793,0.3728
Fuel High Chocolate Protein Shake,personal care,protein meal replacements,0,afternoon,60,43,60,0.7167,0.0012,0.7859,0.3728
Meatless Sausage Egg Gouda Sandwich,frozen,frozen vegan vegetarian,0,afternoon,43,25,43,0.5814,0.0008,0.99,0.3728
Organic Whole Rye Bread,bakery,bread,0,afternoon,28,18,28,0.6429,0.0005,0.8981,0.3727
Reduced Fat Original Potato Crisps,snacks,chips pretzels,0,afternoon,36,24,36,0.6667,0.0007,0.8617,0.3727
Chile Con Queso,deli,prepared meals,0,afternoon,14,9,14,0.6429,0.0003,0.8981,0.3726
Organic Iced Oatmeal Cookie ZBar,snacks,energy granola bars,0,afternoon,66,48,66,0.7273,0.0013,0.769,0.3726
Cheddar Baked Mini Snack Crackers,snacks,crackers,0,afternoon,4,4,4,1.0,0.0001,0.3621,0.3725
Meritage Espresso Whole Bean Coffee,beverages,coffee,0,afternoon,20,17,20,0.85,0.0004,0.5866,0.3725
Sugar Free Chocolate Pudding,dairy eggs,refrigerated pudding desserts,0,afternoon,10,7,10,0.7,0.0002,0.8121,0.3725
Toasted Onion Brown Rice Snaps,snacks,crackers,0,afternoon,34,22,34,0.6471,0.0007,0.8903,0.3725
4% Milkfat Large Curd Cottage Cheese,dairy eggs,other creams cheeses,0,afternoon,85,57,85,0.6706,0.0017,0.8522,0.3724
Adult Grain-Free & Poultry-Free Dog Food,pets,dog food care,0,afternoon,26,16,26,0.6154,0.0005,0.9375,0.3724
All Black Single Original Coffee,missing,missing,0,afternoon,1,1,1,1.0,0.0,0.3621,0.3724
Apple Butter Spread,pantry,spreads,0,afternoon,2,2,2,1.0,0.0,0.3621,0.3724
Balm Moisturizing Lip Balm,personal care,skin care,0,afternoon,1,1,1,1.0,0.0,0.3621,0.3724
Bittersweet Chocolate with Chopped Hazelnuts,snacks,candy chocolate,0,afternoon,1,1,1,1.0,0.0,0.3621,0.3724
Borlotti Beans,canned goods,canned meals beans,0,afternoon,1,1,1,1.0,0.0,0.3621,0.3724
Breakfast Bacon Egg & Cheese Mini Bagels,frozen,frozen breakfast,0,afternoon,1,1,1,1.0,0.0,0.3621,0.3724
Chai Spice Organic Tea,beverages,tea,0,afternoon,2,2,2,1.0,0.0,0.3621,0.3724
Cinnamon Raisin Bagel Crisps,snacks,crackers,0,afternoon,1,1,1,1.0,0.0,0.3621,0.3724
Citrus Zest Natural Confidence Deodorant Crystal,personal care,deodorants,0,afternoon,1,1,1,1.0,0.0,0.3621,0.3724
Dairy Free American Style Cheese Alternative,dairy eggs,packaged cheese,0,afternoon,1,1,1,1.0,0.0,0.3621,0.3724
Disney Fairies Fruit Flavored Snacks,snacks,fruit vegetable snacks,0,afternoon,1,1,1,1.0,0.0,0.3621,0.3724
Down East Roasted Garlic Crackers,snacks,crackers,0,afternoon,2,2,2,1.0,0.0,0.3621,0.3724
Fat Free Premium Croutons Garlic Caesar Flavor,bakery,bread,0,afternoon,1,1,1,1.0,0.0,0.3621,0.3724
"Gentlease Infant Formula for Fussiness, Gas, and Crying",babies,baby food formula,0,afternoon,1,1,1,1.0,0.0,0.3621,0.3724
Grain-Free Venison White Potatoes & Fresh Cut Carrots Entree Adult Dog Food,pets,dog food care,0,afternoon,1,1,1,1.0,0.0,0.3621,0.3724
Greek Nonfat Yogurt Black Cherry,dairy eggs,yogurt,0,afternoon,1,1,1,1.0,0.0,0.3621,0.3724
Ice Cubes Sugar-Free Peppermint Gum,snacks,mint gum,0,afternoon,2,2,2,1.0,0.0,0.3621,0.3724
Ice Sports Drink,beverages,energy sports drinks,0,afternoon,1,1,1,1.0,0.0,0.3621,0.3724
Iced Mocha,beverages,coffee,0,afternoon,3,3,3,1.0,0.0,0.3621,0.3724
Italian Crushed Tomatoes with Onion and Garlic,canned goods,canned jarred vegetables,0,afternoon,1,1,1,1.0,0.0,0.3621,0.3724
Light White Grape Juice Drink,beverages,juice nectars,0,afternoon,1,1,1,1.0,0.0,0.3621,0.3724
Magnesium Citrate Cherry,personal care,digestion,0,afternoon,1,1,1,1.0,0.0,0.3621,0.3724
Mint Rolls,snacks,mint gum,0,afternoon,2,2,2,1.0,0.0,0.3621,0.3724
Organic Half & Half Iced Tea and Lemonade,beverages,juice nectars,0,afternoon,1,1,1,1.0,0.0,0.3621,0.3724
Organic Thick & Chunky Medium Salsa,pantry,condiments,0,afternoon,1,1,1,1.0,0.0,0.3621,0.3724
Organic White Peach White Tea,beverages,tea,0,afternoon,1,1,1,1.0,0.0,0.3621,0.3724
Organix Turkey & Vegetable Dog Food,pets,dog food care,0,afternoon,1,1,1,1.0,0.0,0.3621,0.3724
Original Slaw Dressing,pantry,salad dressing toppings,0,afternoon,1,1,1,1.0,0.0,0.3621,0.3724
Original Thousand Island Dressing & Dip,pantry,salad dressing toppings,0,afternoon,1,1,1,1.0,0.0,0.3621,0.3724
Parmesan & Garlic Kettle Cooked Potato Chips,snacks,chips pretzels,0,afternoon,1,1,1,1.0,0.0,0.3621,0.3724
Pickled Asparagus,pantry,pickled goods olives,0,afternoon,1,1,1,1.0,0.0,0.3621,0.3724
Power & Fresh Country Scent Toilet Bowl Cleaner,household,cleaning products,0,afternoon,1,1,1,1.0,0.0,0.3621,0.3724
Raw Vegan Protein Chocolate,personal care,protein meal replacements,0,afternoon,1,1,1,1.0,0.0,0.3621,0.3724
Sharp Yellow Cheddar Cheese,dairy eggs,packaged cheese,0,afternoon,1,1,1,1.0,0.0,0.3621,0.3724
Soup on the Go Cheesy Potato With Bacon Flavor Soup,canned goods,soup broth bouillon,0,afternoon,1,1,1,1.0,0.0,0.3621,0.3724
Sunflower Basil Crackers,snacks,crackers,0,afternoon,9,6,9,0.6667,0.0002,0.8617,0.3724
Sweet 'n Sour Sauce,pantry,condiments,0,afternoon,1,1,1,1.0,0.0,0.3621,0.3724
Sweet Vidalia Onion Barbecue Sauce,pantry,marinades meat preparation,0,afternoon,1,1,1,1.0,0.0,0.3621,0.3724
Thyme Automatic Dishwashing Detergent Pods Thyme & Fig 24 loads,household,dish detergents,0,afternoon,1,1,1,1.0,0.0,0.3621,0.3724
Ultra Strong Toilet Paper,household,paper goods,0,afternoon,33,22,33,0.6667,0.0006,0.8606,0.3724
Valenica Orange Eznzyme Drain Maintainer,household,cleaning products,0,afternoon,1,1,1,1.0,0.0,0.3621,0.3724
Vanilla with Almond Milk Iced Coffee,beverages,coffee,0,afternoon,1,1,1,1.0,0.0,0.3621,0.3724
Wake Up Roast Medium Coffee,beverages,coffee,0,afternoon,2,2,2,1.0,0.0,0.3621,0.3724
European Cucumber,produce,fresh vegetables,0,afternoon,2120,1385,2120,0.6533,0.0418,0.7773,0.3723
Fresh Chipotle Salsa,pantry,preserved dips spreads,0,afternoon,17,12,17,0.7059,0.0003,0.8021,0.3723
Graduates Lil' Entrees with Carrots Mashed Potatoes & Gravy with Roasted Chicken,babies,baby food formula,0,afternoon,14,11,14,0.7857,0.0003,0.6822,0.3723
Organic Cheese Frozen Pizza,frozen,frozen pizza,0,afternoon,1588,1098,1588,0.6914,0.0313,0.746,0.3723
Unsweetened Soy Milk,dairy eggs,soy lactosefree,0,afternoon,143,118,143,0.8252,0.0028,0.6168,0.3723
Yo Baby Organic Vanilla Yogurt,dairy eggs,yogurt,0,afternoon,311,254,311,0.8167,0.0061,0.6209,0.3723
Artichoke Bottoms,canned goods,canned jarred vegetables,0,afternoon,13,8,13,0.6154,0.0002,0.9375,0.3722
"Crispy Apple Chips, Original",snacks,nuts seeds dried fruit,0,afternoon,13,8,13,0.6154,0.0002,0.9375,0.3722
Dark Chocolate Raspberry Ice Cream Bars,frozen,ice cream ice,0,afternoon,20,13,20,0.65,0.0004,0.8849,0.3722
Stage 2 Apple Turkey Cranberry Baby Food,babies,baby food formula,0,afternoon,13,8,13,0.6154,0.0002,0.9375,0.3722
Unsweetened Plain Soy Yogurt,dairy eggs,yogurt,0,afternoon,28,20,28,0.7143,0.0005,0.7882,0.3722
Organic Mini Sandwich Crackers Cheddar Cheese,snacks,crackers,0,afternoon,536,377,536,0.7034,0.0105,0.779,0.3721
Total 0% Greek Yogurt,dairy eggs,yogurt,0,afternoon,2740,1869,2740,0.6821,0.054,0.7022,0.3721
Great Grains,breakfast,cereal,0,afternoon,27,20,27,0.7407,0.0005,0.7475,0.372
Greek Yogurt 0% Fat Plain,dairy eggs,yogurt,0,afternoon,11,7,11,0.6364,0.0002,0.9049,0.372
"Hello Morning Apple, Cinnamon & Quinoa Oatmeal",babies,baby food formula,0,afternoon,11,7,11,0.6364,0.0002,0.9049,0.372
Honey BBQ Potato Chips,snacks,chips pretzels,0,afternoon,12,10,12,0.8333,0.0002,0.6093,0.372
Love Crunch Dark Chocolate And Peanut Butter Granola,snacks,candy chocolate,0,afternoon,89,65,89,0.7303,0.0017,0.7602,0.372
Organic Fair Trade Mocha Java Coffee,beverages,coffee,0,afternoon,7,5,7,0.7143,0.0001,0.7882,0.372
Organic Lemon Lowfat Yogurt,dairy eggs,yogurt,0,afternoon,442,319,442,0.7217,0.0087,0.7556,0.372
Salad Dressing & Marinade Classic Vinaigrette,pantry,salad dressing toppings,0,afternoon,56,32,56,0.5714,0.0011,1.0,0.372
Tofu Spring Roll,deli,prepared meals,0,afternoon,144,107,144,0.7431,0.0028,0.7386,0.372
Deluxe Salted Whole Cashews,snacks,nuts seeds dried fruit,0,afternoon,18,13,18,0.7222,0.0003,0.7756,0.3719
Dora and Friends Fruit Snacks,snacks,fruit vegetable snacks,0,afternoon,4,3,4,0.75,0.0001,0.7342,0.3719
"Farmstyle Greek Strained Yogurt Washington Raspberry, 2% Milkfat",dairy eggs,yogurt,0,afternoon,23,17,23,0.7391,0.0004,0.7499,0.3719
Light Buttery Spread,dairy eggs,butter,0,afternoon,4,3,4,0.75,0.0001,0.7342,0.3719
Peter Rabbit Organics Kale Broccoli and Mango Purée,babies,baby food formula,0,afternoon,128,94,128,0.7344,0.0025,0.7518,0.3719
"Potato Chips, Avocado Oil, Kettle Style, Barcelona Barbecue",snacks,chips pretzels,0,afternoon,29,20,29,0.6897,0.0006,0.8235,0.3719
Uncured Black Forest Ham,deli,lunch meat,0,afternoon,997,669,997,0.671,0.0196,0.8039,0.3719
Creamy Wheat Hot Cereal,breakfast,hot cereal pancake mixes,0,afternoon,42,24,42,0.5714,0.0008,1.0,0.3718
Party Size Spicy Corn Chips,snacks,chips pretzels,0,afternoon,10,6,10,0.6,0.0002,0.9585,0.3718
Danimals Smoothies Strikin' Strawberry Kiwi Smoothie Drink,dairy eggs,yogurt,0,afternoon,7,6,7,0.8571,0.0001,0.5723,0.3717
Long Grain Wild Rice,dry goods pasta,instant foods,0,afternoon,114,71,114,0.6228,0.0022,0.9186,0.3717
Cafe Steamers Spaghetti & Meatballs,frozen,frozen meals,0,afternoon,14,8,14,0.5714,0.0003,1.0,0.3716
Organic Magic Muesli,bulk,bulk grains rice dried goods,0,afternoon,21,12,21,0.5714,0.0004,1.0,0.3716
Organic Orange Juice,beverages,juice nectars,0,afternoon,928,710,928,0.7651,0.0183,0.6645,0.3716
Sugar Free Syrup,pantry,honeys syrups nectars,0,afternoon,14,8,14,0.5714,0.0003,1.0,0.3716
Alta Dena 1% Milk,dairy eggs,milk,0,afternoon,7,4,7,0.5714,0.0001,1.0,0.3715
Banana Low-Fat Greek Yogurt,dairy eggs,yogurt,0,afternoon,7,4,7,0.5714,0.0001,1.0,0.3715
Banana Nut Muffin,bakery,breakfast bakery,0,afternoon,7,4,7,0.5714,0.0001,1.0,0.3715
Blueberry Pancakes & Sausage On A Stick,frozen,frozen breakfast,0,afternoon,7,4,7,0.5714,0.0001,1.0,0.3715
Classic Cut French Fries,frozen,frozen appetizers sides,0,afternoon,7,4,7,0.5714,0.0001,1.0,0.3715
Corazon,beverages,refrigerated,0,afternoon,7,4,7,0.5714,0.0001,1.0,0.3715
Crunchy Treasures Aged White Cheddar Puffs,snacks,chips pretzels,0,afternoon,25,16,25,0.64,0.0005,0.8964,0.3715
Eggo Breakfast Sandwich Bacon Egg Cheese,frozen,frozen breakfast,0,afternoon,4,4,4,1.0,0.0001,0.3573,0.3715
Extra Strength Original Flavor Antacid Tablets,personal care,digestion,0,afternoon,7,4,7,0.5714,0.0001,1.0,0.3715
Fat Free American Cheese Singles,dairy eggs,packaged cheese,0,afternoon,7,4,7,0.5714,0.0001,1.0,0.3715
Firm Pesto Tofu,deli,tofu meat alternatives,0,afternoon,8,7,8,0.875,0.0001,0.5445,0.3715
Fresh Cut Cauliflower & Broccoli Steam in Bag,produce,packaged vegetables fruits,0,afternoon,118,77,118,0.6525,0.0023,0.8728,0.3715
Frozen Sliced Peaches,frozen,frozen produce,0,afternoon,7,4,7,0.5714,0.0001,1.0,0.3715
Hearty Three Cheese Pasta Sauce,dry goods pasta,pasta sauce,0,afternoon,7,4,7,0.5714,0.0001,1.0,0.3715
Honey 1/2 Ham Boneless,meat seafood,packaged poultry,0,afternoon,7,4,7,0.5714,0.0001,1.0,0.3715
Hot Chicken Tenders,deli,prepared meals,0,afternoon,7,4,7,0.5714,0.0001,1.0,0.3715
Liquid Rock Deodorant Fragrance Free,personal care,deodorants,0,afternoon,7,4,7,0.5714,0.0001,1.0,0.3715
Luxurious Volume Conditioner,personal care,hair care,0,afternoon,7,4,7,0.5714,0.0001,1.0,0.3715
Meaty Pate Super Supper Cat Food,pets,cat food care,0,afternoon,7,4,7,0.5714,0.0001,1.0,0.3715
Mongo Kiss Vanilla Lip Balm,personal care,beauty,0,afternoon,7,4,7,0.5714,0.0001,1.0,0.3715
Natural Whey Protein Isolate Powder,personal care,protein meal replacements,0,afternoon,7,4,7,0.5714,0.0001,1.0,0.3715
Naturally Pure Clementine Juice,beverages,refrigerated,0,afternoon,7,4,7,0.5714,0.0001,1.0,0.3715
Optic White Enamel White Toothpaste Luminous Mint,personal care,oral hygiene,0,afternoon,7,4,7,0.5714,0.0001,1.0,0.3715
Organic Dark Chocolate Spread,pantry,preserved dips spreads,0,afternoon,7,4,7,0.5714,0.0001,1.0,0.3715
Organic Stage 2 Plum Banana Brown Rice,babies,baby food formula,0,afternoon,7,4,7,0.5714,0.0001,1.0,0.3715
Organic Thai Style Grass Fed Beef with Coconut Rice,frozen,frozen meals,0,afternoon,7,4,7,0.5714,0.0001,1.0,0.3715
Organic The Original Sweet Tea,beverages,tea,0,afternoon,7,4,7,0.5714,0.0001,1.0,0.3715
Original Almond Chai Ready to Drink,dairy eggs,soy lactosefree,0,afternoon,7,4,7,0.5714,0.0001,1.0,0.3715
Original White Popcorn,snacks,popcorn jerky,0,afternoon,7,4,7,0.5714,0.0001,1.0,0.3715
Pink Grapefruit Sparkling Natural Mineral Water,beverages,water seltzer sparkling water,0,afternoon,33,24,33,0.7273,0.0006,0.7651,0.3715
Pure Squeezed Light Orange Juice No Pulp Juice Beverage,beverages,refrigerated,0,afternoon,7,4,7,0.5714,0.0001,1.0,0.3715
Refried Beans with Chorizo,canned goods,canned meals beans,0,afternoon,7,4,7,0.5714,0.0001,1.0,0.3715
Restaurant Style Medium Salsa Salsa,pantry,preserved dips spreads,0,afternoon,7,4,7,0.5714,0.0001,1.0,0.3715
Rich & Hearty Minestrone with Italian Sausage,canned goods,soup broth bouillon,0,afternoon,7,4,7,0.5714,0.0001,1.0,0.3715
Roasted Garlic & Cheddar Instant Potatoes,dry goods pasta,instant foods,0,afternoon,7,4,7,0.5714,0.0001,1.0,0.3715
Savory Shreds with Whitefish & Sardines in Sauce Cat Food,pets,cat food care,0,afternoon,7,4,7,0.5714,0.0001,1.0,0.3715
Sf Berry Frt Snak 4.8 Z,snacks,fruit vegetable snacks,0,afternoon,7,4,7,0.5714,0.0001,1.0,0.3715
Spicewood Decaffeinated Whole Bean Coffee,beverages,coffee,0,afternoon,7,4,7,0.5714,0.0001,1.0,0.3715
"Spread, Premium, Organic, Morello Cherry",pantry,spreads,0,afternoon,7,4,7,0.5714,0.0001,1.0,0.3715
Strawberry Fruit & Grain Cereal Bars,breakfast,breakfast bars pastries,0,afternoon,7,4,7,0.5714,0.0001,1.0,0.3715
Thirst Quencher Powder Lemon Lime,beverages,cocoa drink mixes,0,afternoon,7,4,7,0.5714,0.0001,1.0,0.3715
Tini Twists Pretzels,snacks,chips pretzels,0,afternoon,7,4,7,0.5714,0.0001,1.0,0.3715
Whole Kernel Golden Corn,canned goods,canned jarred vegetables,0,afternoon,17,13,17,0.7647,0.0003,0.7097,0.3715
90 Calorie Chewy Bars Chocolate Peanut Butter,breakfast,breakfast bars pastries,0,afternoon,5,4,5,0.8,0.0001,0.657,0.3714
Baked Whole Grain Wheat Parmesan Garlic Triscuit,snacks,crackers,0,afternoon,18,14,18,0.7778,0.0003,0.6892,0.3714
Cactus Water with Starfruit & Green Tea,beverages,water seltzer sparkling water,0,afternoon,5,4,5,0.8,0.0001,0.657,0.3714
Classic Marinara,dry goods pasta,pasta sauce,0,afternoon,13,9,13,0.6923,0.0002,0.818,0.3714
"Diapers, Size 3 (16-28 lb)",babies,diapers wipes,0,afternoon,5,4,5,0.8,0.0001,0.657,0.3714
Lowfat Blueberry Yogurt,dairy eggs,yogurt,0,afternoon,494,349,494,0.7065,0.0097,0.7728,0.3714
Naturally Sweet Plantain Chips,bulk,bulk dried fruits vegetables,0,afternoon,5,4,5,0.8,0.0001,0.657,0.3714
90 Calorie Chocolate Chewy Bars,snacks,energy granola bars,0,afternoon,52,33,52,0.6346,0.001,0.9023,0.3713
New Zealand Artesian Water,beverages,water seltzer sparkling water,0,afternoon,22,20,22,0.9091,0.0004,0.4918,0.3713
Shredded Mexican Four Cheese Blend,dairy eggs,packaged cheese,0,afternoon,18,12,18,0.6667,0.0003,0.8557,0.3713
"Veggie Juice -Apple, Strawberry, Beet, & Raisin",beverages,juice nectars,0,afternoon,9,7,9,0.7778,0.0002,0.6892,0.3713
Whole Milk,dairy eggs,milk,0,afternoon,3023,2296,3023,0.7595,0.0595,0.5682,0.3713
YoKids Blueberry & Strawberry/Vanilla Yogurt,dairy eggs,yogurt,0,afternoon,1348,940,1348,0.6973,0.0265,0.7441,0.3713
"YoKids Squeezers Organic Low-Fat Yogurt, Strawberry",dairy eggs,yogurt,0,afternoon,2076,1443,2076,0.6951,0.0409,0.7115,0.3713
Coconut Cashew Crunch Bites,snacks,energy granola bars,0,afternoon,3,3,3,1.0,0.0,0.3557,0.3712
Dairy Free Black & Bold Cold-Brew Coffee,beverages,coffee,0,afternoon,28,23,28,0.8214,0.0005,0.6225,0.3712
Italian Sauce Flavored With Meat,dry goods pasta,pasta sauce,0,afternoon,3,3,3,1.0,0.0,0.3557,0.3712
Kettle Cooked Potato Chips Garlic Dill Pickle,snacks,chips pretzels,0,afternoon,6,4,6,0.6667,0.0001,0.8557,0.3712
Organic Brown Rice Snaps Unsalted Plain,snacks,crackers,0,afternoon,152,113,152,0.7434,0.003,0.7332,0.3712
Organic Sliced Mild Cheddar,dairy eggs,yogurt,0,afternoon,26,17,26,0.6538,0.0005,0.8738,0.3712
Organic Yellow Corn Sea Salt Tortilla Chips,snacks,chips pretzels,0,afternoon,37,27,37,0.7297,0.0007,0.7594,0.3712
Organix Grain Free Shredded Chicken Cat Food,pets,cat food care,0,afternoon,6,4,6,0.6667,0.0001,0.8557,0.3712
Peanut Butter Biscuits,snacks,energy granola bars,0,afternoon,22,16,22,0.7273,0.0004,0.7638,0.3712
Pull Ups Boys Learning Designs Training Pants,babies,diapers wipes,0,afternoon,11,10,11,0.9091,0.0002,0.4918,0.3712
Shortbread Cookies Variety Pack,snacks,cookies cakes,0,afternoon,3,3,3,1.0,0.0,0.3557,0.3712
Soft Family 100% Whole Wheat Bread,bakery,bread,0,afternoon,16,13,16,0.8125,0.0003,0.6364,0.3712
Vanilla Greek Yogurt 0% Fat,dairy eggs,yogurt,0,afternoon,334,246,334,0.7365,0.0066,0.7349,0.3712
Almond Milk Strawberry Yogurt,dairy eggs,yogurt,0,afternoon,631,454,631,0.7195,0.0124,0.7454,0.3711
Chocolate Mint Miracle Tart,snacks,cookies cakes,0,afternoon,56,43,56,0.7679,0.0011,0.7008,0.3711
Macaroni & Beef,frozen,frozen meals,0,afternoon,16,10,16,0.625,0.0003,0.9172,0.3711
Organic Chicken & Apple Sausage,meat seafood,hot dogs bacon sausage,0,afternoon,1576,1010,1576,0.6409,0.031,0.8168,0.3711
Sea Salt Vegetable Chips,snacks,chips pretzels,0,afternoon,20,13,20,0.65,0.0004,0.8793,0.3711
Ezekiel 4:9 Sprouted Original Waffles,frozen,frozen breakfast,0,afternoon,8,5,8,0.625,0.0001,0.9172,0.371
Inflamm Aleve,beverages,juice nectars,0,afternoon,6,5,6,0.8333,0.0001,0.6048,0.371
Mac n' Cheese Puffs,snacks,chips pretzels,0,afternoon,18,13,18,0.7222,0.0003,0.7707,0.371
Organic Bartlett Pear,produce,fresh fruits,0,afternoon,3608,2472,3608,0.6851,0.0711,0.6494,0.371
Organic Raw Kombucha Case,beverages,refrigerated,0,afternoon,6,5,6,0.8333,0.0001,0.6048,0.371
Plain Pre Sliced Bagels,bakery,breakfast bakery,0,afternoon,15,9,15,0.6,0.0003,0.9541,0.371
Wild Mushroom & Herb Rice Pilaf Mix,dry goods pasta,instant foods,0,afternoon,43,27,43,0.6279,0.0008,0.9112,0.371
Salamini Napoli,deli,lunch meat,0,afternoon,36,25,36,0.6944,0.0007,0.811,0.3709
Chocolate Mousse Ganache Cone,frozen,ice cream ice,0,afternoon,62,43,62,0.6935,0.0012,0.8109,0.3708
Master Brew Kombucha Lavender Melon,beverages,refrigerated,0,afternoon,98,72,98,0.7347,0.0019,0.7472,0.3708
Multi-Cat Extra Strength Clumping Unscented Cat Litter,pets,cat food care,0,afternoon,31,21,31,0.6774,0.0006,0.8362,0.3708
Organic Extra Large Cage-Free Grade A Brown Eggs,dairy eggs,eggs,0,afternoon,14,10,14,0.7143,0.0003,0.7819,0.3708
Kettle Cooked Olive Oil Potato Chips,snacks,chips pretzels,0,afternoon,35,26,35,0.7429,0.0007,0.7376,0.3707
Oikos Greek Vanilla Yogurt,dairy eggs,yogurt,0,afternoon,176,120,176,0.6818,0.0034,0.8223,0.3707
Organic YoKids Smoothie Strawberry Banana Lowfat Yogurt,dairy eggs,yogurt,0,afternoon,741,559,741,0.7544,0.0146,0.6853,0.3707
Lunchables Nachos with Cheese Dip and Salsa,deli,prepared meals,0,afternoon,37,21,37,0.5676,0.0007,1.0,0.3706
Natural Energy Drink,beverages,energy sports drinks,0,afternoon,10,7,10,0.7,0.0002,0.8027,0.3706
Sliced Varzi Salami Meat,deli,lunch meat,0,afternoon,112,78,112,0.6964,0.0022,0.803,0.3706
Slow Churned No Sugar Added Mint Chocolate Chip Ice Cream,frozen,ice cream ice,0,afternoon,10,7,10,0.7,0.0002,0.8027,0.3706
Vanilla Unsweetened Cashewmilk,dairy eggs,soy lactosefree,0,afternoon,13,11,13,0.8462,0.0002,0.583,0.3706
Calrose Medium Grain Brown Rice,dry goods pasta,grains rice dried goods,0,afternoon,2,2,2,1.0,0.0,0.3526,0.3705
Fresh Guacamole,pantry,preserved dips spreads,0,afternoon,4,4,4,1.0,0.0001,0.3526,0.3705
Garden Vegetable Salad Roll,deli,prepared meals,0,afternoon,169,125,169,0.7396,0.0033,0.7349,0.3705
Grade A Pasturized Lowfat Cottage Cheese,dairy eggs,other creams cheeses,0,afternoon,60,37,60,0.6167,0.0012,0.9244,0.3705
Organic Aloe Vera Juice,personal care,vitamins supplements,0,afternoon,2,2,2,1.0,0.0,0.3526,0.3705
Rigatoni With Chicken & Pesto,frozen,frozen meals,0,afternoon,20,15,20,0.75,0.0004,0.7265,0.3705
Sport Blast Shower Gel,personal care,body lotions soap,0,afternoon,2,2,2,1.0,0.0,0.3526,0.3705
To-Go Chocolate Protein Shake,personal care,protein meal replacements,0,afternoon,2,2,2,1.0,0.0,0.3526,0.3705
Baked Cheese Puffs Real Cheddar Lunch Packs,snacks,chips pretzels,0,afternoon,90,67,90,0.7444,0.0018,0.7308,0.3704
Cherry Vanilla Cherry On The Bottom Cream Top,dairy eggs,yogurt,0,afternoon,228,151,228,0.6623,0.0045,0.8474,0.3704
Freshly Squeezed Orange Juice,beverages,refrigerated,0,afternoon,629,479,629,0.7615,0.0124,0.6786,0.3704
Froot Loops Cereal Single Serve,breakfast,cereal,0,afternoon,14,11,14,0.7857,0.0003,0.6726,0.3704
Light Bologna,deli,lunch meat,0,afternoon,12,7,12,0.5833,0.0002,0.9765,0.3704
Red Apple Bites Multi Pack Healthy Snacks,produce,packaged vegetables fruits,0,afternoon,19,12,19,0.6316,0.0004,0.9038,0.3704
Chocolate Chip,snacks,energy granola bars,0,afternoon,435,299,435,0.6874,0.0086,0.7991,0.3703
"Conditioner, Daily Nourishing",personal care,hair care,0,afternoon,30,17,30,0.5667,0.0006,1.0,0.3703
Orange Recovery Energy Drink,beverages,energy sports drinks,0,afternoon,7,6,7,0.8571,0.0001,0.5655,0.3703
Organic Cappuccino Protein Shake,beverages,energy sports drinks,0,afternoon,30,17,30,0.5667,0.0006,1.0,0.3703
Snacks Extra Sharp Cheddar Cheese Sticks,dairy eggs,packaged cheese,0,afternoon,53,30,53,0.566,0.001,1.0,0.3703
Sparkling Seltzer Water,beverages,water seltzer sparkling water,0,afternoon,68,52,68,0.7647,0.0013,0.7012,0.3703
Applesauce Strawberry Snack & Go Pouches,canned goods,canned fruit applesauce,0,afternoon,38,25,38,0.6579,0.0007,0.8623,0.3702
Organic Large Grade AA Omega-3 Eggs,dairy eggs,eggs,0,afternoon,966,689,966,0.7133,0.019,0.7337,0.3702
Twin Cherries Gummi Candy,snacks,fruit vegetable snacks,0,afternoon,10,8,10,0.8,0.0002,0.6508,0.3702
Whole Milk Plain Yogurt,dairy eggs,yogurt,0,afternoon,1547,1128,1547,0.7292,0.0305,0.6813,0.3702
Zero calorie Sport Drink,beverages,energy sports drinks,0,afternoon,17,12,17,0.7059,0.0003,0.7913,0.3702
Deluxe Honey Roasted Whole Cashews,snacks,nuts seeds dried fruit,0,afternoon,9,6,9,0.6667,0.0002,0.8499,0.3701
Organic Mash ups Tropical Squeezable Fruit,canned goods,canned fruit applesauce,0,afternoon,41,27,41,0.6585,0.0008,0.8605,0.3701
Organic Vegetarian Mild Refried Beans With Green Chiles,canned goods,canned meals beans,0,afternoon,205,132,205,0.6439,0.004,0.8748,0.3701
ZBar Organic Chocolate Brownie Energy Snack,snacks,energy granola bars,0,afternoon,900,627,900,0.6967,0.0177,0.7611,0.3701
Lowfat Kefir Peach,dairy eggs,yogurt,0,afternoon,8,6,8,0.75,0.0001,0.7246,0.37
Milk Chocolate with Whole Hazelnuts,snacks,candy chocolate,0,afternoon,26,21,26,0.8077,0.0005,0.6373,0.37
With Savory Chicken & Turkey Cat Food,pets,cat food care,0,afternoon,18,11,18,0.6111,0.0003,0.9327,0.37
Authentic Asia Shrimp Wonton Soup With Noodles,frozen,frozen meals,0,afternoon,11,7,11,0.6364,0.0002,0.8943,0.3699
Grilled Chicken & Mozzarella Ravioli,frozen,frozen meals,0,afternoon,9,8,9,0.8889,0.0002,0.5159,0.3699
Grow & Gain Banana Shake,babies,baby food formula,0,afternoon,3,3,3,1.0,0.0,0.3495,0.3699
Organic Lowfat Yogurt Banana Vanilla,dairy eggs,yogurt,0,afternoon,477,349,477,0.7317,0.0094,0.7288,0.3699
Pane Turano Italian Bread,bakery,bread,0,afternoon,56,42,56,0.75,0.0011,0.7218,0.3699
Pressed Hearty Greens Juice,beverages,juice nectars,0,afternoon,11,7,11,0.6364,0.0002,0.8943,0.3699
Grilled Italian Style Carved Chicken Breast,meat seafood,packaged poultry,0,afternoon,23,13,23,0.5652,0.0004,1.0,0.3698
Hello Beautiful Organic Chocolate Protein Shake,personal care,muscles joints pain relief,0,afternoon,23,13,23,0.5652,0.0004,1.0,0.3698
Mediterranean Orzo Salad,deli,prepared soups salads,0,afternoon,28,17,28,0.6071,0.0005,0.9372,0.3698
Organic Vanilla Almond Milk,dairy eggs,soy lactosefree,0,afternoon,1168,866,1168,0.7414,0.023,0.6794,0.3698
Pistachio Blend,snacks,nuts seeds dried fruit,0,afternoon,23,13,23,0.5652,0.0004,1.0,0.3698
Strawberry Lowfat Organic Milk,dairy eggs,milk,0,afternoon,44,32,44,0.7273,0.0008,0.7562,0.3698
Total 2% All Natural Low Fat 2% Milkfat Greek Strained Yogurt,dairy eggs,yogurt,0,afternoon,1500,1085,1500,0.7233,0.0295,0.6899,0.3698
Country Cheddar Bowl,frozen,frozen meals,0,afternoon,362,242,362,0.6685,0.0071,0.828,0.3697
Crispy Sea Salt Baked Gourmet Crackers,snacks,crackers,0,afternoon,9,7,9,0.7778,0.0002,0.6816,0.3697
Electrolyte Water,beverages,water seltzer sparkling water,0,afternoon,324,247,324,0.7623,0.0064,0.6888,0.3697
French Vanilla Soy Creamer,dairy eggs,soy lactosefree,0,afternoon,325,267,325,0.8215,0.0064,0.6,0.3697
Gourmet Pizza Three Cheese Gluten Free,frozen,frozen pizza,0,afternoon,250,178,250,0.712,0.0049,0.7683,0.3697
Ground Buffalo,meat seafood,packaged meat,0,afternoon,655,456,655,0.6962,0.0129,0.772,0.3697
Kids Organic Chocolate Chip ZBars,snacks,energy granola bars,0,afternoon,1347,911,1347,0.6763,0.0265,0.7675,0.3697
Stonyfield YoToddler Whole Milk Strawberry Beet Berry Yogurt Pouch,dairy eggs,yogurt,0,afternoon,35,25,35,0.7143,0.0007,0.7756,0.3697
Vanilla Shake with Fiber,babies,baby food formula,0,afternoon,9,7,9,0.7778,0.0002,0.6816,0.3697
Vodka 80 Proof,alcohol,spirits,0,afternoon,9,7,9,0.7778,0.0002,0.6816,0.3697
Savory Shreds with Beef in Gravy Cat Food,pets,cat food care,0,afternoon,15,11,15,0.7333,0.0003,0.7475,0.3696
Anti-Slip Grip Cardboard Applicator Super Absorbency Tampons,personal care,feminine care,0,afternoon,14,10,14,0.7143,0.0003,0.7756,0.3695
Blue Corn & Red Lentil Protein MultiGrain & Seed Chips,snacks,chips pretzels,0,afternoon,12,8,12,0.6667,0.0002,0.847,0.3695
Cage Free Brown Eggs Large Grade A,dairy eggs,eggs,0,afternoon,7,5,7,0.7143,0.0001,0.7756,0.3695
Classic Chili with Beans,canned goods,canned meals beans,0,afternoon,41,25,41,0.6098,0.0008,0.9311,0.3695
Gluten Free Spaghetti,dry goods pasta,dry pasta,0,afternoon,147,93,147,0.6327,0.0029,0.8914,0.3695
Peppered Turkey Breast,deli,lunch meat,0,afternoon,190,128,190,0.6737,0.0037,0.8275,0.3695
Sourdough Bread,bakery,bread,0,afternoon,1851,1233,1851,0.6661,0.0365,0.7573,0.3695
Thin Sliced Colby Jack Cheese,dairy eggs,packaged cheese,0,afternoon,54,33,54,0.6111,0.001,0.928,0.3695
Uncured Hickory Smoked Pepper Bacon,meat seafood,hot dogs bacon sausage,0,afternoon,14,8,14,0.5714,0.0003,0.9898,0.3695
Almond Breeze Original AlmondMilk,dairy eggs,soy lactosefree,0,afternoon,12,9,12,0.75,0.0002,0.7214,0.3694
Organic Mini Sandwich Crackers Peanut Butter,snacks,crackers,0,afternoon,762,550,762,0.7218,0.015,0.7266,0.3694
Pappardelle Egg Pasta,dry goods pasta,dry pasta,0,afternoon,19,11,19,0.5789,0.0004,0.9777,0.3694
Alkalized Water With Electrolytes,beverages,water seltzer sparkling water,0,afternoon,34,24,34,0.7059,0.0007,0.786,0.3693
Maca Buttercups,snacks,candy chocolate,0,afternoon,8,7,8,0.875,0.0001,0.5339,0.3693
"Muffins, Mini, Flax, Chocolate Brownie",bakery,bakery desserts,0,afternoon,273,212,273,0.7766,0.0054,0.6684,0.3693
Style Pritns 18 oz. Plastic Cups,household,plates bowls cups flatware,0,afternoon,8,7,8,0.875,0.0001,0.5339,0.3693
Super Greens Salad,produce,packaged vegetables fruits,0,afternoon,1896,1166,1896,0.615,0.0373,0.8309,0.3693
Total 2% Greek Strained Yogurt with Cherry 5.3 oz,dairy eggs,yogurt,0,afternoon,1742,1291,1742,0.7411,0.0343,0.6489,0.3693
Triple Zero Banana Creme Oikos Greek Yogurt,dairy eggs,yogurt,0,afternoon,19,14,19,0.7368,0.0004,0.7405,0.3693
Diced Mangos in Light Syrup,canned goods,canned fruit applesauce,0,afternoon,10,6,10,0.6,0.0002,0.9454,0.3692
Gluten Free Corn Dogs,meat seafood,hot dogs bacon sausage,0,afternoon,10,6,10,0.6,0.0002,0.9454,0.3692
Greek 100 Yogurt Banana Caramel,dairy eggs,yogurt,0,afternoon,10,6,10,0.6,0.0002,0.9454,0.3692
Original Fresh Wet Cleansing Towelettes,personal care,facial care,0,afternoon,24,15,24,0.625,0.0005,0.9072,0.3692
Club Sandwich Variety Pack,deli,lunch meat,0,afternoon,17,12,17,0.7059,0.0003,0.786,0.3691
Fresh & Light® Quick Action Scented Multi-Cat Scoop Litter Cat Litter,pets,cat food care,0,afternoon,5,3,5,0.6,0.0001,0.9454,0.3691
Natural Dark Chocolate Espresso Beans,snacks,candy chocolate,0,afternoon,5,3,5,0.6,0.0001,0.9454,0.3691
Picante Mild Sauce,pantry,preserved dips spreads,0,afternoon,5,3,5,0.6,0.0001,0.9454,0.3691
Southwest Chopped Salad Kit with Dressing,produce,packaged vegetables fruits,0,afternoon,270,164,270,0.6074,0.0053,0.9212,0.3691
Special Reserve Extra Sharp Cheddar,dairy eggs,packaged cheese,0,afternoon,39,25,39,0.641,0.0007,0.8823,0.3691
Baked Aged White Cheddar Rice and Corn Puffs,snacks,popcorn jerky,0,afternoon,1612,1048,1612,0.6501,0.0317,0.7905,0.369
Graduates Grabbers Fruit & Yogurt Strawberry Banana,babies,baby food formula,0,afternoon,27,20,27,0.7407,0.0005,0.7328,0.369
Hearts of Palm,canned goods,canned jarred vegetables,0,afternoon,74,45,74,0.6081,0.0014,0.9293,0.369
Naturally Sparkling Mineral Water,beverages,water seltzer sparkling water,0,afternoon,5,4,5,0.8,0.0001,0.6446,0.369
Santa Fe Style Rice & Beans,frozen,frozen meals,0,afternoon,5,4,5,0.8,0.0001,0.6446,0.369
A+ Cinnamon Sweet Potato Pancakes,frozen,frozen breakfast,0,afternoon,234,190,234,0.812,0.0046,0.6153,0.3689
Boneless Skinless Chicken Breast Fillets,meat seafood,packaged poultry,0,afternoon,847,535,847,0.6316,0.0167,0.8555,0.3689
Cacao Milk Chocolate,snacks,candy chocolate,0,afternoon,50,33,50,0.66,0.001,0.8522,0.3689
Creamy Tomato Organic Soup,canned goods,soup broth bouillon,0,afternoon,16,9,16,0.5625,0.0003,1.0,0.3689
Garlic Vegetable Soup Cup,canned goods,soup broth bouillon,0,afternoon,16,9,16,0.5625,0.0003,1.0,0.3689
Green Beans,produce,fresh vegetables,0,afternoon,3542,2011,3542,0.5678,0.0698,0.8184,0.3689
Old Fashioned Apple Sauce,canned goods,canned fruit applesauce,0,afternoon,22,14,22,0.6364,0.0004,0.8891,0.3689
Organic Pita,bakery,tortillas flat bread,0,afternoon,16,9,16,0.5625,0.0003,1.0,0.3689
Original Spring Rolls with Traditional Sauce,frozen,frozen vegan vegetarian,0,afternoon,16,9,16,0.5625,0.0003,1.0,0.3689
Plain Bagelettes,bakery,breakfast bakery,0,afternoon,604,428,604,0.7086,0.0119,0.752,0.3689
Premium Organic Pasta Sauce Family Marinara,dry goods pasta,pasta sauce,0,afternoon,28,17,28,0.6071,0.0005,0.9327,0.3689
Sesame Street Friends Cookie Monster's Orange Tangerine Juice,beverages,juice nectars,0,afternoon,16,9,16,0.5625,0.0003,1.0,0.3689
Maple Pecan,breakfast,cereal,0,afternoon,71,55,71,0.7746,0.0014,0.6786,0.3688
Nature's Path Organic EnviroKidz Chocolate Chip Granola Bars,snacks,energy granola bars,0,afternoon,11,8,11,0.7273,0.0002,0.7525,0.3688
Organic Vitality Vegetable and Fruit Juice,beverages,juice nectars,0,afternoon,10,7,10,0.7,0.0002,0.7934,0.3688
Seasonal Espresso,beverages,coffee,0,afternoon,48,38,48,0.7917,0.0009,0.6541,0.3688
Vanilla Goats Milk Yogurt,dairy eggs,yogurt,0,afternoon,39,33,39,0.8462,0.0007,0.573,0.3688
100% Columbian Coffee,beverages,coffee,0,afternoon,1,1,1,1.0,0.0,0.3435,0.3687
3 Cheese Horn,bakery,bakery desserts,0,afternoon,1,1,1,1.0,0.0,0.3435,0.3687
30% Less Sodium Mild Taco Seasoning Mix,pantry,marinades meat preparation,0,afternoon,1,1,1,1.0,0.0,0.3435,0.3687
Artisan Thin Pizza Crust Rosemary & Olive Oil Flatbread,bakery,tortillas flat bread,0,afternoon,1,1,1,1.0,0.0,0.3435,0.3687
Authentic German Spaetzle Home-Style Egg-Noodles,dry goods pasta,dry pasta,0,afternoon,1,1,1,1.0,0.0,0.3435,0.3687
Birthday Blast Frozen Dairy Dessert,frozen,ice cream ice,0,afternoon,1,1,1,1.0,0.0,0.3435,0.3687
Bissli Smokey Wheat Snacks,snacks,crackers,0,afternoon,1,1,1,1.0,0.0,0.3435,0.3687
Black Silk Dark Roast K-Cups Coffee,beverages,coffee,0,afternoon,4,4,4,1.0,0.0001,0.3435,0.3687
Black Tea With Lemon,beverages,tea,0,afternoon,2,2,2,1.0,0.0,0.3435,0.3687
Bread Mix,pantry,doughs gelatins bake mixes,0,afternoon,3,3,3,1.0,0.0,0.3435,0.3687
"Cabernet Sauvignon, H3 Collection, Horse Heaven Hills",alcohol,red wines,0,afternoon,1,1,1,1.0,0.0,0.3435,0.3687
Carmelized Onion Hummus,deli,fresh dips tapenades,0,afternoon,57,40,57,0.7018,0.0011,0.788,0.3687
Classic Decaf Ground Coffee,beverages,coffee,0,afternoon,3,3,3,1.0,0.0,0.3435,0.3687
Coconut Cake,bakery,bakery desserts,0,afternoon,1,1,1,1.0,0.0,0.3435,0.3687
Coldstone Sweet Cream,dairy eggs,cream,0,afternoon,1,1,1,1.0,0.0,0.3435,0.3687
Colombian Peaks Whole Bean Coffee,beverages,coffee,0,afternoon,3,3,3,1.0,0.0,0.3435,0.3687
"Cookies, Family Recipe, Orange Chocolate Chip",snacks,cookies cakes,0,afternoon,1,1,1,1.0,0.0,0.3435,0.3687
Country Fried Chicken & Gravy Meal,frozen,frozen meals,0,afternoon,37,26,37,0.7027,0.0007,0.7875,0.3687
Cranberry Chocolate Nut Trail Mix,snacks,trail mix snack mix,0,afternoon,1,1,1,1.0,0.0,0.3435,0.3687
Cream Cheese With Chive & Onion,dairy eggs,other creams cheeses,0,afternoon,2,2,2,1.0,0.0,0.3435,0.3687
Dark Belgian Beer,alcohol,beers coolers,0,afternoon,3,3,3,1.0,0.0,0.3435,0.3687
Deli Snackers Turkey Breast/Ham/Mild Cheddar Cheese Portable Protein Pack,deli,prepared meals,0,afternoon,2,2,2,1.0,0.0,0.3435,0.3687
Diet Orange & Cream Soda,beverages,soft drinks,0,afternoon,4,4,4,1.0,0.0001,0.3435,0.3687
Egg White Chips Aged White Cheddar,snacks,chips pretzels,0,afternoon,2,2,2,1.0,0.0,0.3435,0.3687
Fast-Max Maximum Strength Cold & Sinus Caplets,personal care,cold flu allergy,0,afternoon,1,1,1,1.0,0.0,0.3435,0.3687
Feta Cheese Crumbles Original,dairy eggs,specialty cheeses,0,afternoon,2,2,2,1.0,0.0,0.3435,0.3687
Fiery Sriracha,deli,fresh dips tapenades,0,afternoon,1,1,1,1.0,0.0,0.3435,0.3687
Fillable Dish Wand,household,more household,0,afternoon,1,1,1,1.0,0.0,0.3435,0.3687
Free & Clear 32 Loads Laundry Detergent,household,laundry,0,afternoon,1,1,1,1.0,0.0,0.3435,0.3687
Gluten Free Deli-Style Bread,bakery,bread,0,afternoon,1,1,1,1.0,0.0,0.3435,0.3687
Gluten Free Dreamin' Of Chocolate Layer Cake,bakery,bakery desserts,0,afternoon,1,1,1,1.0,0.0,0.3435,0.3687
Gold Blend  Tea,beverages,tea,0,afternoon,1,1,1,1.0,0.0,0.3435,0.3687
Healthy Clean Soft Toothbrush,personal care,oral hygiene,0,afternoon,1,1,1,1.0,0.0,0.3435,0.3687
"Kettle Chips, Sweet Potato, Sea Salt",snacks,chips pretzels,0,afternoon,1,1,1,1.0,0.0,0.3435,0.3687
Macadamia Gold Bar,snacks,candy chocolate,0,afternoon,1,1,1,1.0,0.0,0.3435,0.3687
Maximum Strength Anti-Itch Medicated Wipes with Odor Block Protection,personal care,feminine care,0,afternoon,1,1,1,1.0,0.0,0.3435,0.3687
Mighty Dog Protein Packed Variety Pack In Gravy Canned Dog Food,pets,dog food care,0,afternoon,1,1,1,1.0,0.0,0.3435,0.3687
Minis Graham Cookies,snacks,crackers,0,afternoon,1,1,1,1.0,0.0,0.3435,0.3687
Natural Flavor Warrior Blend Raw Vegan Protein,personal care,protein meal replacements,0,afternoon,1,1,1,1.0,0.0,0.3435,0.3687
Nibby Dark Chocolate,snacks,candy chocolate,0,afternoon,2,2,2,1.0,0.0,0.3435,0.3687
Nighttime Sleep Aid Caplets,other,other,0,afternoon,3,3,3,1.0,0.0,0.3435,0.3687
"Nut Blend, Raw & Sprouted, Rosemary Garlic",snacks,fruit vegetable snacks,0,afternoon,1,1,1,1.0,0.0,0.3435,0.3687
Nutty Caramel K Cup,beverages,coffee,0,afternoon,1,1,1,1.0,0.0,0.3435,0.3687
"Oh, Fudge!",snacks,ice cream toppings,0,afternoon,1,1,1,1.0,0.0,0.3435,0.3687
Orange Flavor Liquid Drink Mix,beverages,cocoa drink mixes,0,afternoon,1,1,1,1.0,0.0,0.3435,0.3687
Organic Forest Berry Black Tea Tonic,beverages,tea,0,afternoon,1,1,1,1.0,0.0,0.3435,0.3687
Organic Whole Grain Kamut,dry goods pasta,grains rice dried goods,0,afternoon,1,1,1,1.0,0.0,0.3435,0.3687
Organic Whole Raw Cashews,other,other,0,afternoon,1,1,1,1.0,0.0,0.3435,0.3687
Original Aloe Vera Drink,beverages,juice nectars,0,afternoon,1,1,1,1.0,0.0,0.3435,0.3687
Pecan Meltaways Spelt Sugar Free Cookies,snacks,cookies cakes,0,afternoon,2,2,2,1.0,0.0,0.3435,0.3687
Pina Colada Yogurt Smoothie,dairy eggs,yogurt,0,afternoon,1,1,1,1.0,0.0,0.3435,0.3687
Protein Bar S'Mores Flavor,snacks,energy granola bars,0,afternoon,1,1,1,1.0,0.0,0.3435,0.3687
Rosemary & Sea Salt Crackers,snacks,crackers,0,afternoon,1,1,1,1.0,0.0,0.3435,0.3687
SafeSound Ultra Soft Foam Earplugs,personal care,eye ear care,0,afternoon,1,1,1,1.0,0.0,0.3435,0.3687
Select Bags Of Gold Frozen Appetizers,frozen,frozen appetizers sides,0,afternoon,1,1,1,1.0,0.0,0.3435,0.3687
Strawberry Almond Milk Non-Dairy Frozen Dessert,frozen,ice cream ice,0,afternoon,2,2,2,1.0,0.0,0.3435,0.3687
Strawberry Select 1% Milk,dairy eggs,milk,0,afternoon,1,1,1,1.0,0.0,0.3435,0.3687
Superfruit Blueberry Green Tea Bags,beverages,tea,0,afternoon,1,1,1,1.0,0.0,0.3435,0.3687
White Tea Adult Energy Drink,beverages,energy sports drinks,0,afternoon,1,1,1,1.0,0.0,0.3435,0.3687
Wild Cherry Blossom Body Wash,personal care,body lotions soap,0,afternoon,1,1,1,1.0,0.0,0.3435,0.3687
Yellow Popcorn,snacks,popcorn jerky,0,afternoon,1,1,1,1.0,0.0,0.3435,0.3687
Multigrain Oat Bread,bakery,bread,0,afternoon,549,391,549,0.7122,0.0108,0.7477,0.3686
Spice Island Whole Bean Coffee,beverages,coffee,0,afternoon,45,29,45,0.6444,0.0009,0.8738,0.3685
Iced Oatmeal Cookie Kid Z Bar,snacks,energy granola bars,0,afternoon,627,444,627,0.7081,0.0123,0.7491,0.3684
Organic Chocolate Brownie Bar,snacks,energy granola bars,0,afternoon,14,12,14,0.8571,0.0003,0.5556,0.3684
Organic Oat Bread,bakery,bread,0,afternoon,31,24,31,0.7742,0.0006,0.6792,0.3684
Organic SprouTofu Firm Water Packed Tofu,deli,tofu meat alternatives,0,afternoon,114,73,114,0.6404,0.0022,0.8757,0.3684
Organic SprouTofu Teriyaki Tofu Cutlets,deli,tofu meat alternatives,0,afternoon,451,302,451,0.6696,0.0089,0.8156,0.3684
"Salsa, Chipotle, Medium",pantry,preserved dips spreads,0,afternoon,12,11,12,0.9167,0.0002,0.4667,0.3684
Cherry Pomegranate Drink Mix,beverages,cocoa drink mixes,0,afternoon,9,7,9,0.7778,0.0002,0.6742,0.3683
Cream Top Strawberry on the Bottom Yogurt,dairy eggs,yogurt,0,afternoon,390,275,390,0.7051,0.0077,0.7645,0.3683
G2 Low Calorie Raspberry Lemonade,beverages,energy sports drinks,0,afternoon,38,28,38,0.7368,0.0007,0.7342,0.3683
Organic Skim Milk,dairy eggs,milk,0,afternoon,491,374,491,0.7617,0.0097,0.6746,0.3683
Raw Goat Milk Mild Cheddar Cheese,dairy eggs,packaged cheese,0,afternoon,27,22,27,0.8148,0.0005,0.6179,0.3683
Chocolate Breakfast Bites,bakery,breakfast bakery,0,afternoon,21,16,21,0.7619,0.0004,0.697,0.3682
Organic Cold-Pressed Orange Juice,beverages,refrigerated,0,afternoon,166,128,166,0.7711,0.0033,0.6763,0.3682
Organic Pineapple Coconut Water,beverages,juice nectars,0,afternoon,6,6,6,1.0,0.0001,0.3406,0.3682
Thin And Crispy Corn Tortilla Chips,snacks,chips pretzels,0,afternoon,272,178,272,0.6544,0.0053,0.8458,0.3682
Tri Color Pasta Fettuccini,dry goods pasta,dry pasta,0,afternoon,31,21,31,0.6774,0.0006,0.8234,0.3682
All Natural Lentil Soup,canned goods,soup broth bouillon,0,afternoon,4,3,4,0.75,0.0001,0.7151,0.3681
Coconut Pineapple Water,beverages,juice nectars,0,afternoon,4,3,4,0.75,0.0001,0.7151,0.3681
Crunchy Peanut Butter Builder's Bar,snacks,energy granola bars,0,afternoon,162,114,162,0.7037,0.0032,0.7772,0.3681
Four Cheese Crispy Thin Crust Pizza,frozen,frozen pizza,0,afternoon,132,91,132,0.6894,0.0026,0.8001,0.3681
Old Tyme 100% Whole Grain White Wheat Sliced Bread,bakery,bread,0,afternoon,27,24,27,0.8889,0.0005,0.5059,0.3681
On-The-Go,deli,prepared meals,0,afternoon,4,3,4,0.75,0.0001,0.7151,0.3681
Orange Chocolate Beet Smart Cookies,snacks,cookies cakes,0,afternoon,8,6,8,0.75,0.0001,0.7151,0.3681
Orange Flavored Juice Drink,beverages,juice nectars,0,afternoon,8,6,8,0.75,0.0001,0.7151,0.3681
Organic Fuji Red Crunchy Apple Chips,snacks,fruit vegetable snacks,0,afternoon,8,6,8,0.75,0.0001,0.7151,0.3681
Organic Sweet & Savory Almond Green Superfood Bar,snacks,energy granola bars,0,afternoon,4,3,4,0.75,0.0001,0.7151,0.3681
Organic Traditional Flour Tortillas,bakery,tortillas flat bread,0,afternoon,540,358,540,0.663,0.0106,0.8196,0.3681
Original Tofurky Deli Slices,deli,tofu meat alternatives,0,afternoon,273,183,273,0.6703,0.0054,0.8216,0.3681
Plain Bagel Crisps,snacks,crackers,0,afternoon,4,3,4,0.75,0.0001,0.7151,0.3681
"Protein Bar, Real Dark Chocolate, with Caramel",snacks,energy granola bars,0,afternoon,4,3,4,0.75,0.0001,0.7151,0.3681
Ravioli with Spinach & Ricotta,frozen,frozen meals,0,afternoon,16,10,16,0.625,0.0003,0.9023,0.3681
Spaghetti with Meatballs and Sauce Meal,frozen,frozen meals,0,afternoon,8,6,8,0.75,0.0001,0.7151,0.3681
Specials Sourdough Pretzels,snacks,chips pretzels,0,afternoon,8,6,8,0.75,0.0001,0.7151,0.3681
Bean & Cheddar Burrito,frozen,frozen meat seafood,0,afternoon,20,12,20,0.6,0.0004,0.939,0.368
Beef & Peppers with Rice,frozen,frozen meals,0,afternoon,5,5,5,1.0,0.0001,0.34,0.368
Cafe Steamers Chicken Linguine,frozen,frozen meals,0,afternoon,34,19,34,0.5588,0.0007,1.0,0.368
"Complete Health Deboned Chicken, Chicken Meal and Rice Cat Food",pets,cat food care,0,afternoon,11,9,11,0.8182,0.0002,0.6122,0.368
Mighty 4 Purple Carrot Blackberry Quinoa & Greek Yogurt Tots Snack,babies,baby food formula,0,afternoon,233,158,233,0.6781,0.0046,0.8116,0.368
Natural Pulp Free Coconut Water,beverages,juice nectars,0,afternoon,66,44,66,0.6667,0.0013,0.8369,0.368
Organic Hothouse Cucumbers,produce,fresh vegetables,0,afternoon,2572,1699,2572,0.6606,0.0507,0.7227,0.368
Whole Grain White Corn Salted Tortilla Chips,snacks,chips pretzels,0,afternoon,558,372,558,0.6667,0.011,0.8124,0.368
Chicken & Maple Breakfast Sausage,frozen,frozen breakfast,0,afternoon,1975,1348,1975,0.6825,0.0389,0.7183,0.3679
Diet Pepsi,beverages,soft drinks,0,afternoon,75,62,75,0.8267,0.0015,0.596,0.3679
Fire Roasted Medium Salsa,deli,fresh dips tapenades,0,afternoon,48,30,48,0.625,0.0009,0.8998,0.3679
Spot's Stew Wild Salmon Recipe Cat Food,pets,cat food care,0,afternoon,38,28,38,0.7368,0.0007,0.7322,0.3679
Bacon Bleu Chopped Salad Kit,produce,packaged vegetables fruits,0,afternoon,9,6,9,0.6667,0.0002,0.8384,0.3678
Black Cherry Liquid Water Enhancer,beverages,cocoa drink mixes,0,afternoon,33,23,33,0.697,0.0006,0.7918,0.3678
Fresh Fussilli,dry goods pasta,fresh pasta,0,afternoon,131,77,131,0.5878,0.0026,0.9508,0.3678
Gluten Free Pecan Shortbread Cookies,snacks,cookies cakes,0,afternoon,9,6,9,0.6667,0.0002,0.8384,0.3678
Gluten-Free Lemon Thyme Linguine,dry goods pasta,fresh pasta,0,afternoon,59,38,59,0.6441,0.0011,0.87,0.3678
Reduced Fat Milk 2%,dairy eggs,milk,0,afternoon,213,170,213,0.7981,0.0042,0.6314,0.3678
Trilogy Kombucha Drink,beverages,refrigerated,0,afternoon,1589,1193,1589,0.7508,0.0313,0.6344,0.3678
Turkey Bacon 50% less fat,meat seafood,hot dogs bacon sausage,0,afternoon,9,6,9,0.6667,0.0002,0.8384,0.3678
Antibacterial Toilet Bowl Cleaner,household,cleaning products,0,afternoon,3,2,3,0.6667,0.0,0.8384,0.3677
Cinnamon Rolls 8 Count,pantry,doughs gelatins bake mixes,0,afternoon,3,2,3,0.6667,0.0,0.8384,0.3677
Diet Chocolate Fudge - 6 CT,beverages,soft drinks,0,afternoon,3,2,3,0.6667,0.0,0.8384,0.3677
Dinn-A Rolls,bakery,bakery desserts,0,afternoon,3,2,3,0.6667,0.0,0.8384,0.3677
Fresh Daikon,produce,fresh vegetables,0,afternoon,6,4,6,0.6667,0.0001,0.8384,0.3677
Latte Macchiato Coffee Drink,beverages,coffee,0,afternoon,3,2,3,0.6667,0.0,0.8384,0.3677
Lowfat Key Lime Yogurt,dairy eggs,yogurt,0,afternoon,444,312,444,0.7027,0.0087,0.7626,0.3677
NO Gluten Lemon Cookie,snacks,cookies cakes,0,afternoon,3,2,3,0.6667,0.0,0.8384,0.3677
No Sugar Added Fudge Tracks Slow Churned Light Ice Cream,frozen,ice cream ice,0,afternoon,6,4,6,0.6667,0.0001,0.8384,0.3677
Organic Strawberry Thirst Quencher,missing,missing,0,afternoon,3,2,3,0.6667,0.0,0.8384,0.3677
Organic Vegetarian Pho Soup Starter,canned goods,soup broth bouillon,0,afternoon,6,4,6,0.6667,0.0001,0.8384,0.3677
Original Citrus Tangy Punch,beverages,refrigerated,0,afternoon,3,2,3,0.6667,0.0,0.8384,0.3677
Pasta Sides Cheddar Chipotle Pasta Shells in Cheese Sauce Mix,dry goods pasta,instant foods,0,afternoon,3,2,3,0.6667,0.0,0.8384,0.3677
Sleepytime Herbal Mint Tea,missing,missing,0,afternoon,3,2,3,0.6667,0.0,0.8384,0.3677
Slow Kettle Andouille Sausage Jambalaya Soup,canned goods,soup broth bouillon,0,afternoon,3,2,3,0.6667,0.0,0.8384,0.3677
Umcka Cold Care Chewable Tablets Cherry Flavor,personal care,cold flu allergy,0,afternoon,7,6,7,0.8571,0.0001,0.5524,0.3677
Via Refreshers Very Berry Hibiscus,beverages,cocoa drink mixes,0,afternoon,3,2,3,0.6667,0.0,0.8384,0.3677
Zinfandel Heritage,alcohol,red wines,0,afternoon,6,4,6,0.6667,0.0001,0.8384,0.3677
Cornish Game Hens,frozen,frozen meat seafood,0,afternoon,3,3,3,1.0,0.0,0.3377,0.3676
Cream on Top Strawberry Organic Yogurt,dairy eggs,yogurt,0,afternoon,118,88,118,0.7458,0.0023,0.7136,0.3676
Mesquite Smoked Turkey,deli,lunch meat,0,afternoon,106,78,106,0.7358,0.0021,0.7291,0.3676
Organic Whole Strawberries,frozen,frozen produce,0,afternoon,3421,2141,3421,0.6258,0.0674,0.7306,0.3676
Original Chik'n Vegan Soy Protein Patties,frozen,frozen vegan vegetarian,0,afternoon,37,21,37,0.5676,0.0007,0.9846,0.3676
Calorie Free Jamaican Ginger Ale,beverages,soft drinks,0,afternoon,6,5,6,0.8333,0.0001,0.5875,0.3675
Low Fat 1% Milk,dairy eggs,milk,0,afternoon,892,660,892,0.7399,0.0176,0.6837,0.3675
Rocky Mountain Sourdough Bread,bakery,bread,0,afternoon,356,260,356,0.7303,0.007,0.7247,0.3675
Wagon Wheels Mac + Cheese,frozen,frozen meals,0,afternoon,50,42,50,0.84,0.001,0.5753,0.3675
100% Whole Wheat English Muffin 6 Ct,bakery,breakfast bakery,0,afternoon,159,107,159,0.673,0.0031,0.8196,0.3674
All Natural Maraschino Cherries,canned goods,canned fruit applesauce,0,afternoon,7,4,7,0.5714,0.0001,0.9798,0.3674
Eat Your Vegetables Korean Barbecue Veggie Chips,snacks,chips pretzels,0,afternoon,7,4,7,0.5714,0.0001,0.9798,0.3674
Farmhouse-Style Sausage Scramble,frozen,frozen breakfast,0,afternoon,9,8,9,0.8889,0.0002,0.5032,0.3674
Lactose Free Yogurt Plain,dairy eggs,yogurt,0,afternoon,278,210,278,0.7554,0.0055,0.6905,0.3674
Chocolate Chip Vanilla Bean Cookie with Tahitian Vanilla Bean Ice Cream,frozen,ice cream ice,0,afternoon,142,86,142,0.6056,0.0028,0.9213,0.3673
Organic Raspberry Tea,beverages,tea,0,afternoon,7,7,7,1.0,0.0001,0.3361,0.3673
Smoked Turkey Sausage,meat seafood,hot dogs bacon sausage,0,afternoon,25,18,25,0.72,0.0005,0.7552,0.3673
Strawberry Guanabana Asian Yogurt,dairy eggs,yogurt,0,afternoon,11,8,11,0.7273,0.0002,0.7451,0.3673
Very Vanilla Soymilk,dairy eggs,soy lactosefree,0,afternoon,28,23,28,0.8214,0.0005,0.6029,0.3673
4% Milkfat Small Curd Cottage Cheese,dairy eggs,other creams cheeses,0,afternoon,187,132,187,0.7059,0.0037,0.7682,0.3672
Duck Eggs Organic Pastured,dairy eggs,eggs,0,afternoon,16,11,16,0.6875,0.0003,0.8038,0.3672
Raspberries,produce,packaged produce,0,afternoon,5222,3422,5222,0.6553,0.1029,0.5961,0.3672
Turkey Store Lean Ground Turkey,meat seafood,packaged poultry,0,afternoon,348,234,348,0.6724,0.0068,0.8104,0.3672
Apple + Banana Fruit Bar,snacks,energy granola bars,0,afternoon,28,18,28,0.6429,0.0005,0.8698,0.3671
Brewed Green Tea Iced Tea,beverages,juice nectars,0,afternoon,13,10,13,0.7692,0.0002,0.6811,0.3671
Gluten Free Fusilli Brown Rice Pasta,dry goods pasta,dry pasta,0,afternoon,180,117,180,0.65,0.0035,0.8516,0.3671
Organic Quinoa & Brown Rice With Garlic,dry goods pasta,grains rice dried goods,0,afternoon,573,356,573,0.6213,0.0113,0.8753,0.3671
Total Greek Strained Yogurt,dairy eggs,yogurt,0,afternoon,2734,1832,2734,0.6701,0.0539,0.6956,0.3671
2% Lowfat Cottage Cheese,dairy eggs,packaged cheese,0,afternoon,4,4,4,1.0,0.0001,0.3349,0.367
Bleach Alternative Grapefruit Dish Detergent,household,cleaning products,0,afternoon,2,2,2,1.0,0.0,0.3349,0.367
Cultured Cream Cheese,dairy eggs,cream,0,afternoon,10,7,10,0.7,0.0002,0.7844,0.367
Extreme Dark Chocolate,snacks,candy chocolate,0,afternoon,26,17,26,0.6538,0.0005,0.853,0.367
French Roast Coffee,beverages,coffee,0,afternoon,7,5,7,0.7143,0.0001,0.7633,0.367
Gourmet Pizza Nut-Free Pesto Gluten Free,frozen,frozen pizza,0,afternoon,109,73,109,0.6697,0.0021,0.8249,0.367
Port Wine Cheeseball Spreadable Cheeseball,dairy eggs,specialty cheeses,0,afternoon,2,2,2,1.0,0.0,0.3349,0.367
"Preserves, Pure, Boysenberry",pantry,spreads,0,afternoon,2,2,2,1.0,0.0,0.3349,0.367
"Sensitive Skin Stain Remover & Color Booster, 24 Loads",household,laundry,0,afternoon,2,2,2,1.0,0.0,0.3349,0.367
Urinary Pain Relief™ Maximum Strength,personal care,vitamins supplements,0,afternoon,2,2,2,1.0,0.0,0.3349,0.367
Vitamin D Milk,dairy eggs,milk,0,afternoon,534,407,534,0.7622,0.0105,0.6656,0.367
Whole Bean Medium Roast Decaf Coffee,beverages,coffee,0,afternoon,2,2,2,1.0,0.0,0.3349,0.367
Wholly Salsa Avocado Verde,deli,fresh dips tapenades,0,afternoon,2,2,2,1.0,0.0,0.3349,0.367
Blueberry B Fruit Smoothie,beverages,refrigerated,0,afternoon,106,74,106,0.6981,0.0021,0.7822,0.3669
Dr. Better Soda,beverages,soft drinks,0,afternoon,12,9,12,0.75,0.0002,0.709,0.3669
Fresh Alfredo,dry goods pasta,pasta sauce,0,afternoon,74,41,74,0.5541,0.0014,1.0,0.3669
Organic Sliced Crimini Mushrooms,produce,packaged vegetables fruits,0,afternoon,1042,615,1042,0.5902,0.0205,0.8979,0.3669
Organic SprouTofu Super Firm Tofu,deli,tofu meat alternatives,0,afternoon,513,329,513,0.6413,0.0101,0.8474,0.3669
Pork Carnitas Burrito,frozen,frozen meals,0,afternoon,74,41,74,0.5541,0.0014,1.0,0.3669
Sheep Milk Pizza,frozen,frozen pizza,0,afternoon,17,10,17,0.5882,0.0003,0.9515,0.3669
Beef Feast in Roasted Beef Flavor Gravy Cat Food,pets,cat food care,0,afternoon,34,25,34,0.7353,0.0007,0.7296,0.3668
Organic Chocolate Animal Cookies,snacks,cookies cakes,0,afternoon,35,24,35,0.6857,0.0007,0.804,0.3668
"Popping Corn, Gourmet, Simply Salted",snacks,popcorn jerky,0,afternoon,18,10,18,0.5556,0.0003,1.0,0.3668
Pork Potstickers,deli,prepared meals,0,afternoon,19,12,19,0.6316,0.0004,0.8855,0.3668
Whole Milk Blended Cherry Greek Yogurt,dairy eggs,yogurt,0,afternoon,124,87,124,0.7016,0.0024,0.7756,0.3668
3 Minute Triple Mint Freshness Antibacterial Denture Cleanser Tablets,personal care,oral hygiene,0,afternoon,9,5,9,0.5556,0.0002,1.0,0.3667
Butternut Squash Yogurt,dairy eggs,yogurt,0,afternoon,9,5,9,0.5556,0.0002,1.0,0.3667
"Cherry, Grape, Lemon, Apple, and Orange Candy",snacks,candy chocolate,0,afternoon,9,5,9,0.5556,0.0002,1.0,0.3667
Chunky Beef & Bean Chili,canned goods,canned meals beans,0,afternoon,9,5,9,0.5556,0.0002,1.0,0.3667
Clump & Seal Fresh Home Cat Litter,pets,cat food care,0,afternoon,20,12,20,0.6,0.0004,0.9327,0.3667
Double Carrots Salad Mix,produce,packaged vegetables fruits,0,afternoon,9,5,9,0.5556,0.0002,1.0,0.3667
Extra Thin The Pounder Pretzels,snacks,chips pretzels,0,afternoon,9,5,9,0.5556,0.0002,1.0,0.3667
Fig Bars,snacks,cookies cakes,0,afternoon,9,5,9,0.5556,0.0002,1.0,0.3667
Gentle Cleansing Wash,personal care,facial care,0,afternoon,9,5,9,0.5556,0.0002,1.0,0.3667
Kola Soda,beverages,soft drinks,0,afternoon,9,5,9,0.5556,0.0002,1.0,0.3667
Oat Blueberry Lemon Whenever Bars,breakfast,breakfast bars pastries,0,afternoon,69,47,69,0.6812,0.0013,0.8085,0.3667
Organic Sriracha Roasted Seaweed Snacks,missing,missing,0,afternoon,9,5,9,0.5556,0.0002,1.0,0.3667
Recchiuti Burnt Caramel Gelato Bar,frozen,ice cream ice,0,afternoon,9,5,9,0.5556,0.0002,1.0,0.3667
Soft and Chewy Coconut Cashew Granola,breakfast,granola,0,afternoon,9,5,9,0.5556,0.0002,1.0,0.3667
White Cheddar Cheese,dairy eggs,packaged cheese,0,afternoon,9,5,9,0.5556,0.0002,1.0,0.3667
Whole Milk With Vitamin D,dairy eggs,milk,0,afternoon,240,196,240,0.8167,0.0047,0.5969,0.3667
in Gravy with Carrots Peas & Corn Mashed Potatoes & Meatloaf Nuggets,babies,baby food formula,0,afternoon,9,5,9,0.5556,0.0002,1.0,0.3667
1% Chocolate Milk,dairy eggs,milk,0,afternoon,75,51,75,0.68,0.0015,0.8096,0.3666
Beef Quarter Pound 4 Ct Franks,meat seafood,hot dogs bacon sausage,0,afternoon,10,8,10,0.8,0.0002,0.6327,0.3666
Grain Sweetened Chocolate Chips,pantry,baking ingredients,0,afternoon,5,4,5,0.8,0.0001,0.6327,0.3666
Macaroni & Cheese Refrigerated Sides,deli,prepared meals,0,afternoon,5,4,5,0.8,0.0001,0.6327,0.3666
"Meatballs, Turkey",frozen,frozen appetizers sides,0,afternoon,5,4,5,0.8,0.0001,0.6327,0.3666
Orange Juice with No Pulp,beverages,refrigerated,0,afternoon,18,15,18,0.8333,0.0003,0.5819,0.3666
Peachy Keen Organic Level 1,babies,baby food formula,0,afternoon,56,40,56,0.7143,0.0011,0.7588,0.3666
Rice Mac & Cheese,frozen,frozen meals,0,afternoon,397,267,397,0.6725,0.0078,0.8048,0.3666
Rockin' Raspberry 3.1 Fl Oz,dairy eggs,yogurt,0,afternoon,59,46,59,0.7797,0.0011,0.6606,0.3666
Vegan & Gluten Free Nut Balls,frozen,frozen vegan vegetarian,0,afternoon,5,4,5,0.8,0.0001,0.6327,0.3666
Xtra Protection Regular Pantiliners,personal care,feminine care,0,afternoon,5,4,5,0.8,0.0001,0.6327,0.3666
Elmo Mac 'n Cheese With Carrots & Broccoli,frozen,frozen meals,0,afternoon,127,98,127,0.7717,0.0025,0.6687,0.3665
Mocha Iced Coffee,beverages,coffee,0,afternoon,30,17,30,0.5667,0.0006,0.9811,0.3665
Organic Soymilk Plain,dairy eggs,soy lactosefree,0,afternoon,9,9,9,1.0,0.0002,0.3321,0.3665
Spicy Salmon Roll,other,other,0,afternoon,17,11,17,0.6471,0.0003,0.8609,0.3665
Veggie Burgers,deli,prepared meals,0,afternoon,15,11,15,0.7333,0.0003,0.7316,0.3665
White Corn Tortilla Strips,snacks,chips pretzels,0,afternoon,94,69,94,0.734,0.0018,0.7268,0.3665
2nd Foods Bananas,babies,baby food formula,0,afternoon,3,3,3,1.0,0.0,0.3321,0.3664
Bbq Ranch Chopped Salad Kit,produce,packaged vegetables fruits,0,afternoon,24,17,24,0.7083,0.0005,0.7684,0.3664
Blueberry Whole Milk Yogurt Pouch,dairy eggs,yogurt,0,afternoon,469,368,469,0.7846,0.0092,0.6318,0.3664
Boneless And Skinless Chicken Breast,meat seafood,poultry counter,0,afternoon,815,462,815,0.5669,0.016,0.9415,0.3664
Chocolate Creme Cupcakes,snacks,cookies cakes,0,afternoon,3,3,3,1.0,0.0,0.3321,0.3664
Just Strawberries 'N Bananas,snacks,fruit vegetable snacks,0,afternoon,3,3,3,1.0,0.0,0.3321,0.3664
Mint Anti-Diarrheal,personal care,digestion,0,afternoon,3,3,3,1.0,0.0,0.3321,0.3664
Orange Sparkling Water Beverage,beverages,water seltzer sparkling water,0,afternoon,3,3,3,1.0,0.0,0.3321,0.3664
Organic Vanilla Bean Greek Yogurt,dairy eggs,yogurt,0,afternoon,75,51,75,0.68,0.0015,0.8083,0.3664
"Uncured, No Sugar, Hickory Smoked Bacon",meat seafood,hot dogs bacon sausage,0,afternoon,531,381,531,0.7175,0.0104,0.7296,0.3664
Lactose Free Organic Whole Milk Plain Yogurt,dairy eggs,yogurt,0,afternoon,71,53,71,0.7465,0.0014,0.7081,0.3663
Organic Wraps Traditional - 6 CT,bakery,tortillas flat bread,0,afternoon,118,91,118,0.7712,0.0023,0.6688,0.3663
Squeezed Orange Juice,beverages,refrigerated,0,afternoon,95,66,95,0.6947,0.0019,0.7849,0.3663
Vanilla Bean Chocolate Sandwich,frozen,ice cream ice,0,afternoon,22,13,22,0.5909,0.0004,0.9442,0.3663
Three Cheese Tortellini,dry goods pasta,dry pasta,0,afternoon,94,61,94,0.6489,0.0018,0.8531,0.3662
2nd Foods Ham & Ham Gravy,babies,baby food formula,0,afternoon,13,11,13,0.8462,0.0002,0.5609,0.3661
Big California Sourdough Bread,bakery,bread,0,afternoon,201,146,201,0.7264,0.0039,0.7313,0.3661
Carob Chip,snacks,energy granola bars,0,afternoon,185,134,185,0.7243,0.0036,0.7349,0.3661
Dha Omega 3 Vitamin D Milk,dairy eggs,milk,0,afternoon,707,558,707,0.7893,0.0139,0.6117,0.3661
Organic Sweet Vanilla Bean Nutrition Complete Protein Shake,personal care,protein meal replacements,0,afternoon,125,83,125,0.664,0.0024,0.8285,0.3661
Vanilla 0% Milkfat Yogurt,dairy eggs,yogurt,0,afternoon,505,360,505,0.7129,0.0099,0.7365,0.3661
Honey Cinnamon Nut-Thins  Crackers,snacks,trail mix snack mix,0,afternoon,25,14,25,0.56,0.0005,0.9886,0.366
Natural Lime Flavor Sparkling Mineral Water,beverages,water seltzer sparkling water,0,afternoon,376,274,376,0.7287,0.0074,0.7185,0.366
Thai Green Curry,frozen,frozen meals,0,afternoon,145,95,145,0.6552,0.0028,0.8401,0.366
Beef Loin Porterhouse Steak,meat seafood,meat counter,0,afternoon,6,5,6,0.8333,0.0001,0.5792,0.3659
Easy Mac Triple Cheese,dry goods pasta,instant foods,0,afternoon,12,7,12,0.5833,0.0002,0.9541,0.3659
"Flavored Vodka, Peach",alcohol,spirits,0,afternoon,6,5,6,0.8333,0.0001,0.5792,0.3659
Handmade Pennsylvania Dutch Pretzels,snacks,popcorn jerky,0,afternoon,6,5,6,0.8333,0.0001,0.5792,0.3659
Kellogg's Frosted Mini Wheats Maple Brown Sugar Cereal,breakfast,cereal,0,afternoon,12,7,12,0.5833,0.0002,0.9541,0.3659
Lime & Sea Salt Tortilla Chips,snacks,chips pretzels,0,afternoon,181,99,181,0.547,0.0035,1.0,0.3659
Oikos Toasted Coconut Vanilla Greek Yogurt,dairy eggs,yogurt,0,afternoon,6,5,6,0.8333,0.0001,0.5792,0.3659
Organic Raw Love Bar,snacks,energy granola bars,0,afternoon,6,5,6,0.8333,0.0001,0.5792,0.3659
Pink Lemonade,beverages,refrigerated,0,afternoon,14,10,14,0.7143,0.0003,0.7573,0.3659
Turkey,deli,lunch meat,0,afternoon,367,252,367,0.6866,0.0072,0.7816,0.3659
Gluten Free Exotic Black Rice Bread,bakery,bread,0,afternoon,29,16,29,0.5517,0.0006,1.0,0.3658
Little Bites Chocolate Chip Muffins,snacks,cookies cakes,0,afternoon,262,192,262,0.7328,0.0051,0.717,0.3658
Organic Apple Banana GoGo Squeez,snacks,fruit vegetable snacks,0,afternoon,513,360,513,0.7018,0.0101,0.7512,0.3658
smart Blend Chicken & Rice Formula Dry Dog Food,pets,dog food care,0,afternoon,15,9,15,0.6,0.0003,0.9285,0.3658
"Apple, Juicy Red, Family Pack",produce,packaged vegetables fruits,0,afternoon,81,54,81,0.6667,0.0016,0.8248,0.3657
Jalapeno Hummus,deli,fresh dips tapenades,0,afternoon,824,588,824,0.7136,0.0162,0.7178,0.3657
One Bun Multigrain Whole Grain Pita,bakery,tortillas flat bread,0,afternoon,239,157,239,0.6569,0.0047,0.8315,0.3657
Whipped Cream Cheese,dairy eggs,other creams cheeses,0,afternoon,3027,2071,3027,0.6842,0.0596,0.6532,0.3657
Toilet Paper Rolls,household,paper goods,0,afternoon,33,22,33,0.6667,0.0006,0.8262,0.3656
White Corn,produce,fresh vegetables,0,afternoon,2353,1356,2353,0.5763,0.0463,0.8475,0.3656
Zero Ion4 Grape Sports Drink,beverages,energy sports drinks,0,afternoon,74,55,74,0.7432,0.0014,0.7097,0.3656
Beer Brats Sausage,deli,tofu meat alternatives,0,afternoon,40,29,40,0.725,0.0008,0.7382,0.3655
Organic Amaze Mint Baby Food,babies,baby food formula,0,afternoon,65,47,65,0.7231,0.0013,0.7397,0.3655
Organic Peach Lowfat Yogurt,dairy eggs,yogurt,0,afternoon,452,327,452,0.7235,0.0089,0.7199,0.3655
100% Pear Juice,beverages,juice nectars,0,afternoon,9,7,9,0.7778,0.0002,0.6598,0.3654
All Natural Whey Protein Isolate Powder French Vanilla,personal care,protein meal replacements,0,afternoon,2,2,2,1.0,0.0,0.3267,0.3654
Cherry Cashew Bar,snacks,energy granola bars,0,afternoon,2,2,2,1.0,0.0,0.3267,0.3654
Fudge Cremes Mint Sandwich Cookies,snacks,cookies cakes,0,afternoon,2,2,2,1.0,0.0,0.3267,0.3654
Lemon Italian Sparkling Mineral Water,beverages,water seltzer sparkling water,0,afternoon,338,252,338,0.7456,0.0066,0.6918,0.3654
Milk Chocolate Candies Theater,snacks,candy chocolate,0,afternoon,2,2,2,1.0,0.0,0.3267,0.3654
Organic Bold Original Cacao Superfood Drink,beverages,refrigerated,0,afternoon,3,3,3,1.0,0.0,0.3267,0.3654
Spots Stew Wild Salmon Canned Cat Food,pets,cat food care,0,afternoon,45,31,45,0.6889,0.0009,0.7914,0.3654
Vanilla Whole Milk Yogurt,dairy eggs,yogurt,0,afternoon,2,2,2,1.0,0.0,0.3267,0.3654
Wooky Jack Black Rye Ipa,alcohol,beers coolers,0,afternoon,2,2,2,1.0,0.0,0.3267,0.3654
Adult Gummies Melatonin,personal care,vitamins supplements,0,afternoon,1,1,1,1.0,0.0,0.3267,0.3653
All Good Coconut Oil Skin Food Coconut,personal care,soap,0,afternoon,1,1,1,1.0,0.0,0.3267,0.3653
Baby Broccoli,missing,missing,0,afternoon,1,1,1,1.0,0.0,0.3267,0.3653
Cafe La Llave Espresso,beverages,coffee,0,afternoon,1,1,1,1.0,0.0,0.3267,0.3653
Corn Puffs,snacks,chips pretzels,0,afternoon,1,1,1,1.0,0.0,0.3267,0.3653
Curate Nutrition Bar Irresistible Dark Chocolate Strawberries & Pistachios,snacks,energy granola bars,0,afternoon,1,1,1,1.0,0.0,0.3267,0.3653
Dark Chocolate & Raspberry,snacks,candy chocolate,0,afternoon,1,1,1,1.0,0.0,0.3267,0.3653
Dark Temptation Antiperspirant Stick,personal care,deodorants,0,afternoon,1,1,1,1.0,0.0,0.3267,0.3653
Dark Velvet Organic Chocolate,snacks,candy chocolate,0,afternoon,20,14,20,0.7,0.0004,0.7756,0.3653
Dumpling Egg Noodles,dry goods pasta,fresh pasta,0,afternoon,1,1,1,1.0,0.0,0.3267,0.3653
Fresh Blue Agave Gold Tequila,alcohol,spirits,0,afternoon,1,1,1,1.0,0.0,0.3267,0.3653
Fruit Punch Juice,beverages,juice nectars,0,afternoon,1,1,1,1.0,0.0,0.3267,0.3653
Grade A Sour Cream,international,latino foods,0,afternoon,1,1,1,1.0,0.0,0.3267,0.3653
Habanero Jack Cheese,dairy eggs,packaged cheese,0,afternoon,1,1,1,1.0,0.0,0.3267,0.3653
Hot Buffalo Wings Potato Chips,deli,prepared meals,0,afternoon,1,1,1,1.0,0.0,0.3267,0.3653
Lemon Scented All Purpose Cleaner,household,cleaning products,0,afternoon,1,1,1,1.0,0.0,0.3267,0.3653
Magic Eraser Bathtub Cleaner & Scrubber Sponge,household,cleaning products,0,afternoon,1,1,1,1.0,0.0,0.3267,0.3653
Mild Stone Ground Salsa,pantry,preserved dips spreads,0,afternoon,1,1,1,1.0,0.0,0.3267,0.3653
Milk Chocolate Caramel Cups,snacks,candy chocolate,0,afternoon,1,1,1,1.0,0.0,0.3267,0.3653
Nutrish Chicken And Brown Rice Dry Cat Food,pets,cat food care,0,afternoon,1,1,1,1.0,0.0,0.3267,0.3653
Nuts Coffee Honey Organic Snack Bar,snacks,energy granola bars,0,afternoon,1,1,1,1.0,0.0,0.3267,0.3653
Organic Gluten & Wheat Free Homestyle Waffles,frozen,frozen breakfast,0,afternoon,338,246,338,0.7278,0.0066,0.7183,0.3653
Original Antacid Aspirin,personal care,digestion,0,afternoon,1,1,1,1.0,0.0,0.3267,0.3653
Original Bread With Honey,bakery,bread,0,afternoon,1,1,1,1.0,0.0,0.3267,0.3653
PlantForce Liquid Iron,personal care,vitamins supplements,0,afternoon,1,1,1,1.0,0.0,0.3267,0.3653
Polish Kielbasa (100869) Smoked & Cooked,deli,lunch meat,0,afternoon,1,1,1,1.0,0.0,0.3267,0.3653
Pomegranate Frozen Kefir,frozen,ice cream ice,0,afternoon,1,1,1,1.0,0.0,0.3267,0.3653
Reposado,alcohol,spirits,0,afternoon,1,1,1,1.0,0.0,0.3267,0.3653
Smoothie,beverages,refrigerated,0,afternoon,1,1,1,1.0,0.0,0.3267,0.3653
Steamfresh Barbeque Sweet Corn,frozen,frozen produce,0,afternoon,1,1,1,1.0,0.0,0.3267,0.3653
Sticks Candy Bar,snacks,candy chocolate,0,afternoon,1,1,1,1.0,0.0,0.3267,0.3653
Superior Light Beer Ultra 4.2% Alcohol,alcohol,beers coolers,0,afternoon,1,1,1,1.0,0.0,0.3267,0.3653
Temples Earl Gray Strong Tea,beverages,tea,0,afternoon,1,1,1,1.0,0.0,0.3267,0.3653
Weissbier Naturtrub Hefe-Weissbier Beer,alcohol,beers coolers,0,afternoon,1,1,1,1.0,0.0,0.3267,0.3653
Whatever Messy Look Paste,personal care,hair care,0,afternoon,1,1,1,1.0,0.0,0.3267,0.3653
Whiskas® Temptations® Mix Ups Backyard Cookout® Pet Treat,pets,cat food care,0,afternoon,1,1,1,1.0,0.0,0.3267,0.3653
White Sweet Potatoes,produce,packaged vegetables fruits,0,afternoon,1,1,1,1.0,0.0,0.3267,0.3653
Zero Calorie Tangerine Lime Flavored Sparkling Water Beverage,beverages,water seltzer sparkling water,0,afternoon,1,1,1,1.0,0.0,0.3267,0.3653
Fresh Ground Chicken Breast,meat seafood,packaged poultry,0,afternoon,17,11,17,0.6471,0.0003,0.8547,0.3652
Grilled Seafood Feast in Gravy Cat Food,pets,cat food care,0,afternoon,19,14,19,0.7368,0.0004,0.7201,0.3652
"Raspberries, Red, Organic",frozen,frozen produce,0,afternoon,17,11,17,0.6471,0.0003,0.8547,0.3652
Rising Crust Spinach Mushroom & Garlic Pizza,frozen,frozen pizza,0,afternoon,7,6,7,0.8571,0.0001,0.5399,0.3652
Sesame Street Friends Elmo's Fruit Punch,beverages,juice nectars,0,afternoon,29,21,29,0.7241,0.0006,0.7383,0.3652
Black Eye Peas,canned goods,canned jarred vegetables,0,afternoon,8,5,8,0.625,0.0001,0.8878,0.3651
Oat Revolution! Thick & Hearty Apples & Cinnamon Instant Oatmeal,breakfast,hot cereal pancake mixes,0,afternoon,8,5,8,0.625,0.0001,0.8878,0.3651
Rembrandt Deeply White + Peroxide Whitening Toothpaste,personal care,oral hygiene,0,afternoon,8,5,8,0.625,0.0001,0.8878,0.3651
Sweet Potato Yogurt,dairy eggs,yogurt,0,afternoon,8,5,8,0.625,0.0001,0.8878,0.3651
Pumpernickel Dark Pump Bread,bakery,bread,0,afternoon,44,30,44,0.6818,0.0008,0.8001,0.365
Asiago Cheese Sourdough Bread,bakery,bread,0,afternoon,47,37,47,0.7872,0.0009,0.6416,0.3649
German Farm Bread,bakery,tortillas flat bread,0,afternoon,45,36,45,0.8,0.0009,0.6225,0.3649
Light and Lean Macaroni and Cheese,frozen,frozen meals,0,afternoon,356,225,356,0.632,0.007,0.8588,0.3649
Moms Macaroni Salad,deli,prepared soups salads,0,afternoon,35,22,35,0.6286,0.0007,0.8801,0.3649
Natural Boneless Skinless Chicken Thighs,meat seafood,poultry counter,0,afternoon,84,53,84,0.631,0.0016,0.8738,0.3649
Pesto Tortellini  Bowls,frozen,frozen meals,0,afternoon,1036,656,1036,0.6332,0.0204,0.8238,0.3649
"Quinoa, White",dry goods pasta,grains rice dried goods,0,afternoon,26,16,26,0.6154,0.0005,0.9,0.3649
Ready Rice Chicken Flavored Whole Grain Brown,dry goods pasta,instant foods,0,afternoon,17,13,17,0.7647,0.0003,0.6768,0.3649
Turkey Breast Oven Roasted,deli,prepared meals,0,afternoon,16,13,16,0.8125,0.0003,0.6048,0.3649
Meatless Vegan Jerky  Seitan Teriyaki,snacks,popcorn jerky,0,afternoon,31,17,31,0.5484,0.0006,1.0,0.3648
"Vegetable Salad Kit, Sweet Kale",produce,packaged vegetables fruits,0,afternoon,98,62,98,0.6327,0.0019,0.8704,0.3648
"Mozzarella String Cheese Sticks, Light Low-Moisture Part Skim",dairy eggs,packaged cheese,0,afternoon,79,55,79,0.6962,0.0015,0.7756,0.3647
No Calories No Caffeine Seltzer Water,beverages,water seltzer sparkling water,0,afternoon,13,11,13,0.8462,0.0002,0.5539,0.3647
Oreo Cookie n' Cream Yogurt,dairy eggs,yogurt,0,afternoon,117,92,117,0.7863,0.0023,0.6383,0.3647
Organic Indian Curry Baked Sproutofu,dairy eggs,soy lactosefree,0,afternoon,14,10,14,0.7143,0.0003,0.7514,0.3647
Santa Fe Barbecue Rice Chips MWO Rice Chips,snacks,chips pretzels,0,afternoon,143,111,143,0.7762,0.0028,0.6521,0.3647
Spinach Dijon Salad,deli,prepared soups salads,0,afternoon,47,33,47,0.7021,0.0009,0.7682,0.3647
Sweet Sliced Apples,produce,packaged vegetables fruits,0,afternoon,85,60,85,0.7059,0.0017,0.7605,0.3647
0% Fat Strawberry Greek Yogurt,dairy eggs,yogurt,0,afternoon,39,25,39,0.641,0.0007,0.8598,0.3646
Cheese Ravioli with Sauce Bowls,frozen,frozen meals,0,afternoon,452,285,452,0.6305,0.0089,0.8549,0.3646
Ginger Snap Granola,breakfast,granola,0,afternoon,51,28,51,0.549,0.001,0.9972,0.3646
Mint (Spearmint),produce,fresh herbs,0,afternoon,32,18,32,0.5625,0.0006,0.9779,0.3646
Organic Maple Brown Sugar Granola,breakfast,granola,0,afternoon,26,17,26,0.6538,0.0005,0.841,0.3646
Organic White Bread Done Right,bakery,bread,0,afternoon,407,280,407,0.688,0.008,0.7711,0.3646
Reduced Fat Cheddar Cheese Slices,dairy eggs,packaged cheese,0,afternoon,7,5,7,0.7143,0.0001,0.7514,0.3646
Reposado Tequila,alcohol,spirits,0,afternoon,7,5,7,0.7143,0.0001,0.7514,0.3646
1% Low Fat Milk,dairy eggs,milk,0,afternoon,789,615,789,0.7795,0.0155,0.6145,0.3645
Diamond Collection Silver Label Pinot Noir Wine,alcohol,red wines,0,afternoon,8,6,8,0.75,0.0001,0.697,0.3645
Pitted Green Olives,other,other,0,afternoon,8,6,8,0.75,0.0001,0.697,0.3645
Chiocciole Pasta,dry goods pasta,dry pasta,0,afternoon,4,3,4,0.75,0.0001,0.697,0.3644
Cinnamon & Clove Raw Coconut Water,beverages,refrigerated,0,afternoon,4,3,4,0.75,0.0001,0.697,0.3644
Greek Yogurt Coconut,dairy eggs,yogurt,0,afternoon,4,3,4,0.75,0.0001,0.697,0.3644
"Kefir, Pomegranate, Acai & Strawberry",dairy eggs,yogurt,0,afternoon,4,3,4,0.75,0.0001,0.697,0.3644
Mango Passionfruit Liquid Drink Mix,beverages,cocoa drink mixes,0,afternoon,4,3,4,0.75,0.0001,0.697,0.3644
Oregon Strawberry Preserves,pantry,spreads,0,afternoon,4,3,4,0.75,0.0001,0.697,0.3644
"Original Unsweetened Coconut, Almond, and Chia Drink",dairy eggs,soy lactosefree,0,afternoon,4,3,4,0.75,0.0001,0.697,0.3644
"Simply Clean & Fresh HE Liquid Laundry Detergent, Daybreak Fresh Scent, 89 Loads",household,laundry,0,afternoon,4,3,4,0.75,0.0001,0.697,0.3644
Slip-On Size 5 Diapers,babies,diapers wipes,0,afternoon,4,3,4,0.75,0.0001,0.697,0.3644
Whole 7 Ancient Grains Bread,bakery,bread,0,afternoon,40,27,40,0.675,0.0008,0.8074,0.3644
Whole Nutrition Bar Chocolate Cupcake,snacks,energy granola bars,0,afternoon,48,33,48,0.6875,0.0009,0.7885,0.3644
100% Florida Grapefruit Juice,beverages,juice nectars,0,afternoon,12,10,12,0.8333,0.0002,0.5711,0.3643
Bolt Organic Berry Blast Organic Energy Chews,snacks,energy granola bars,0,afternoon,19,13,19,0.6842,0.0004,0.7944,0.3643
Orange Mango Super Drink,beverages,energy sports drinks,0,afternoon,5,4,5,0.8,0.0001,0.6213,0.3643
Pineapple Orange Guava Juice Cocktail,beverages,juice nectars,0,afternoon,3,3,3,1.0,0.0,0.3214,0.3643
Raw Indonesian Creamy Cashews,snacks,nuts seeds dried fruit,0,afternoon,5,4,5,0.8,0.0001,0.6213,0.3643
Ultra Blue,beverages,energy sports drinks,0,afternoon,10,8,10,0.8,0.0002,0.6213,0.3643
Lactose Free Fat Free Milk,dairy eggs,soy lactosefree,0,afternoon,394,324,394,0.8223,0.0077,0.5683,0.3642
Organic Low Fat Plain Yogurt,dairy eggs,yogurt,0,afternoon,219,146,219,0.6667,0.0043,0.8101,0.3642
"Baked Crackers, Cheddar Cheese",breakfast,breakfast bars pastries,0,afternoon,28,19,28,0.6786,0.0005,0.8013,0.3641
Blueberry Raspberry Liquid Drink Mix,beverages,cocoa drink mixes,0,afternoon,10,6,10,0.6,0.0002,0.9203,0.3641
Cafe Steamers Beef Teriyaki,frozen,frozen meals,0,afternoon,10,6,10,0.6,0.0002,0.9203,0.3641
Coconut Crunch Gluten Free Cookie,bakery,bakery desserts,0,afternoon,5,3,5,0.6,0.0001,0.9203,0.3641
Dill Dip,pantry,preserved dips spreads,0,afternoon,5,3,5,0.6,0.0001,0.9203,0.3641
Fat Free Vitamin A & D Milk,dairy eggs,milk,0,afternoon,107,78,107,0.729,0.0021,0.7216,0.3641
Gluten Free Apple Breakfast Bars,breakfast,breakfast bars pastries,0,afternoon,5,3,5,0.6,0.0001,0.9203,0.3641
Jasmine Green Iced Tea,international,asian foods,0,afternoon,140,107,140,0.7643,0.0027,0.667,0.3641
Picante Provolone Cheese,dairy eggs,specialty cheeses,0,afternoon,10,6,10,0.6,0.0002,0.9203,0.3641
Salt Free Taco Seasoning Mix,pantry,marinades meat preparation,0,afternoon,5,3,5,0.6,0.0001,0.9203,0.3641
100% Lactose Free 1% Lowfat Milk,dairy eggs,soy lactosefree,0,afternoon,178,130,178,0.7303,0.0035,0.7158,0.364
Pepper Jack Cheese Slices,dairy eggs,packaged cheese,0,afternoon,74,48,74,0.6486,0.0014,0.8435,0.364
Sparkling Natural Mineral Water,beverages,water seltzer sparkling water,0,afternoon,3611,2603,3611,0.7209,0.0711,0.5607,0.364
Spicy Chik'n Veggie Patties,frozen,frozen vegan vegetarian,0,afternoon,33,18,33,0.5455,0.0006,1.0,0.364
Sriracha Chicken Big Burrito,frozen,frozen meals,0,afternoon,68,40,68,0.5882,0.0013,0.9345,0.364
Talenti Tahitian Vanilla Bean Gelato Pop,frozen,ice cream ice,0,afternoon,33,18,33,0.5455,0.0006,1.0,0.364
White Sharp Cheddar Cheese,dairy eggs,packaged cheese,0,afternoon,17,12,17,0.7059,0.0003,0.7605,0.364
2% Reduced Fat Milk,dairy eggs,milk,0,afternoon,3048,2279,3048,0.7477,0.06,0.5479,0.3639
Calcium Enriched 100% Lactose Free Fat Free Milk,dairy eggs,soy lactosefree,0,afternoon,325,241,325,0.7415,0.0064,0.6912,0.3639
Lactose Free Low Fat Vanilla Yogurt,dairy eggs,yogurt,0,afternoon,229,167,229,0.7293,0.0045,0.7144,0.3639
Original High Fiber Medley Cereal,breakfast,cereal,0,afternoon,27,19,27,0.7037,0.0005,0.7628,0.3639
Apple Sauce Pouches,canned goods,canned fruit applesauce,0,afternoon,58,40,58,0.6897,0.0011,0.7816,0.3638
Cheddar Cheezy Mac,dry goods pasta,instant foods,0,afternoon,168,105,168,0.625,0.0033,0.8731,0.3638
"Cookies, Chocolate Chip, Chocolate, Maple Bliss, Snack 'n Go Packs",snacks,cookies cakes,0,afternoon,11,7,11,0.6364,0.0002,0.8638,0.3638
Hot Smoked Sausage,meat seafood,hot dogs bacon sausage,0,afternoon,2,2,2,1.0,0.0,0.3189,0.3638
Instant White Rice,dry goods pasta,instant foods,0,afternoon,22,12,22,0.5455,0.0004,1.0,0.3638
K-Kritters Chocolate Animal Cookies,snacks,cookies cakes,0,afternoon,2,2,2,1.0,0.0,0.3189,0.3638
Organic Honey Graham ZBar Kids Energy Bar,snacks,energy granola bars,0,afternoon,22,12,22,0.5455,0.0004,1.0,0.3638
Organic Wraps Wheat,deli,prepared meals,0,afternoon,85,63,85,0.7412,0.0017,0.7029,0.3638
Premium Solid White Albacore in Vegetable Oil Tuna,canned goods,canned meat seafood,0,afternoon,4,4,4,1.0,0.0001,0.3189,0.3638
"Quinoa Sticks, Ancient Grains, Sweet Onion",snacks,chips pretzels,0,afternoon,22,12,22,0.5455,0.0004,1.0,0.3638
Cheese Natural Medium Cheddar,dairy eggs,packaged cheese,0,afternoon,11,6,11,0.5455,0.0002,1.0,0.3637
Chewy Fruit & Veggie Snacks,beverages,refrigerated,0,afternoon,11,6,11,0.5455,0.0002,1.0,0.3637
Coconut Macadamia Protein Bliss Energy Ball,snacks,energy granola bars,0,afternoon,11,6,11,0.5455,0.0002,1.0,0.3637
Dairy Free Mexican Style Shreds,dairy eggs,soy lactosefree,0,afternoon,11,6,11,0.5455,0.0002,1.0,0.3637
Elegant Medleys Shredded White Meat Chicken Fare with Garden Greens in Savory Broth,pets,cat food care,0,afternoon,11,6,11,0.5455,0.0002,1.0,0.3637
Fit Kitchen Bourbon Steak,frozen,frozen meals,0,afternoon,11,6,11,0.5455,0.0002,1.0,0.3637
Graduates Vanilla Puffs,babies,baby food formula,0,afternoon,11,6,11,0.5455,0.0002,1.0,0.3637
Heart Health Nonfat Blackberry BioKefir,dairy eggs,milk,0,afternoon,16,12,16,0.75,0.0003,0.6926,0.3637
Lunchable Extra Cheesy Pizza,deli,lunch meat,0,afternoon,108,79,108,0.7315,0.0021,0.7158,0.3637
Mint Tea Tree Flavored Toothpicks,household,plates bowls cups flatware,0,afternoon,11,6,11,0.5455,0.0002,1.0,0.3637
Naturally Rising Crust Classic Supreme Pizza,frozen,frozen pizza,0,afternoon,11,6,11,0.5455,0.0002,1.0,0.3637
ProActive Health Mature Adult Dog Food,pets,dog food care,0,afternoon,11,6,11,0.5455,0.0002,1.0,0.3637
Sloppy Joes Spices & Seasonings,pantry,marinades meat preparation,0,afternoon,11,6,11,0.5455,0.0002,1.0,0.3637
Stand 'n Stuff Soft Flour Tortillas,international,latino foods,0,afternoon,25,17,25,0.68,0.0005,0.7971,0.3637
Steamy Vegetables,frozen,frozen produce,0,afternoon,11,6,11,0.5455,0.0002,1.0,0.3637
Sweet Gala & Caramel Sliced Apples,produce,packaged vegetables fruits,0,afternoon,11,6,11,0.5455,0.0002,1.0,0.3637
Three Cheese Macaroni Tasty American Favorites,frozen,frozen meals,0,afternoon,11,6,11,0.5455,0.0002,1.0,0.3637
Chana Masala Roti Paratha,international,indian foods,0,afternoon,14,8,14,0.5714,0.0003,0.9604,0.3636
Fruity Dyno Bites Cereal,breakfast,cereal,0,afternoon,9,5,9,0.5556,0.0002,0.9842,0.3636
Oikos Traditional Cafe Latte Greek Yogurt,dairy eggs,yogurt,0,afternoon,20,14,20,0.7,0.0004,0.7669,0.3636
"Vitamin D3, Natural Berry Flavor",personal care,vitamins supplements,0,afternoon,7,4,7,0.5714,0.0001,0.9604,0.3636
Danimals Swingin' Strawberry Banana Smoothie,dairy eggs,yogurt,0,afternoon,79,59,79,0.7468,0.0015,0.6935,0.3635
Organic Banana Mango Baby Food,babies,baby food formula,0,afternoon,14,10,14,0.7143,0.0003,0.7456,0.3635
Stout Steak & Potato Handheld Aussie Pies,frozen,frozen meals,0,afternoon,46,25,46,0.5435,0.0009,1.0,0.3635
Brown Rice & Wheat Roasted Red Pepper & Red Bean Crackers,snacks,crackers,0,afternoon,8,7,8,0.875,0.0001,0.5042,0.3634
Frosted Animal Cookies,snacks,cookies cakes,0,afternoon,9,6,9,0.6667,0.0002,0.8164,0.3634
Organic Carrot Bunch,produce,fresh vegetables,0,afternoon,4064,2335,4064,0.5746,0.0801,0.7549,0.3634
Breakfast Burrito With Potatoes Jack & Cheddar Cheese & Meatless Chorizo,deli,prepared meals,0,afternoon,69,52,69,0.7536,0.0013,0.683,0.3633
Egg Sausage And Cheese Burrito,frozen,frozen appetizers sides,0,afternoon,3,3,3,1.0,0.0,0.3163,0.3633
Imported Mineral Water,beverages,water seltzer sparkling water,0,afternoon,366,263,366,0.7186,0.0072,0.7208,0.3633
XXtra Flamin' Hot Crunchy Cheese Flavored Snacks,snacks,chips pretzels,0,afternoon,3,3,3,1.0,0.0,0.3163,0.3633
Good Seed Organic Thin Sliced Bread,bakery,bread,0,afternoon,636,434,636,0.6824,0.0125,0.7609,0.3632
Teensy Fruits Baby Fruit Snacks Berry,babies,baby food formula,0,afternoon,27,21,27,0.7778,0.0005,0.6483,0.3632
Organic Blue Corn Tortilla Chips With Flax Seed,snacks,chips pretzels,0,afternoon,22,15,22,0.6818,0.0004,0.7918,0.3631
Super Natural Organic Whole Milk,dairy eggs,milk,0,afternoon,208,161,208,0.774,0.0041,0.6442,0.3631
Uncooked Corn Tortillas,bakery,tortillas flat bread,0,afternoon,57,35,57,0.614,0.0011,0.8915,0.3631
Blueberry with Whole Grains Yogurt Blends,babies,baby food formula,0,afternoon,11,8,11,0.7273,0.0002,0.7237,0.363
Cream Top Smooth Coffee Yogurt,dairy eggs,yogurt,0,afternoon,176,130,176,0.7386,0.0034,0.6986,0.363
Lamb Shoulder Chops,meat seafood,meat counter,0,afternoon,4,4,4,1.0,0.0001,0.3151,0.363
Single Serve Cheese Pizza,frozen,frozen pizza,0,afternoon,276,195,276,0.7065,0.0054,0.7417,0.363
EnviroKidzGluten Free Cheetah Berry Blast Crispy Rice Bars,snacks,energy granola bars,0,afternoon,38,27,38,0.7105,0.0007,0.7468,0.3629
Natural Chicken & Sage Breakfast Sausage,meat seafood,hot dogs bacon sausage,0,afternoon,1562,1060,1562,0.6786,0.0308,0.7199,0.3629
Original Whole Fat Lactose Free Milk,dairy eggs,soy lactosefree,0,afternoon,447,355,447,0.7942,0.0088,0.6011,0.3629
Turkey Fully Cooked Breakfast Sausage 12 Links,meat seafood,hot dogs bacon sausage,0,afternoon,42,27,42,0.6429,0.0008,0.8482,0.3629
Unsalted Peanut Butter Filled Pretzels,snacks,chips pretzels,0,afternoon,40,28,40,0.7,0.0008,0.7627,0.3629
Bleach HydroClean Action Fresh Rapids Scent Dishwasher Detergent,household,dish detergents,0,afternoon,12,8,12,0.6667,0.0002,0.8137,0.3628
Brioche Sandwich Buns,bakery,breakfast bakery,0,afternoon,21,13,21,0.619,0.0004,0.8844,0.3628
Gade A Natural Sour Cream,dairy eggs,other creams cheeses,0,afternoon,29,18,29,0.6207,0.0006,0.8814,0.3628
Gentlease Infant Formula Powder,babies,baby food formula,0,afternoon,7,6,7,0.8571,0.0001,0.528,0.3628
Greek Orzo Salad,deli,prepared soups salads,0,afternoon,81,52,81,0.642,0.0016,0.8473,0.3628
Organic Extra Large Brown Eggs,dairy eggs,eggs,0,afternoon,1061,718,1061,0.6767,0.0209,0.747,0.3628
Vanilla Snowflake Goat's Milk Ice Cream,frozen,ice cream ice,0,afternoon,21,17,21,0.8095,0.0004,0.5985,0.3628
Belgian Golden Ale,alcohol,beers coolers,0,afternoon,6,5,6,0.8333,0.0001,0.5633,0.3627
Chicken Breast Patties,frozen,frozen meat seafood,0,afternoon,8,6,8,0.75,0.0001,0.6883,0.3627
Organic Original Tofu Veggie Burger,deli,tofu meat alternatives,0,afternoon,83,71,83,0.8554,0.0016,0.5264,0.3627
Organic Vegetarian Traditional Refried Beans,canned goods,canned meals beans,0,afternoon,24,13,24,0.5417,0.0005,1.0,0.3627
Power O's Toasted Cereal Original,breakfast,cereal,0,afternoon,24,13,24,0.5417,0.0005,1.0,0.3627
"Kefir Cultured Milk Smoothie, Whole Milk, Sublime Slime Lime",dairy eggs,yogurt,0,afternoon,218,157,218,0.7202,0.0043,0.7222,0.3626
Salmon Roll,deli,prepared meals,0,afternoon,73,55,73,0.7534,0.0014,0.6791,0.3626
Dinner Yeast Rolls,frozen,frozen appetizers sides,0,afternoon,20,13,20,0.65,0.0004,0.8367,0.3625
Grade A Pasteurized Fat Free Cottage Cheese,dairy eggs,other creams cheeses,0,afternoon,37,20,37,0.5405,0.0007,1.0,0.3625
Lowfat 1% Milk,dairy eggs,milk,0,afternoon,50,35,50,0.7,0.001,0.7602,0.3625
"Popped Potato Snack, Crazy Hot",snacks,chips pretzels,0,afternoon,20,13,20,0.65,0.0004,0.8367,0.3625
Sea Salt Baked Lentil Chips,snacks,chips pretzels,0,afternoon,80,50,80,0.625,0.0016,0.871,0.3625
Shredded Mild Cheddar Cheese,dairy eggs,packaged cheese,0,afternoon,3070,1823,3070,0.5938,0.0605,0.7704,0.3625
Authentic French Brioche Hamburger Buns,bakery,buns rolls,0,afternoon,1208,780,1208,0.6457,0.0238,0.7838,0.3624
Double Peanut Butter Chip Ice Cream,frozen,ice cream ice,0,afternoon,63,42,63,0.6667,0.0012,0.8088,0.3624
Gluten Free Hot Buffalo Wing Pretzel Sticks,snacks,chips pretzels,0,afternoon,14,10,14,0.7143,0.0003,0.7399,0.3624
Light French Silk Slow Churned Ice Cream,frozen,ice cream ice,0,afternoon,21,12,21,0.5714,0.0004,0.9541,0.3624
Organic Dark Mint Chocolate,snacks,candy chocolate,0,afternoon,70,51,70,0.7286,0.0014,0.7157,0.3624
Whole Grain Baked Snack Crackers,snacks,crackers,0,afternoon,17,10,17,0.5882,0.0003,0.929,0.3624
"100% Concord Grape Juice, No Sugar Added",beverages,juice nectars,0,afternoon,1,1,1,1.0,0.0,0.3114,0.3623
2% Milk Swiss Singles,dairy eggs,packaged cheese,0,afternoon,3,3,3,1.0,0.0,0.3114,0.3623
BATAMPTE     SAUERKRAUT 32 OZ R,pantry,pickled goods olives,0,afternoon,1,1,1,1.0,0.0,0.3114,0.3623
BBQ Ranch Salad Kit,pantry,salad dressing toppings,0,afternoon,1,1,1,1.0,0.0,0.3114,0.3623
Boston Creme Pie Milano Melts,snacks,cookies cakes,0,afternoon,1,1,1,1.0,0.0,0.3114,0.3623
Caramel Coffee Mate Natural Bliss Almond Milk Creamer,missing,missing,0,afternoon,1,1,1,1.0,0.0,0.3114,0.3623
Cheese Deep Dish Pizza,frozen,frozen pizza,0,afternoon,1,1,1,1.0,0.0,0.3114,0.3623
Chocolate Belgian Waffles,frozen,frozen breakfast,0,afternoon,72,53,72,0.7361,0.0014,0.704,0.3623
"Chocolate Snaps, Old-Fashioned, Swedish Style",snacks,cookies cakes,0,afternoon,1,1,1,1.0,0.0,0.3114,0.3623
Clay Supplement,personal care,skin care,0,afternoon,1,1,1,1.0,0.0,0.3114,0.3623
"Clean Energy Drink, Lemon Lemongrass",beverages,tea,0,afternoon,2,2,2,1.0,0.0,0.3114,0.3623
Condensed Classic Recipe Double Noodle Family Size,canned goods,soup broth bouillon,0,afternoon,1,1,1,1.0,0.0,0.3114,0.3623
Crunchy Nut Golden Honey Nut Flakes Cereal,breakfast,cereal,0,afternoon,1,1,1,1.0,0.0,0.3114,0.3623
Culture Club Cabernet Grape Kombucha,beverages,refrigerated,0,afternoon,1,1,1,1.0,0.0,0.3114,0.3623
Dgiorno Asm Pepperoni Speciale,frozen,frozen pizza,0,afternoon,7,5,7,0.7143,0.0001,0.7399,0.3623
Dophilus Original,personal care,digestion,0,afternoon,1,1,1,1.0,0.0,0.3114,0.3623
Enjoy Yourself Cappuccino Organic Protein Shake,personal care,protein meal replacements,0,afternoon,8,5,8,0.625,0.0001,0.8738,0.3623
"Fajita Seasoning, Organic",pantry,spices seasonings,0,afternoon,2,2,2,1.0,0.0,0.3114,0.3623
Fancy Feast Classic Cat Food with Chicken Vegetables & Whitefish,pets,cat food care,0,afternoon,1,1,1,1.0,0.0,0.3114,0.3623
Free & Gentle Powder Laundry Detergent,household,laundry,0,afternoon,3,3,3,1.0,0.0,0.3114,0.3623
Fruyo Greek Non Fat Strained Yogurt Blended with Vanilla,dairy eggs,yogurt,0,afternoon,1,1,1,1.0,0.0,0.3114,0.3623
"Gefilte Fish, In Liquid Broth",international,kosher foods,0,afternoon,2,2,2,1.0,0.0,0.3114,0.3623
Gelato Limoncello,frozen,ice cream ice,0,afternoon,1,1,1,1.0,0.0,0.3114,0.3623
Gfluten Free Coconut Macaroona,bakery,bakery desserts,0,afternoon,1,1,1,1.0,0.0,0.3114,0.3623
"Graham Cracker 9\"" Pie Crust",pantry,baking supplies decor,0,afternoon,1,1,1,1.0,0.0,0.3114,0.3623
Infusions Ultra Infusions™ Lavender Serenity™ Liquid Fabric Conditioner Fabric Enhancers,household,laundry,0,afternoon,7,5,7,0.7143,0.0001,0.7399,0.3623
Kids Daily Probiotic Natural Fruit Gummies Dietary Supplement,personal care,digestion,0,afternoon,1,1,1,1.0,0.0,0.3114,0.3623
Lemon Ginger Raspberry Kombucha,beverages,refrigerated,0,afternoon,1,1,1,1.0,0.0,0.3114,0.3623
Light In Sodium Beans and Rice Burrito,frozen,frozen meals,0,afternoon,34,22,34,0.6471,0.0007,0.8394,0.3623
Maui Coconut Raspberry,beverages,refrigerated,0,afternoon,1,1,1,1.0,0.0,0.3114,0.3623
New Orleans Kettle Style Salt & Vinegar Potato Chips,snacks,chips pretzels,0,afternoon,1,1,1,1.0,0.0,0.3114,0.3623
Nonfat Vanilla Greek Yogurt,dairy eggs,yogurt,0,afternoon,1,1,1,1.0,0.0,0.3114,0.3623
"Oatmeal, 5 Berry",dry goods pasta,instant foods,0,afternoon,1,1,1,1.0,0.0,0.3114,0.3623
Organic Pale Ale,alcohol,beers coolers,0,afternoon,1,1,1,1.0,0.0,0.3114,0.3623
Organic Pineapple Orange Banana Fruit Yogurt Smoothie,babies,baby food formula,0,afternoon,39,27,39,0.6923,0.0007,0.7711,0.3623
Organic Tulsi Ginger Tea,other,other,0,afternoon,1,1,1,1.0,0.0,0.3114,0.3623
Peppermint Ice Cream,frozen,ice cream ice,0,afternoon,1,1,1,1.0,0.0,0.3114,0.3623
Radiant Multi Pack Regular/Super/Super Plus Tampons,personal care,feminine care,0,afternoon,1,1,1,1.0,0.0,0.3114,0.3623
Raw Mineral Rich Crusts,breakfast,breakfast bars pastries,0,afternoon,1,1,1,1.0,0.0,0.3114,0.3623
Rich Golden Layer Cake,frozen,frozen dessert,0,afternoon,1,1,1,1.0,0.0,0.3114,0.3623
Spicy Honey Bbq,pantry,marinades meat preparation,0,afternoon,1,1,1,1.0,0.0,0.3114,0.3623
Stoneground Cinnamon Cluster Cereal Flakes,breakfast,cereal,0,afternoon,2,2,2,1.0,0.0,0.3114,0.3623
Tasteeos Cereal,breakfast,cereal,0,afternoon,3,3,3,1.0,0.0,0.3114,0.3623
Turkey tenderloin with diced red skin & sweet potatoes and green beans Rotisserie Seasoned Turkey,frozen,frozen meals,0,afternoon,7,5,7,0.7143,0.0001,0.7399,0.3623
Vegan Santa Fe Style Flour Tortilla Rolled Tacos,frozen,frozen vegan vegetarian,0,afternoon,2,2,2,1.0,0.0,0.3114,0.3623
Water Fruits Fruit Punch Frenzy Naturally Flavored Water Beverage,beverages,juice nectars,0,afternoon,1,1,1,1.0,0.0,0.3114,0.3623
"White Wine Salami, Pinot Grigio",deli,lunch meat,0,afternoon,1,1,1,1.0,0.0,0.3114,0.3623
with Twist Ties Sandwich & Storage Bags,household,food storage,0,afternoon,1,1,1,1.0,0.0,0.3114,0.3623
2% Reduced Fat Organic Milk,dairy eggs,milk,0,afternoon,1466,1115,1466,0.7606,0.0289,0.5982,0.3622
Alpine Spring Water,beverages,water seltzer sparkling water,0,afternoon,995,753,995,0.7568,0.0196,0.627,0.3622
Traditional Madeleines,bakery,bakery desserts,0,afternoon,12,9,12,0.75,0.0002,0.6854,0.3622
"Coffee, Ground, House Blend, Medium Roast",beverages,coffee,0,afternoon,5,4,5,0.8,0.0001,0.6102,0.3621
Original Roasted Seaweed Snacks,international,asian foods,0,afternoon,442,310,442,0.7014,0.0087,0.7367,0.3621
Pine Nut Hummus,deli,fresh dips tapenades,0,afternoon,56,33,56,0.5893,0.0011,0.9238,0.3621
Sesame Street Organic Mini Blueberry Pancakes,frozen,frozen breakfast,0,afternoon,284,198,284,0.6972,0.0056,0.7506,0.3621
Thousand Island Salad Snax,snacks,fruit vegetable snacks,0,afternoon,10,8,10,0.8,0.0002,0.6102,0.3621
Vitamin Water Zero Rise Orange,beverages,energy sports drinks,0,afternoon,420,321,420,0.7643,0.0083,0.6432,0.3621
Organic American Cheese Singles,dairy eggs,packaged cheese,0,afternoon,1817,1266,1817,0.6968,0.0358,0.6757,0.362
Raspberry Oikos Greek Yogurt,dairy eggs,yogurt,0,afternoon,36,23,36,0.6389,0.0007,0.8499,0.362
Jumbo Lump Crab Cake,meat seafood,seafood counter,0,afternoon,191,123,191,0.644,0.0037,0.834,0.3619
Organic Chocolate 1% Milk with DHA Omega-3,dairy eggs,milk,0,afternoon,332,244,332,0.7349,0.0065,0.6907,0.3619
Triple Zero Peach Oikos Greek Yogurt,dairy eggs,yogurt,0,afternoon,16,9,16,0.5625,0.0003,0.9652,0.3619
Antigingivitis Rinse Peppermint Twist,personal care,oral hygiene,0,afternoon,11,7,11,0.6364,0.0002,0.8541,0.3618
Baja Breakfast Burrito,frozen,frozen breakfast,0,afternoon,63,47,63,0.746,0.0012,0.6871,0.3618
Chicken Hearts & Liver Feast in Grilled Chicken Flavor Gravy Cat Food,pets,cat food care,0,afternoon,20,15,20,0.75,0.0004,0.6832,0.3618
Porcini & Truffle Ravioli In Egg Pasta,deli,prepared meals,0,afternoon,45,31,45,0.6889,0.0009,0.7736,0.3618
Vodka 525,alcohol,spirits,0,afternoon,34,27,34,0.7941,0.0007,0.616,0.3618
Butterfinger Minis,snacks,candy chocolate,0,afternoon,10,6,10,0.6,0.0002,0.9082,0.3617
Dha Omega 3 Reduced Fat 2% Milk,dairy eggs,milk,0,afternoon,819,670,819,0.8181,0.0161,0.541,0.3617
Dill Pickle Kale Chips,snacks,chips pretzels,0,afternoon,13,7,13,0.5385,0.0002,1.0,0.3617
Double Fiber Wheat Bread,bakery,bread,0,afternoon,10,6,10,0.6,0.0002,0.9082,0.3617
Grill Mates Mesquite Marinade,pantry,marinades meat preparation,0,afternoon,13,7,13,0.5385,0.0002,1.0,0.3617
Large Grade A Eggs,dairy eggs,eggs,0,afternoon,207,157,207,0.7585,0.0041,0.6607,0.3617
Lemon Lime Sports Drink,beverages,energy sports drinks,0,afternoon,13,7,13,0.5385,0.0002,1.0,0.3617
Organic Flax Plus Pumpkin Raisin Crunch Cereal,breakfast,cereal,0,afternoon,142,107,142,0.7535,0.0028,0.6711,0.3617
Repair & Protect Extra Fresh Toothpaste,personal care,oral hygiene,0,afternoon,13,7,13,0.5385,0.0002,1.0,0.3617
Sport Chocolate Mint Protein Bar,snacks,energy granola bars,0,afternoon,13,7,13,0.5385,0.0002,1.0,0.3617
Tagliarni,dry goods pasta,dry pasta,0,afternoon,10,6,10,0.6,0.0002,0.9082,0.3617
Veggie Rotini Pasta,dry goods pasta,dry pasta,0,afternoon,91,55,91,0.6044,0.0018,0.8974,0.3617
Gluten Free Chewy Oatmeal Raisin Cookies,frozen,frozen dessert,0,afternoon,14,9,14,0.6429,0.0003,0.8433,0.3616
Maple Glazed Honey Ham,deli,lunch meat,0,afternoon,136,95,136,0.6985,0.0027,0.7537,0.3616
Organic Garbanzo Beans,canned goods,canned meals beans,0,afternoon,3607,1979,3607,0.5487,0.0711,0.8075,0.3616
Organic Grass-Fed Ground Beef 85/15,meat seafood,packaged meat,0,afternoon,37,22,37,0.5946,0.0007,0.9144,0.3616
Organic Plain Nonfat Yogurt,dairy eggs,yogurt,0,afternoon,164,116,164,0.7073,0.0032,0.739,0.3616
Red Enchilada Sauce,international,latino foods,0,afternoon,14,9,14,0.6429,0.0003,0.8433,0.3616
Thin Wheats Crackers,snacks,crackers,0,afternoon,13,9,13,0.6923,0.0002,0.7689,0.3616
Regular Roll White,household,paper goods,0,afternoon,22,15,22,0.6818,0.0004,0.7836,0.3615
Baguettes Gluten Free Fresh Rosemary,frozen,frozen breads doughs,0,afternoon,39,25,39,0.641,0.0007,0.8437,0.3614
Cobb Salad With Chicken & Bacon,deli,prepared soups salads,0,afternoon,100,71,100,0.71,0.002,0.7374,0.3614
Cream Top Smooth & Creamy Vanilla Yogurt,dairy eggs,yogurt,0,afternoon,619,450,619,0.727,0.0122,0.686,0.3614
Organic 21 Grain Thin Sliced Bread,bakery,bread,0,afternoon,1329,874,1329,0.6576,0.0262,0.755,0.3614
Organic Spelt English Muffins,bakery,breakfast bakery,0,afternoon,122,85,122,0.6967,0.0024,0.756,0.3614
4% Milkfat Small Curd Cottage Cheese with Chives,dairy eggs,other creams cheeses,0,afternoon,9,7,9,0.7778,0.0002,0.6393,0.3613
Extra Strong Dark Chocolate,snacks,candy chocolate,0,afternoon,89,66,89,0.7416,0.0017,0.6899,0.3613
Fresh Tilapia Fillets,meat seafood,seafood counter,0,afternoon,56,30,56,0.5357,0.0011,1.0,0.3613
Mckenzie Farms Buttermilk,bakery,bread,0,afternoon,12,8,12,0.6667,0.0002,0.8058,0.3613
Organic Baby Spinach Salad,produce,packaged vegetables fruits,0,afternoon,1754,1234,1754,0.7035,0.0345,0.6646,0.3613
Yellow Bell Pepper,produce,fresh vegetables,0,afternoon,3197,1727,3197,0.5402,0.063,0.8389,0.3613
Body Powder,personal care,deodorants,0,afternoon,3,2,3,0.6667,0.0,0.8058,0.3612
Chocolate Brownie Mochi,international,asian foods,0,afternoon,3,2,3,0.6667,0.0,0.8058,0.3612
Egg Lasagna Sheets,dry goods pasta,fresh pasta,0,afternoon,6,4,6,0.6667,0.0001,0.8058,0.3612
Fiber d'Lish Soft Baked Delicious Treat Peanut Chocolate Chip Bar,snacks,energy granola bars,0,afternoon,3,2,3,0.6667,0.0,0.8058,0.3612
Fruit & Yogurt Grabbers Peaches & Cream,babies,baby food formula,0,afternoon,3,2,3,0.6667,0.0,0.8058,0.3612
Genuine Strawberries 'n Crème Non Dairy Protein Shake,personal care,protein meal replacements,0,afternoon,3,2,3,0.6667,0.0,0.8058,0.3612
Glazed Lemon Pie,bakery,bakery desserts,0,afternoon,3,2,3,0.6667,0.0,0.8058,0.3612
"Grape Wine, Coteaux Varois en Provence, 2013",other,other,0,afternoon,3,2,3,0.6667,0.0,0.8058,0.3612
Greek 100 Calories Boston Cream Pie Yogurt,dairy eggs,yogurt,0,afternoon,3,2,3,0.6667,0.0,0.8058,0.3612
Maximum Absorbency Large Guards for Men,personal care,oral hygiene,0,afternoon,3,2,3,0.6667,0.0,0.8058,0.3612
Mixed Fruit in Black Cherry Gel,canned goods,canned fruit applesauce,0,afternoon,9,6,9,0.6667,0.0002,0.8058,0.3612
Natural Balance Overnight Maxi Pads,personal care,feminine care,0,afternoon,3,2,3,0.6667,0.0,0.8058,0.3612
"Natural Liquid Laundry Detergent, Fresh Citrus scent",household,laundry,0,afternoon,3,2,3,0.6667,0.0,0.8058,0.3612
Organic Plain Greek Whole Milk Yogurt,dairy eggs,yogurt,0,afternoon,1136,829,1136,0.7298,0.0224,0.6554,0.3612
Organic Reduced Fat Omega-3 Milk,dairy eggs,milk,0,afternoon,425,348,425,0.8188,0.0084,0.5571,0.3612
Prosciutto & Cheese Tortelloni,missing,missing,0,afternoon,3,2,3,0.6667,0.0,0.8058,0.3612
Seafood Favorites Variety Cat Food,pets,cat food care,0,afternoon,3,2,3,0.6667,0.0,0.8058,0.3612
Shake & Spoon Chopped Pecans,pantry,salad dressing toppings,0,afternoon,3,2,3,0.6667,0.0,0.8058,0.3612
Sharp Cheddar Natural Cheese,dairy eggs,packaged cheese,0,afternoon,3,2,3,0.6667,0.0,0.8058,0.3612
Tots Apple Whole Milk Greek Yogurt,dairy eggs,yogurt,0,afternoon,6,4,6,0.6667,0.0001,0.8058,0.3612
Tuscan Kale Pesto,dry goods pasta,pasta sauce,0,afternoon,3,2,3,0.6667,0.0,0.8058,0.3612
Uno Sausage Deep Dish Pizza,frozen,frozen pizza,0,afternoon,3,2,3,0.6667,0.0,0.8058,0.3612
Vanilla Sandwich Cookies,frozen,ice cream ice,0,afternoon,3,2,3,0.6667,0.0,0.8058,0.3612
Whole Wheat Baguette,bakery,bread,0,afternoon,25,19,25,0.76,0.0005,0.6646,0.3612
Almond Flour Tortillas,bakery,tortillas flat bread,0,afternoon,288,196,288,0.6806,0.0057,0.7707,0.3611
Brownberry 100% 12 Grain Bread,bakery,bread,0,afternoon,539,351,539,0.6512,0.0106,0.802,0.3611
Canine Cuisine Wet Dog Food Grilled Chicken Top Sirloin,pets,dog food care,0,afternoon,14,12,14,0.8571,0.0003,0.5193,0.3611
Cottage Cheese 22 Oz,dairy eggs,other creams cheeses,0,afternoon,30,18,30,0.6,0.0006,0.9042,0.3611
Multi-Grain Blend W/Spinach Tomato & Onions Pasta & Vegetables,frozen,frozen meals,0,afternoon,11,6,11,0.5455,0.0002,0.9871,0.3611
Organic Whole Milk Strawberry Kefir,dairy eggs,milk,0,afternoon,99,74,99,0.7475,0.0019,0.6796,0.3611
"Popcorn, Hot Cheese Flavored",snacks,popcorn jerky,0,afternoon,11,6,11,0.5455,0.0002,0.9871,0.3611
"Tofu, Gluten Free, Garlic Pepper",deli,tofu meat alternatives,0,afternoon,12,9,12,0.75,0.0002,0.6798,0.3611
All Natural Easy Quinoa Garden Vegetable,dry goods pasta,grains rice dried goods,0,afternoon,4,3,4,0.75,0.0001,0.6798,0.361
Apricot Pineapple Preserves,pantry,spreads,0,afternoon,4,3,4,0.75,0.0001,0.6798,0.361
Cafe Domingo Medium Roast Whole Bean Coffee,beverages,coffee,0,afternoon,15,9,15,0.6,0.0003,0.9042,0.361
Chicken Kiev,meat seafood,packaged poultry,0,afternoon,4,3,4,0.75,0.0001,0.6798,0.361
Classic Recipe White Chocolate,snacks,candy chocolate,0,afternoon,15,9,15,0.6,0.0003,0.9042,0.361
Cream Style Corn Golden Sweet,canned goods,canned jarred vegetables,0,afternoon,4,3,4,0.75,0.0001,0.6798,0.361
Cream Top Smooth & Creamy Maple Yogurt,dairy eggs,yogurt,0,afternoon,518,375,518,0.7239,0.0102,0.6938,0.361
Creamy Chocolate Vanilla Pudding,snacks,cookies cakes,0,afternoon,4,3,4,0.75,0.0001,0.6798,0.361
"Dressing & Marinade, Toasted Sesame",pantry,salad dressing toppings,0,afternoon,4,3,4,0.75,0.0001,0.6798,0.361
Hommus Classic Original,deli,fresh dips tapenades,0,afternoon,527,364,527,0.6907,0.0104,0.7432,0.361
Light Pink Lemonade,beverages,refrigerated,0,afternoon,112,81,112,0.7232,0.0022,0.7145,0.361
Mexican Coffee,beverages,coffee,0,afternoon,74,52,74,0.7027,0.0014,0.7471,0.361
Organic Colorado Cracked Wheat Bread,bakery,bread,0,afternoon,35,26,35,0.7429,0.0007,0.689,0.361
Organic Raisin Bread,bakery,bread,0,afternoon,17,10,17,0.5882,0.0003,0.9217,0.361
Organic Semisweet Chocolate Baking Wafers,pantry,baking ingredients,0,afternoon,4,3,4,0.75,0.0001,0.6798,0.361
Original Pizza Crusts Frozen,frozen,frozen pizza,0,afternoon,17,10,17,0.5882,0.0003,0.9217,0.361
Vitamin C 250 mg 60 Gummies,personal care,vitamins supplements,0,afternoon,15,9,15,0.6,0.0003,0.9042,0.361
Canned Beer,alcohol,beers coolers,0,afternoon,2,2,2,1.0,0.0,0.3043,0.3609
Chocolate 1% Lowafat Milk,beverages,cocoa drink mixes,0,afternoon,2,2,2,1.0,0.0,0.3043,0.3609
Grape with Electrolytes & Vitamins Water Beverage,beverages,energy sports drinks,0,afternoon,54,37,54,0.6852,0.001,0.774,0.3609
Original Creamy Hot Wheat Cereal,breakfast,hot cereal pancake mixes,0,afternoon,2,2,2,1.0,0.0,0.3043,0.3609
Peach Bbq Sauce,pantry,marinades meat preparation,0,afternoon,2,2,2,1.0,0.0,0.3043,0.3609
Seafood Medley Value Size Stay Fresh Pack,pets,cat food care,0,afternoon,2,2,2,1.0,0.0,0.3043,0.3609
Ultra Red Energy,beverages,energy sports drinks,0,afternoon,2,2,2,1.0,0.0,0.3043,0.3609
YoKids Squeeze! Organic Strawberry Flavor Yogurt,dairy eggs,yogurt,0,afternoon,644,486,644,0.7547,0.0127,0.6409,0.3609
Total 2% with Strawberry Lowfat Greek Strained Yogurt,dairy eggs,yogurt,0,afternoon,2720,1917,2720,0.7048,0.0536,0.6131,0.3608
Wheat Sandwich Thins,bakery,tortillas flat bread,0,afternoon,203,140,203,0.6897,0.004,0.7596,0.3608
All Natural Whole Wheat Bread,bakery,bread,0,afternoon,116,78,116,0.6724,0.0023,0.7893,0.3607
Diet Lemonade Soda,beverages,soft drinks,0,afternoon,7,7,7,1.0,0.0001,0.3033,0.3607
Organic Gluten Free Buckwheat Wildberry Waffles,frozen,frozen breakfast,0,afternoon,502,351,502,0.6992,0.0099,0.73,0.3607
Pesto Sauce With Pine Nuts,dry goods pasta,fresh pasta,0,afternoon,21,13,21,0.619,0.0004,0.8738,0.3607
Special Reserve Extra Sharp Cheddar Cheese,dairy eggs,packaged cheese,0,afternoon,779,501,779,0.6431,0.0153,0.8007,0.3607
Total 2% Lowfat Greek Strained Yogurt with Peach,dairy eggs,yogurt,0,afternoon,1809,1329,1809,0.7347,0.0356,0.6123,0.3607
2% Chocolate Milk,dairy eggs,milk,0,afternoon,183,143,183,0.7814,0.0036,0.6218,0.3606
Organic Spelt Pretzels,snacks,chips pretzels,0,afternoon,179,131,179,0.7318,0.0035,0.6966,0.3606
Smart Ones Classic Favorites Mini Rigatoni With Vodka Cream Sauce,frozen,frozen meals,0,afternoon,48,27,48,0.5625,0.0009,0.9568,0.3606
Smoked Turkey Sausage and Cheddar Cheese,meat seafood,hot dogs bacon sausage,0,afternoon,60,32,60,0.5333,0.0012,1.0,0.3606
Vegetable Classics 99% Fat Free Minestrone Soup,canned goods,soup broth bouillon,0,afternoon,18,10,18,0.5556,0.0003,0.9689,0.3606
Chik'n Nuggets,frozen,frozen vegan vegetarian,0,afternoon,456,307,456,0.6732,0.009,0.7702,0.3605
Nonfat Probiotic Drinks,dairy eggs,yogurt,0,afternoon,242,188,242,0.7769,0.0047,0.6256,0.3605
Oatmeal & Banana Baby Cereal,babies,baby food formula,0,afternoon,9,5,9,0.5556,0.0002,0.9689,0.3605
Organic Jalapeno Pepper,produce,fresh vegetables,0,afternoon,2491,1421,2491,0.5705,0.0491,0.8242,0.3605
Organic Multigrain Waffles,frozen,frozen breakfast,0,afternoon,1105,778,1105,0.7041,0.0218,0.6923,0.3605
Organic Roma Tomato,produce,fresh vegetables,0,afternoon,3135,1947,3135,0.6211,0.0618,0.7163,0.3605
Almond Milk Peach Yogurt,dairy eggs,yogurt,0,afternoon,492,352,492,0.7154,0.0097,0.7047,0.3604
Blueberries,frozen,frozen produce,0,afternoon,5661,3194,5661,0.5642,0.1115,0.6769,0.3604
Coconut Oil Kettle Cooked Potato Chips Sea Salt,snacks,chips pretzels,0,afternoon,37,26,37,0.7027,0.0007,0.7461,0.3604
"Dog Snacks, Medium",pets,dog food care,0,afternoon,45,24,45,0.5333,0.0009,1.0,0.3604
Organic Just Greens Juice Blend,beverages,refrigerated,0,afternoon,10,10,10,1.0,0.0002,0.3015,0.3604
Organic Whole Chocolate Milk,dairy eggs,milk,0,afternoon,138,105,138,0.7609,0.0027,0.6542,0.3604
Ricotta And Spinach Tondi,dry goods pasta,fresh pasta,0,afternoon,95,65,95,0.6842,0.0019,0.771,0.3604
Seriously Sharp Cheddar Cheese,dairy eggs,packaged cheese,0,afternoon,292,193,292,0.661,0.0057,0.7964,0.3604
Sliced Buns,bakery,buns rolls,0,afternoon,39,22,39,0.5641,0.0007,0.9541,0.3604
Chocolate Filled Brioche,bakery,bakery desserts,0,afternoon,13,9,13,0.6923,0.0002,0.7624,0.3603
Graduates Pasta Pick-ups -  Turkey & Vegetable Ravioli,babies,baby food formula,0,afternoon,28,18,28,0.6429,0.0005,0.836,0.3603
Grass-Fed Vanilla Agave Yogurt,dairy eggs,yogurt,0,afternoon,13,9,13,0.6923,0.0002,0.7624,0.3603
Marinara,dry goods pasta,pasta sauce,0,afternoon,30,16,30,0.5333,0.0006,1.0,0.3603
Nacho Grain-Free Tortilla Chips,missing,missing,0,afternoon,31,17,31,0.5484,0.0006,0.9773,0.3603
Organic Whole Grain Brown Rice Microwaveable Pouches,dry goods pasta,grains rice dried goods,0,afternoon,62,33,62,0.5323,0.0012,1.0,0.3603
Original Cherry Orchard Yogurt,dairy eggs,yogurt,0,afternoon,219,154,219,0.7032,0.0043,0.7358,0.3603
Purity Cold Pressed Juice,beverages,juice nectars,0,afternoon,50,36,50,0.72,0.001,0.7189,0.3603
100% Liquid Egg Whites,dairy eggs,eggs,0,afternoon,176,119,176,0.6761,0.0034,0.7781,0.3602
Pure Irish Butter,dairy eggs,butter,0,afternoon,3329,2179,3329,0.6546,0.0656,0.6552,0.3602
Reduced Fat Swiss Deli-Thin Slices Cheese,dairy eggs,packaged cheese,0,afternoon,46,33,46,0.7174,0.0009,0.7225,0.3602
Unsweetened Applesauce,canned goods,canned fruit applesauce,0,afternoon,17,12,17,0.7059,0.0003,0.7412,0.3602
All Natural Noodles,dry goods pasta,dry pasta,0,afternoon,10,7,10,0.7,0.0002,0.7502,0.3601
"Cereal, Superfood, Acai Blueberry",breakfast,cereal,0,afternoon,7,5,7,0.7143,0.0001,0.7287,0.3601
Concord Grape Juice,beverages,juice nectars,0,afternoon,59,43,59,0.7288,0.0011,0.7043,0.3601
Dairy Free Soy Strawberry Alternative,dairy eggs,yogurt,0,afternoon,102,77,102,0.7549,0.002,0.6634,0.3601
"Fava Crisps, Brighton Vinegar & Sea Salt",snacks,fruit vegetable snacks,0,afternoon,15,8,15,0.5333,0.0003,1.0,0.3601
GFB The Gluten Free Bar Peanut Butter,snacks,energy granola bars,0,afternoon,15,8,15,0.5333,0.0003,1.0,0.3601
Greek 100 Whips! Black Cherry Yogurt,dairy eggs,yogurt,0,afternoon,15,8,15,0.5333,0.0003,1.0,0.3601
Lowfat Goat Milk,dairy eggs,milk,0,afternoon,105,83,105,0.7905,0.002,0.6097,0.3601
Mandarin,produce,fresh fruits,0,afternoon,15,8,15,0.5333,0.0003,1.0,0.3601
Nine Grain Sourdough Dough,bakery,bread,0,afternoon,123,89,123,0.7236,0.0024,0.7093,0.3601
Refried Black Beans Low Fat,canned goods,canned meals beans,0,afternoon,61,34,61,0.5574,0.0012,0.9613,0.3601
Roasted Turkey Feast Cat Food,pets,cat food care,0,afternoon,7,5,7,0.7143,0.0001,0.7287,0.3601
Skirt Steak,meat seafood,meat counter,0,afternoon,15,8,15,0.5333,0.0003,1.0,0.3601
Soft Pretzel Burger Buns,bakery,buns rolls,0,afternoon,796,498,796,0.6256,0.0157,0.823,0.3601
ZBar Protein Chocolate Mint Protein Bar,snacks,energy granola bars,0,afternoon,104,77,104,0.7404,0.002,0.685,0.3601
Classic Macaroni & Beef in Tomato Sauce,frozen,frozen meals,0,afternoon,47,25,47,0.5319,0.0009,1.0,0.36
Distilled Water,beverages,water seltzer sparkling water,0,afternoon,1483,1095,1483,0.7384,0.0292,0.6192,0.36
European Style Spring Mix,produce,packaged vegetables fruits,0,afternoon,33,19,33,0.5758,0.0006,0.9346,0.36
Organic Small Curd Cottage Cheese,dairy eggs,other creams cheeses,0,afternoon,1163,826,1163,0.7102,0.0229,0.6773,0.36
Raw Hummus,pantry,preserved dips spreads,0,afternoon,73,44,73,0.6027,0.0014,0.8923,0.36
"Waffles, Sweet Belgian, Vanilla",frozen,frozen breakfast,0,afternoon,149,109,149,0.7315,0.0029,0.6956,0.36
Woodbridge Cabernet Sauvignon,alcohol,red wines,0,afternoon,9,7,9,0.7778,0.0002,0.6327,0.36
Apple Butternut Squash Baby Food,babies,baby food formula,0,afternoon,41,23,41,0.561,0.0008,0.9562,0.3599
Beef & Bean Red Chili Burritos,frozen,frozen meals,0,afternoon,5,4,5,0.8,0.0001,0.5995,0.3599
Blueberry Greek Yogurt + Chia,dairy eggs,yogurt,0,afternoon,35,25,35,0.7143,0.0007,0.7265,0.3599
Soft & Smooth100% Whole Wheat Bread,bakery,bread,0,afternoon,145,102,145,0.7034,0.0028,0.7372,0.3599
"Super 4 Snacks White Bean, Quinoa, Lentil, Chia Cheesy Nacho Baked Bean Bites",snacks,chips pretzels,0,afternoon,5,4,5,0.8,0.0001,0.5995,0.3599
Beef & Cheese Mini Tacos,frozen,frozen appetizers sides,0,afternoon,31,20,31,0.6452,0.0006,0.8297,0.3598
Hamburger Dill Pickle Chips,pantry,pickled goods olives,0,afternoon,7,4,7,0.5714,0.0001,0.9417,0.3598
Mini Ritz Multi Pack,snacks,crackers,0,afternoon,7,4,7,0.5714,0.0001,0.9417,0.3598
Organic Sourdough Einkorn Crackers Rosemary,snacks,crackers,0,afternoon,7,4,7,0.5714,0.0001,0.9417,0.3598
Soft & Crunchy Brown Rice Cracker Seaweed Roll,international,asian foods,0,afternoon,7,4,7,0.5714,0.0001,0.9417,0.3598
Wheat Bread,bakery,bread,0,afternoon,71,46,71,0.6479,0.0014,0.8238,0.3598
"Bread, French Baguette, Mini",bakery,bread,0,afternoon,33,18,33,0.5455,0.0006,0.9786,0.3597
Classic Caesar Salad,produce,packaged vegetables fruits,0,afternoon,32,17,32,0.5312,0.0006,1.0,0.3597
Classic Trail Mix,snacks,trail mix snack mix,0,afternoon,6,5,6,0.8333,0.0001,0.5482,0.3597
Flax Plus Red Berry Crunch Cereal,breakfast,cereal,0,afternoon,99,70,99,0.7071,0.0019,0.733,0.3597
Honey Whole Wheat Bread,bakery,bread,0,afternoon,138,96,138,0.6957,0.0027,0.7481,0.3597
Fire Roasted Diced Tomatoes With Garlic,canned goods,canned jarred vegetables,0,afternoon,8,5,8,0.625,0.0001,0.8602,0.3596
Jammers Grape Juice Drinks,beverages,juice nectars,0,afternoon,8,5,8,0.625,0.0001,0.8602,0.3596
Juices To Go Apple 100% Juice,beverages,juice nectars,0,afternoon,12,7,12,0.5833,0.0002,0.9223,0.3596
Light and Lean 3 Cheese Penne Marinara,frozen,frozen meals,0,afternoon,196,127,196,0.648,0.0038,0.8163,0.3596
Ricotta & Lobster Ravioli Classic Meal for 2,frozen,frozen meals,0,afternoon,8,5,8,0.625,0.0001,0.8602,0.3596
Big Sur Breakfast Burrito,frozen,frozen breakfast,0,afternoon,101,65,101,0.6436,0.002,0.8271,0.3595
"Big Wave Golden Ale, Bottles",alcohol,beers coolers,0,afternoon,1,1,1,1.0,0.0,0.2974,0.3595
Blood Orange Vodka,alcohol,spirits,0,afternoon,1,1,1,1.0,0.0,0.2974,0.3595
Breaded Onion Rings,frozen,frozen appetizers sides,0,afternoon,1,1,1,1.0,0.0,0.2974,0.3595
Brown Butter Plum,frozen,ice cream ice,0,afternoon,1,1,1,1.0,0.0,0.2974,0.3595
Caramel Whipped Latte,missing,missing,0,afternoon,1,1,1,1.0,0.0,0.2974,0.3595
Chocolate Chip Cookie Dough Energy Bar,snacks,energy granola bars,0,afternoon,1,1,1,1.0,0.0,0.2974,0.3595
Cinnamon Flavor Freshly Popped Rice Cakes,snacks,crackers,0,afternoon,1,1,1,1.0,0.0,0.2974,0.3595
Cocoa Classics French Vanilla & Chocolate Hot Cocoa Mix,beverages,cocoa drink mixes,0,afternoon,1,1,1,1.0,0.0,0.2974,0.3595
Coffee Drink Doubleshot Light Espresso & Cream,beverages,coffee,0,afternoon,2,2,2,1.0,0.0,0.2974,0.3595
Cranberry Gourmet Granola,breakfast,granola,0,afternoon,18,13,18,0.7222,0.0003,0.7131,0.3595
Diced Peeled Tomatoes In Tomato Juice,canned goods,canned jarred vegetables,0,afternoon,1,1,1,1.0,0.0,0.2974,0.3595
Discreet Large Maximum Classic Cut Incontinence Underwear,personal care,feminine care,0,afternoon,1,1,1,1.0,0.0,0.2974,0.3595
Dolmas with Raisins & Pine Nuts,pantry,pickled goods olives,0,afternoon,1,1,1,1.0,0.0,0.2974,0.3595
Farmhouse Reserve Aged Cheddar Cheese,dairy eggs,packaged cheese,0,afternoon,1,1,1,1.0,0.0,0.2974,0.3595
Gluten Free Blondies,bakery,bakery desserts,0,afternoon,1,1,1,1.0,0.0,0.2974,0.3595
Hearty Artichoke Tomato Sauce,dry goods pasta,pasta sauce,0,afternoon,1,1,1,1.0,0.0,0.2974,0.3595
Lite Poppy Seed Dressing,pantry,salad dressing toppings,0,afternoon,1,1,1,1.0,0.0,0.2974,0.3595
Low Fat Vanilla Non Dairy Yogurt,dairy eggs,yogurt,0,afternoon,130,83,130,0.6385,0.0025,0.8332,0.3595
Mahogany Dark Roast Woodsy & Rich Ground Coffee,beverages,coffee,0,afternoon,1,1,1,1.0,0.0,0.2974,0.3595
Maxi Always Maxi pads Extra Heavy Day with Flexi-Wings 24 count Feminine Care,personal care,feminine care,0,afternoon,1,1,1,1.0,0.0,0.2974,0.3595
Mini Madeleines French Sponge Cakes with Chocolate Chips,snacks,cookies cakes,0,afternoon,1,1,1,1.0,0.0,0.2974,0.3595
Motionsense For Women Fresh Energy Anti-Perspirant Dry Spray,personal care,deodorants,0,afternoon,1,1,1,1.0,0.0,0.2974,0.3595
Natural High Fiber Oat Bran Cereal,breakfast,hot cereal pancake mixes,0,afternoon,1,1,1,1.0,0.0,0.2974,0.3595
Olive Oil Vinaigrettes Italian Dressing,pantry,oils vinegars,0,afternoon,1,1,1,1.0,0.0,0.2974,0.3595
Orange Blossom Raw Honey,pantry,honeys syrups nectars,0,afternoon,1,1,1,1.0,0.0,0.2974,0.3595
"Organic Soulful Greens Cayenne & Lemon, Chia & Greens Beverage",beverages,refrigerated,0,afternoon,1,1,1,1.0,0.0,0.2974,0.3595
Philadelphia Blueberry Cream Cheese Spread,dairy eggs,other creams cheeses,0,afternoon,2,2,2,1.0,0.0,0.2974,0.3595
ProSobee Soy Infant Formula Lactose Free With Iron,babies,baby food formula,0,afternoon,1,1,1,1.0,0.0,0.2974,0.3595
Raw Veggie Wrappers,deli,prepared meals,0,afternoon,3,3,3,1.0,0.0,0.2974,0.3595
"Red Wine, Crianza, 2009",alcohol,red wines,0,afternoon,1,1,1,1.0,0.0,0.2974,0.3595
Roasted Chicken Feast Cat Food,pets,cat food care,0,afternoon,2,2,2,1.0,0.0,0.2974,0.3595
Rosemary Conditioning Hair Oil for All Hair Types,personal care,hair care,0,afternoon,1,1,1,1.0,0.0,0.2974,0.3595
Round Edible Cake Decoration,pantry,baking supplies decor,0,afternoon,2,2,2,1.0,0.0,0.2974,0.3595
"Salvadoran Style Cream, Grade A",dairy eggs,other creams cheeses,0,afternoon,1,1,1,1.0,0.0,0.2974,0.3595
Sliced Apples & Caramel with Peanuts,produce,packaged vegetables fruits,0,afternoon,1,1,1,1.0,0.0,0.2974,0.3595
Small Gala Apple,produce,fresh fruits,0,afternoon,1,1,1,1.0,0.0,0.2974,0.3595
Smoked Turkey Necks,meat seafood,poultry counter,0,afternoon,1,1,1,1.0,0.0,0.2974,0.3595
Sparkling Lemon Water,beverages,water seltzer sparkling water,0,afternoon,2799,2036,2799,0.7274,0.0551,0.5685,0.3595
Strawberry Drinkable Yogurt,missing,missing,0,afternoon,1,1,1,1.0,0.0,0.2974,0.3595
"Toothbrush Sanitizer, Snap-On, Fresh Mint Aroma",personal care,oral hygiene,0,afternoon,1,1,1,1.0,0.0,0.2974,0.3595
Tropical Pineapple Yogurt Alternative,dairy eggs,yogurt,0,afternoon,1,1,1,1.0,0.0,0.2974,0.3595
Unscented Household Cleaners And Disinfectants,household,cleaning products,0,afternoon,1,1,1,1.0,0.0,0.2974,0.3595
Vanilla Raspberry Ice Fruit Custard,missing,missing,0,afternoon,1,1,1,1.0,0.0,0.2974,0.3595
93% Ground Beef,meat seafood,meat counter,0,afternoon,872,571,872,0.6548,0.0172,0.7719,0.3594
Freshly made spaghetti tossed with meatballs in a seasoned tomato sauce Spaghetti with Meatballs,frozen,frozen meals,0,afternoon,58,42,58,0.7241,0.0011,0.7082,0.3594
G Series Perform Ice Punch Sports Drink,beverages,energy sports drinks,0,afternoon,7,6,7,0.8571,0.0001,0.511,0.3594
Herb & Butter Rice Mix,dry goods pasta,instant foods,0,afternoon,25,17,25,0.68,0.0005,0.7756,0.3594
High Performance Energy Drink,beverages,energy sports drinks,0,afternoon,8,6,8,0.75,0.0001,0.6715,0.3594
Sonoma Organic Wraps Multigrain Tortillas With Flax,bakery,tortillas flat bread,0,afternoon,98,66,98,0.6735,0.0019,0.7819,0.3594
Three Cheese Ravioli,dry goods pasta,fresh pasta,0,afternoon,16,11,16,0.6875,0.0003,0.7648,0.3594
Zebra Cake Rolls,snacks,cookies cakes,0,afternoon,10,6,10,0.6,0.0002,0.8964,0.3594
4% Milkfat Cottage Cheese Small Curd 22 OZ,dairy eggs,other creams cheeses,0,afternoon,72,45,72,0.625,0.0014,0.8557,0.3593
Condensed Soup Healthy Request Bean With Bacon,canned goods,soup broth bouillon,0,afternoon,5,3,5,0.6,0.0001,0.8964,0.3593
Double Roll Bath Tissue,household,paper goods,0,afternoon,5,3,5,0.6,0.0001,0.8964,0.3593
Fresh Small-Medium Dentastix,pets,dog food care,0,afternoon,5,3,5,0.6,0.0001,0.8964,0.3593
Healthy Brain Bagels,bakery,breakfast bakery,0,afternoon,5,3,5,0.6,0.0001,0.8964,0.3593
Hencho en Mexico,beverages,soft drinks,0,afternoon,5,3,5,0.6,0.0001,0.8964,0.3593
Orange Banana Stage 2 Baby Food,babies,baby food formula,0,afternoon,39,27,39,0.6923,0.0007,0.7559,0.3593
Organic Cold Brew Coffee,beverages,coffee,0,afternoon,56,49,56,0.875,0.0011,0.4812,0.3593
Organic Mini Cucumber,produce,fresh vegetables,0,afternoon,5,3,5,0.6,0.0001,0.8964,0.3593
Original Tube Lip Balm,personal care,first aid,0,afternoon,5,3,5,0.6,0.0001,0.8964,0.3593
Pomegranate Raspberry Green W/Matcha Tea Bags,beverages,tea,0,afternoon,5,3,5,0.6,0.0001,0.8964,0.3593
SmartBlend Chicken & Rice Formula Adult Dry Dog Food,pets,dog food care,0,afternoon,5,3,5,0.6,0.0001,0.8964,0.3593
Tasters Choice Stick Vanilla,missing,missing,0,afternoon,5,3,5,0.6,0.0001,0.8964,0.3593
Chocolate Peppermint Stick Bar,snacks,energy granola bars,0,afternoon,277,180,277,0.6498,0.0054,0.8077,0.3592
Classic White Bread,bakery,bread,0,afternoon,765,519,765,0.6784,0.0151,0.7408,0.3592
Great White Bread,bakery,bread,0,afternoon,108,80,108,0.7407,0.0021,0.6798,0.3592
Lite Sliced Pears in Extra Light Syrup,canned goods,canned fruit applesauce,0,afternoon,9,6,9,0.6667,0.0002,0.7955,0.3592
Organic Romaine,produce,packaged vegetables fruits,0,afternoon,2760,1625,2760,0.5888,0.0544,0.777,0.3592
Original Enriched Rice Drink,dairy eggs,soy lactosefree,0,afternoon,567,405,567,0.7143,0.0112,0.6965,0.3592
Santa Fe Enchilada,frozen,frozen meals,0,afternoon,24,13,24,0.5417,0.0005,0.9823,0.3592
Wild Smoked Kipper Snacks,canned goods,canned meat seafood,0,afternoon,9,6,9,0.6667,0.0002,0.7955,0.3592
Forest Berry Natural Lowfat Yogurt,dairy eggs,yogurt,0,afternoon,48,41,48,0.8542,0.0009,0.5121,0.3591
Lactose Free Plain Kefir,dairy eggs,yogurt,0,afternoon,344,247,344,0.718,0.0068,0.7016,0.3591
Licorice Soft Eating Raspberry,snacks,candy chocolate,0,afternoon,139,100,139,0.7194,0.0027,0.7094,0.3591
Natural Bliss All Natural Coffee Creamer Sweet Cream Flavor,dairy eggs,cream,0,afternoon,47,37,47,0.7872,0.0009,0.6123,0.3591
Baked Cheddar Brown Rice Snaps,snacks,crackers,0,afternoon,17,9,17,0.5294,0.0003,1.0,0.359
Butternut Squash Bisque,deli,prepared soups salads,0,afternoon,17,9,17,0.5294,0.0003,1.0,0.359
Coconut & Chia Greek Yogurt,dairy eggs,yogurt,0,afternoon,17,9,17,0.5294,0.0003,1.0,0.359
Fresh Cut Sliced Beets,canned goods,canned jarred vegetables,0,afternoon,17,9,17,0.5294,0.0003,1.0,0.359
Graduates Lil Meals Mac Cheese with Chicken Vegetables,babies,baby food formula,0,afternoon,17,9,17,0.5294,0.0003,1.0,0.359
Grilled Ocean Whitefish & Tuna Feast in Gravy Cat Food,pets,cat food care,0,afternoon,38,28,38,0.7368,0.0007,0.6878,0.359
Oatmeal Raisin Bite-lettes,bakery,bakery desserts,0,afternoon,37,22,37,0.5946,0.0007,0.9015,0.359
Organic Jammy Sammy Snack Size Sandwich Bar Stawberry Jam & Peanut Butter,snacks,energy granola bars,0,afternoon,53,34,53,0.6415,0.001,0.8302,0.359
"Oysters, Smoked, Fancy, in Cottonseed Oil",canned goods,canned meat seafood,0,afternoon,17,9,17,0.5294,0.0003,1.0,0.359
Peanut Butter Dog Treats,pets,dog food care,0,afternoon,17,9,17,0.5294,0.0003,1.0,0.359
Petite-Cut Diced Tomatoes,canned goods,canned jarred vegetables,0,afternoon,17,9,17,0.5294,0.0003,1.0,0.359
"Rice, Jasmine, Organic Brown",dry goods pasta,grains rice dried goods,0,afternoon,30,20,30,0.6667,0.0006,0.7934,0.359
Ultra Thin Crust Supreme Pizza,frozen,frozen pizza,0,afternoon,17,9,17,0.5294,0.0003,1.0,0.359
"Bean, Cheese, Rice, Salsa Wrap",international,latino foods,0,afternoon,17,13,17,0.7647,0.0003,0.6468,0.3589
Cheddar Cheese Nut Thins Cracker Snacks,snacks,crackers,0,afternoon,412,283,412,0.6869,0.0081,0.7439,0.3589
Gluten Free 7 Grain Bread,bakery,bread,0,afternoon,847,616,847,0.7273,0.0167,0.662,0.3589
"Lentil Chips, Aged White Cheddar",snacks,chips pretzels,0,afternoon,46,35,46,0.7609,0.0009,0.651,0.3589
Lettuce Medley,produce,packaged vegetables fruits,0,afternoon,219,144,219,0.6575,0.0043,0.7973,0.3589
Mango Coconut Chia Squeeze Vitality Snack,snacks,nuts seeds dried fruit,0,afternoon,49,31,49,0.6327,0.0009,0.8433,0.3589
Moose Tracks Ice Cream,frozen,ice cream ice,0,afternoon,29,21,29,0.7241,0.0006,0.7069,0.3589
Peanut Butter Bar,snacks,energy granola bars,0,afternoon,528,389,528,0.7367,0.0104,0.6634,0.3589
Vanilla Light & Fit Greek Yogurt,dairy eggs,yogurt,0,afternoon,420,289,420,0.6881,0.0083,0.742,0.3589
Vitamin D Organic Milk,dairy eggs,milk,0,afternoon,255,194,255,0.7608,0.005,0.6406,0.3589
Wakame Seaweed & Shiitake Mushrooms,international,asian foods,0,afternoon,4,4,4,1.0,0.0001,0.2941,0.3589
"Deli Slice, Smoked Tomato",deli,tofu meat alternatives,0,afternoon,27,20,27,0.7407,0.0005,0.6816,0.3588
Grain Free Turkey & Salmon Formula Cat Food,pets,cat food care,0,afternoon,163,117,163,0.7178,0.0032,0.7094,0.3588
Large Grade AA Eggs,dairy eggs,eggs,0,afternoon,815,521,815,0.6393,0.016,0.795,0.3588
TAB,beverages,soft drinks,0,afternoon,7,7,7,1.0,0.0001,0.2937,0.3588
Aged White Cheddar Baked Rice & Corn Puffs Gluten Free Lunch Packs,snacks,chips pretzels,0,afternoon,1167,793,1167,0.6795,0.023,0.7166,0.3587
Cultured Soy Vanilla Yogurt,dairy eggs,yogurt,0,afternoon,85,64,85,0.7529,0.0017,0.66,0.3587
Dog Food With Beef in Meaty Juices,pets,dog food care,0,afternoon,11,10,11,0.9091,0.0002,0.4294,0.3587
Organic Original Soymilk,dairy eggs,soy lactosefree,0,afternoon,11,10,11,0.9091,0.0002,0.4294,0.3587
Petite Butter Croissant,bakery,buns rolls,0,afternoon,134,98,134,0.7313,0.0026,0.6897,0.3587
Almond & Raisin Hearty Oatmeal to Go,deli,prepared meals,0,afternoon,21,13,21,0.619,0.0004,0.8634,0.3586
Broccoli & Cheddar Bake Meal Bowl,frozen,frozen meals,0,afternoon,872,548,872,0.6284,0.0172,0.8073,0.3586
Chunky Mushroom Swiss Burger Soup,canned goods,soup broth bouillon,0,afternoon,3,3,3,1.0,0.0,0.293,0.3586
Fig Newmans Strawberry Fig and Strawberry filled Cookies,snacks,cookies cakes,0,afternoon,3,3,3,1.0,0.0,0.293,0.3586
"Organic Red Radish, Bunch",produce,fresh vegetables,0,afternoon,3100,1808,3100,0.5832,0.0611,0.7654,0.3586
Spreadable Butter With Canola Oil,dairy eggs,butter,0,afternoon,8,8,8,1.0,0.0001,0.2925,0.3586
Almond Milk Blueberry Yogurt,dairy eggs,yogurt,0,afternoon,510,354,510,0.6941,0.01,0.7263,0.3585
"Bread, Gluten Free, White Sandwich",frozen,frozen breads doughs,0,afternoon,82,65,82,0.7927,0.0016,0.5996,0.3585
"Crispy Wheat, Crackers",snacks,crackers,0,afternoon,806,552,806,0.6849,0.0159,0.7255,0.3585
Ready Pac Salad Santa Fe Caesar Bowls,deli,prepared soups salads,0,afternoon,93,63,93,0.6774,0.0018,0.7718,0.3585
Temptations Tasty Chicken Flavor Cat Treats,pets,cat food care,0,afternoon,58,38,58,0.6552,0.0011,0.8069,0.3585
Baked Grilled Cheese Corn Puffs,snacks,chips pretzels,0,afternoon,29,21,29,0.7241,0.0006,0.7044,0.3584
Fiber Rich Wheat Tortillas Fajita Size,bakery,tortillas flat bread,0,afternoon,78,54,78,0.6923,0.0015,0.7496,0.3584
Organic Oat Non-Dairy Original Beverage,dairy eggs,soy lactosefree,0,afternoon,179,136,179,0.7598,0.0035,0.6434,0.3584
Original Cafe Mix Granola,breakfast,granola,0,afternoon,92,60,92,0.6522,0.0018,0.8092,0.3584
Salted Pretzel Sticks,snacks,chips pretzels,0,afternoon,84,58,84,0.6905,0.0016,0.7524,0.3584
The Original Multi Grain Bread,bakery,bread,0,afternoon,204,153,204,0.75,0.004,0.6568,0.3584
Chocolate Peanut Butter Nutrition Bar,snacks,energy granola bars,0,afternoon,30,22,30,0.7333,0.0006,0.69,0.3583
Chunky Chocolate Chip Flax Muffins,bakery,breakfast bakery,0,afternoon,161,115,161,0.7143,0.0032,0.7123,0.3583
Designer Paper Cold Cups,household,plates bowls cups flatware,0,afternoon,9,8,9,0.8889,0.0002,0.4579,0.3583
Disney Frozen Pasta & Peas with a Parmesan Cheese Sauce Entree,frozen,frozen meals,0,afternoon,7,6,7,0.8571,0.0001,0.5055,0.3583
Fig Newmans Fruit Filled Cookies,snacks,cookies cakes,0,afternoon,593,420,593,0.7083,0.0117,0.7001,0.3583
Gluten-Free Multi Seed Rice Bread,bakery,bread,0,afternoon,14,11,14,0.7857,0.0003,0.6125,0.3583
Green + White Tea,beverages,tea,0,afternoon,31,22,31,0.7097,0.0006,0.7255,0.3583
Organic Spring Mix Salad,produce,packaged vegetables fruits,0,afternoon,2498,1470,2498,0.5885,0.0492,0.7858,0.3583
Reduced Sugar Vanilla Almondmilk Non-Dairy Beverage,dairy eggs,soy lactosefree,0,afternoon,24,17,24,0.7083,0.0005,0.7278,0.3583
Whole Grains Oatnut Bread,bakery,bread,0,afternoon,505,353,505,0.699,0.0099,0.7182,0.3583
1% Low Fat Chocolate Milk,dairy eggs,milk,0,afternoon,128,90,128,0.7031,0.0025,0.73,0.3582
Cheese Party Pizza,frozen,frozen pizza,0,afternoon,56,33,56,0.5893,0.0011,0.9044,0.3582
Farmer's Market Berry Crumble Protein & Fiber Hot Oatmeal,breakfast,hot cereal pancake mixes,0,afternoon,37,25,37,0.6757,0.0007,0.7756,0.3582
Favorites French Bread Supreme Pizza,frozen,frozen pizza,0,afternoon,15,8,15,0.5333,0.0003,0.9905,0.3582
"Flax, Oat Bran & Whole Wheat Flour Tortillas",bakery,tortillas flat bread,0,afternoon,17,13,17,0.7647,0.0003,0.6432,0.3582
Lindor Milk Chocolate Truffles Pieces,snacks,candy chocolate,0,afternoon,2,2,2,1.0,0.0,0.2909,0.3582
Organic Wise Punkin Level 2 Baby Food,babies,baby food formula,0,afternoon,48,34,48,0.7083,0.0009,0.7262,0.3582
for Tots Apple Juice,beverages,juice nectars,0,afternoon,81,59,81,0.7284,0.0016,0.6944,0.3582
Chicharrones Fried Pork Rinds,snacks,chips pretzels,0,afternoon,170,120,170,0.7059,0.0033,0.7233,0.3581
Home Style Italian-Style Wedding Spinach & Meatballs Chicken Soup,canned goods,soup broth bouillon,0,afternoon,19,10,19,0.5263,0.0004,1.0,0.3581
"Lightdays® Pantiliners, Regular",personal care,feminine care,0,afternoon,6,4,6,0.6667,0.0001,0.7904,0.3581
Mayan Harvest Bake,frozen,frozen meals,0,afternoon,11,7,11,0.6364,0.0002,0.8353,0.3581
Mo' Beta Fruit Smoothie Blend,beverages,refrigerated,0,afternoon,50,40,50,0.8,0.001,0.5882,0.3581
Nacho Cheese White Bean Chips,snacks,chips pretzels,0,afternoon,66,43,66,0.6515,0.0013,0.8101,0.3581
Pinot Noir California,alcohol,red wines,0,afternoon,25,19,25,0.76,0.0005,0.6495,0.3581
Silken Tofu,deli,tofu meat alternatives,0,afternoon,19,10,19,0.5263,0.0004,1.0,0.3581
"Vegetable Chips, Taro, Sea Salt",snacks,chips pretzels,0,afternoon,235,167,235,0.7106,0.0046,0.713,0.3581
Whole Grain White Hearty Sliced Bread,bakery,bread,0,afternoon,19,10,19,0.5263,0.0004,1.0,0.3581
YoBaby Blueberry Apple Yogurt,dairy eggs,yogurt,0,afternoon,785,567,785,0.7223,0.0154,0.6685,0.3581
Organic Sensitivity Infant Formula with Iron,babies,baby food formula,0,afternoon,70,55,70,0.7857,0.0014,0.6079,0.358
Post Selects Banana Nut Crunch,breakfast,cereal,0,afternoon,14,10,14,0.7143,0.0003,0.7178,0.358
Whole Grain Brown Ready Rice,dry goods pasta,instant foods,0,afternoon,292,151,292,0.5171,0.0057,1.0,0.358
Bread Co Pain Au Levain,bakery,bread,0,afternoon,284,205,284,0.7218,0.0056,0.6931,0.3579
Cheese Presliced Bonus Pack,dairy eggs,specialty cheeses,0,afternoon,5,4,5,0.8,0.0001,0.5892,0.3579
Large Brown Free Range Eggs Grade A,dairy eggs,eggs,0,afternoon,256,185,256,0.7227,0.005,0.6929,0.3579
Lasagna Florentine Savory Italian Recipes,frozen,frozen meals,0,afternoon,5,4,5,0.8,0.0001,0.5892,0.3579
Organic Bernie's Farm Macaroni & Cheese,dry goods pasta,instant foods,0,afternoon,248,168,248,0.6774,0.0049,0.7611,0.3579
Espresso Dark Roast Ground Coffee,beverages,coffee,0,afternoon,87,67,87,0.7701,0.0017,0.6294,0.3578
Extra Creamy Milk Chocolate Bar,snacks,candy chocolate,0,afternoon,3,3,3,1.0,0.0,0.2888,0.3578
Habanero & Green Chile Smoked Chicken Sausage,meat seafood,hot dogs bacon sausage,0,afternoon,57,34,57,0.5965,0.0011,0.8915,0.3578
Honey Greek Yogurt,dairy eggs,yogurt,0,afternoon,840,606,840,0.7214,0.0165,0.6655,0.3578
Large Brown Eggs,dairy eggs,eggs,0,afternoon,1324,841,1324,0.6352,0.0261,0.7712,0.3578
Organic Raspberry Lowfat Yogurt,dairy eggs,yogurt,0,afternoon,568,392,568,0.6901,0.0112,0.726,0.3578
Saffron Yellow Rice,dry goods pasta,grains rice dried goods,0,afternoon,27,16,27,0.5926,0.0005,0.899,0.3578
"Veg and Fruit Puree, 100%, Organic, Sweet Potato, Corn and Apple",babies,baby food formula,0,afternoon,35,25,35,0.7143,0.0007,0.7157,0.3578
Enlightened Organic Raw Kombucha,beverages,refrigerated,0,afternoon,609,476,609,0.7816,0.012,0.5864,0.3577
Grahams Crackers Original,snacks,cookies cakes,0,afternoon,4,3,4,0.75,0.0001,0.6634,0.3577
"Hot Cereal, Instant, Quinoa & Oat",breakfast,hot cereal pancake mixes,0,afternoon,18,10,18,0.5556,0.0003,0.9541,0.3577
Kung Pao Chicken Cafe Steamers,frozen,frozen meals,0,afternoon,8,6,8,0.75,0.0001,0.6634,0.3577
Organic Green Berry Blast Cereal,breakfast,cereal,0,afternoon,4,3,4,0.75,0.0001,0.6634,0.3577
Organic High Antioxidant Trail Mix,snacks,trail mix snack mix,0,afternoon,4,3,4,0.75,0.0001,0.6634,0.3577
Roasted Vegetable Soufflé,frozen,frozen meals,0,afternoon,25,15,25,0.6,0.0005,0.8872,0.3577
Seasoned Spirals W/Skin On Oven Fries,frozen,frozen appetizers sides,0,afternoon,4,3,4,0.75,0.0001,0.6634,0.3577
Total 2% Yogurt Key Lime,dairy eggs,yogurt,0,afternoon,253,185,253,0.7312,0.005,0.6793,0.3577
Banana Raspberry & Brown Rice Stage 2,babies,baby food formula,0,afternoon,123,83,123,0.6748,0.0024,0.7699,0.3576
Black Raspberry,beverages,water seltzer sparkling water,0,afternoon,9,5,9,0.5556,0.0002,0.9541,0.3576
Blueberry Soy Yogurt,dairy eggs,yogurt,0,afternoon,84,65,84,0.7738,0.0016,0.6232,0.3576
Citrus Hops Kombucha,beverages,refrigerated,0,afternoon,12,10,12,0.8333,0.0002,0.5374,0.3576
Marinara Sauce,dry goods pasta,pasta sauce,0,afternoon,2240,1381,2240,0.6165,0.0441,0.7532,0.3576
Nutrient Enhanced Water,beverages,water seltzer sparkling water,0,afternoon,49,34,49,0.6939,0.0009,0.7448,0.3576
Organic Baby Kale,produce,fresh vegetables,0,afternoon,2092,1277,2092,0.6104,0.0412,0.7694,0.3576
Peanut Butter on Cheese Sandwich Crackers,snacks,crackers,0,afternoon,9,5,9,0.5556,0.0002,0.9541,0.3576
Vanilla Soy Creamer,dairy eggs,soy lactosefree,0,afternoon,388,290,388,0.7474,0.0076,0.6479,0.3576
Baby Spinach,produce,packaged vegetables fruits,0,afternoon,2689,1581,2689,0.588,0.053,0.7731,0.3575
Chocolate Milk,dairy eggs,milk,0,afternoon,322,231,322,0.7174,0.0063,0.6957,0.3575
Hot & Spicy Taco Seasoning Mix,pantry,marinades meat preparation,0,afternoon,42,22,42,0.5238,0.0008,1.0,0.3575
Kit Caesar Lite,produce,packaged vegetables fruits,0,afternoon,34,18,34,0.5294,0.0007,0.9916,0.3575
Mild Fresh Green Salsa,deli,fresh dips tapenades,0,afternoon,22,12,22,0.5455,0.0004,0.9682,0.3575
Original Cashew Milk,dairy eggs,milk,0,afternoon,22,17,22,0.7727,0.0004,0.6275,0.3575
Salsa Casera Mild,pantry,preserved dips spreads,0,afternoon,42,22,42,0.5238,0.0008,1.0,0.3575
Yellow Grape Tomatoes,produce,fresh vegetables,0,afternoon,823,560,823,0.6804,0.0162,0.7263,0.3575
Cranberry Almond Granola  Gluten Free,breakfast,granola,0,afternoon,39,30,39,0.7692,0.0007,0.6313,0.3574
Multi-Cat Extra Strength Clumping Cat Litter,pets,cat food care,0,afternoon,40,24,40,0.6,0.0008,0.8849,0.3574
Salmon Feast in Seared Salmon Flavor Gravy Cat Food,pets,cat food care,0,afternoon,33,25,33,0.7576,0.0006,0.6491,0.3574
Zero Rise Orange,beverages,energy sports drinks,0,afternoon,110,79,110,0.7182,0.0021,0.7042,0.3574
All Natural 100% Egg Whites,dairy eggs,eggs,0,afternoon,21,11,21,0.5238,0.0004,1.0,0.3573
Blueberry Passion Fruit Sorbetto,frozen,ice cream ice,0,afternoon,84,44,84,0.5238,0.0016,0.9966,0.3573
Salsa,deli,fresh dips tapenades,0,afternoon,28,16,28,0.5714,0.0005,0.9282,0.3573
Sweet Iced Tea,beverages,tea,0,afternoon,49,34,49,0.6939,0.0009,0.7431,0.3573
Vienna Sausage In Chicken Broth,canned goods,canned meat seafood,0,afternoon,25,17,25,0.68,0.0005,0.7652,0.3573
Assorted Bites,snacks,candy chocolate,0,afternoon,7,6,7,0.8571,0.0001,0.5002,0.3572
Diet Cranberry Juice,beverages,juice nectars,0,afternoon,7,6,7,0.8571,0.0001,0.5002,0.3572
Italian Pasta Sauce Puttanesca Tomato & Sliced Olives,dry goods pasta,pasta sauce,0,afternoon,44,23,44,0.5227,0.0008,1.0,0.3572
Organic Creamy Buckwheat Hot Cereal Gluten Free,breakfast,hot cereal pancake mixes,0,afternoon,26,18,26,0.6923,0.0005,0.7465,0.3572
Oven Roasted Turkey Breast,deli,lunch meat,0,afternoon,2167,1385,2167,0.6391,0.0427,0.7208,0.3572
Red Raspberries,produce,packaged vegetables fruits,0,afternoon,2765,1759,2765,0.6362,0.0545,0.6954,0.3572
Seven Grain Crispy Tenders,frozen,frozen vegan vegetarian,0,afternoon,770,526,770,0.6831,0.0152,0.7234,0.3572
Soft Pretzel Bites,snacks,chips pretzels,0,afternoon,20,15,20,0.75,0.0004,0.6602,0.3572
Umbrian Lentil Soup,canned goods,soup broth bouillon,0,afternoon,7,6,7,0.8571,0.0001,0.5002,0.3572
Banana Bread Mix,pantry,doughs gelatins bake mixes,0,afternoon,119,82,119,0.6891,0.0023,0.7459,0.3571
Crackers Harvest Whole Wheat,snacks,crackers,0,afternoon,719,507,719,0.7051,0.0141,0.6922,0.3571
Fresh Ground Turkey,meat seafood,packaged poultry,0,afternoon,464,236,464,0.5086,0.0091,1.0,0.3571
Grain Free Chicken Formula Cat Food,pets,cat food care,0,afternoon,181,134,181,0.7403,0.0035,0.666,0.3571
Low Fat Vanilla Yogurt,dairy eggs,yogurt,0,afternoon,814,538,814,0.6609,0.016,0.7542,0.3571
Marketplace Vermont White Cheddar Mac & Cheese,frozen,frozen meals,0,afternoon,146,86,146,0.589,0.0029,0.8947,0.3571
Sea Salt 70% Dark Chocolate Stevia Sweetened Vegan Non GMO,snacks,candy chocolate,0,afternoon,10,6,10,0.6,0.0002,0.8849,0.3571
Ultra-Filtered Whole Milk,dairy eggs,milk,0,afternoon,107,84,107,0.785,0.0021,0.6026,0.3571
Organic YoToddler Pouch Pear Spinach Mango Yogurt,dairy eggs,yogurt,0,afternoon,13,11,13,0.8462,0.0002,0.5152,0.357
Organic Yogurt Original Plain,dairy eggs,yogurt,0,afternoon,133,106,133,0.797,0.0026,0.5829,0.357
Original Coffee,beverages,coffee,0,afternoon,20,16,20,0.8,0.0004,0.5841,0.357
Small Curd Cottage Cheese,dairy eggs,other creams cheeses,0,afternoon,79,48,79,0.6076,0.0015,0.8696,0.357
Sour Jelly Beans,snacks,candy chocolate,0,afternoon,26,15,26,0.5769,0.0005,0.9184,0.357
Steamed White Rice,frozen,frozen meals,0,afternoon,18,11,18,0.6111,0.0003,0.8677,0.357
Vegan Chocolate Chip Mini Muffins,bakery,bakery desserts,0,afternoon,171,123,171,0.7193,0.0033,0.6978,0.357
Black Lumpfish Caviar,canned goods,canned meat seafood,0,afternoon,2,2,2,1.0,0.0,0.2846,0.3569
Boneless Chicken Thighs,frozen,frozen meat seafood,0,afternoon,2,2,2,1.0,0.0,0.2846,0.3569
Cappuccino Gelato,frozen,ice cream ice,0,afternoon,2,2,2,1.0,0.0,0.2846,0.3569
Chocolate Laurel Ice Cream,frozen,ice cream ice,0,afternoon,1,1,1,1.0,0.0,0.2846,0.3569
Complete Mix Cheese Garlic,pantry,doughs gelatins bake mixes,0,afternoon,1,1,1,1.0,0.0,0.2846,0.3569
Duck Eggs,dairy eggs,eggs,0,afternoon,63,49,63,0.7778,0.0012,0.6147,0.3569
English Hydro Cucumber,produce,packaged vegetables fruits,0,afternoon,1,1,1,1.0,0.0,0.2846,0.3569
Exotic Patchouli Body Bar Soap,personal care,soap,0,afternoon,1,1,1,1.0,0.0,0.2846,0.3569
Flaky Butter Crescent Rolls,pantry,doughs gelatins bake mixes,0,afternoon,1,1,1,1.0,0.0,0.2846,0.3569
Garden Veggie Straws Sea Salt,snacks,fruit vegetable snacks,0,afternoon,79,56,79,0.7089,0.0015,0.7173,0.3569
Greek Nonfat Yogurt Vanilla,dairy eggs,yogurt,0,afternoon,1,1,1,1.0,0.0,0.2846,0.3569
Kale Salad,produce,packaged vegetables fruits,0,afternoon,197,108,197,0.5482,0.0039,0.9525,0.3569
Liege Waffle With Chocolate Drizzle,bakery,breakfast bakery,0,afternoon,1,1,1,1.0,0.0,0.2846,0.3569
Minced Turkey Feast in Sauce Cat Food,pets,cat food care,0,afternoon,1,1,1,1.0,0.0,0.2846,0.3569
Mini Cakes Birthday Cake,snacks,cookies cakes,0,afternoon,1,1,1,1.0,0.0,0.2846,0.3569
Mini Organic Fillo Shells,frozen,frozen breads doughs,0,afternoon,1,1,1,1.0,0.0,0.2846,0.3569
Nibs & Coff Cacao Nectar Bar,snacks,candy chocolate,0,afternoon,1,1,1,1.0,0.0,0.2846,0.3569
Organic Blended Raspberry Whole Milk Greek Yogurt,dairy eggs,yogurt,0,afternoon,258,190,258,0.7364,0.0051,0.6671,0.3569
Organic Pacific Rose Apples,produce,fresh fruits,0,afternoon,1,1,1,1.0,0.0,0.2846,0.3569
Organic Southwest Style Salad,produce,packaged vegetables fruits,0,afternoon,1,1,1,1.0,0.0,0.2846,0.3569
P+S Cheesy Bacon Mac Side Meal,dry goods pasta,instant foods,0,afternoon,1,1,1,1.0,0.0,0.2846,0.3569
"Pretzels, 100% Whole Wheat",international,kosher foods,0,afternoon,1,1,1,1.0,0.0,0.2846,0.3569
STRAWBERRY CREAM,international,asian foods,0,afternoon,1,1,1,1.0,0.0,0.2846,0.3569
Salad Love Fresh Tomato Italian Dressing,pantry,salad dressing toppings,0,afternoon,1,1,1,1.0,0.0,0.2846,0.3569
Simply Fruit Spread Blueberry,pantry,spreads,0,afternoon,1,1,1,1.0,0.0,0.2846,0.3569
Simply Made Butter Cookies,snacks,cookies cakes,0,afternoon,2,2,2,1.0,0.0,0.2846,0.3569
Snacks Restaurant Style White Corn Tortilla Chips,snacks,chips pretzels,0,afternoon,1,1,1,1.0,0.0,0.2846,0.3569
Syrup,pantry,honeys syrups nectars,0,afternoon,1,1,1,1.0,0.0,0.2846,0.3569
Traditional Flavor Smoked Salmon,meat seafood,packaged seafood,0,afternoon,1,1,1,1.0,0.0,0.2846,0.3569
Turkey Florentine Cat Food,pets,cat food care,0,afternoon,1,1,1,1.0,0.0,0.2846,0.3569
Uncured Smoked Duck Bacon,meat seafood,hot dogs bacon sausage,0,afternoon,1,1,1,1.0,0.0,0.2846,0.3569
Unsweetened Vanilla Almond Milk,dairy eggs,soy lactosefree,0,afternoon,2497,1716,2497,0.6872,0.0492,0.6307,0.3569
XXX Acai Blueberry Pomegranate,beverages,energy sports drinks,0,afternoon,64,47,64,0.7344,0.0012,0.6798,0.3569
Authentic Pizza Sauce,dry goods pasta,pasta sauce,0,afternoon,6,5,6,0.8333,0.0001,0.5339,0.3568
Black Cherry Sparkling Water,beverages,water seltzer sparkling water,0,afternoon,36,25,36,0.6944,0.0007,0.7408,0.3568
Dairy Free Greek Yogurt Blueberry,dairy eggs,yogurt,0,afternoon,84,45,84,0.5357,0.0016,0.9765,0.3568
Low Fat Strawberry Yogurt Tubes,dairy eggs,yogurt,0,afternoon,663,452,663,0.6817,0.013,0.7287,0.3568
"Sea Salt & Almonds Organic Milk Chocolate, 43% Cocoa",snacks,candy chocolate,0,afternoon,22,15,22,0.6818,0.0004,0.76,0.3568
Beans,canned goods,canned meals beans,0,afternoon,23,12,23,0.5217,0.0004,1.0,0.3567
Chocolate Mint Builder's Bar,snacks,energy granola bars,0,afternoon,263,174,263,0.6616,0.0052,0.7782,0.3567
Icelandic Style Skyr Blueberry Non-fat Yogurt,dairy eggs,yogurt,0,afternoon,1810,1283,1810,0.7088,0.0356,0.6311,0.3567
Muenster,dairy eggs,specialty cheeses,0,afternoon,23,12,23,0.5217,0.0004,1.0,0.3567
Power O's Strawberry,breakfast,cereal,0,afternoon,23,12,23,0.5217,0.0004,1.0,0.3567
Probugs Pretty Plain Whole Milk Kefir,dairy eggs,milk,0,afternoon,34,25,34,0.7353,0.0007,0.6788,0.3567
Roasted Red Pepper Hommus,deli,fresh dips tapenades,0,afternoon,239,150,239,0.6276,0.0047,0.8303,0.3567
Sesame Yuba Noodles,personal care,protein meal replacements,0,afternoon,23,12,23,0.5217,0.0004,1.0,0.3567
Vanilla Almond Milk Yogurt,dairy eggs,yogurt,0,afternoon,564,398,564,0.7057,0.0111,0.6971,0.3567
DHA Omega-3 Vanilla Lowfat Milk,dairy eggs,milk,0,afternoon,43,29,43,0.6744,0.0008,0.7695,0.3566
Light and Lean Meatless Swedish Meatballs With Broccoli And Pasta,frozen,frozen meals,0,afternoon,77,40,77,0.5195,0.0015,1.0,0.3566
Lowfat Strawberries 'n Cream Kefir,dairy eggs,yogurt,0,afternoon,136,87,136,0.6397,0.0027,0.8168,0.3566
Mushroom Marinara Pasta Sauce,dry goods pasta,pasta sauce,0,afternoon,44,23,44,0.5227,0.0008,0.9967,0.3566
Orange Juice 100% Juice,beverages,refrigerated,0,afternoon,447,322,447,0.7204,0.0088,0.6805,0.3566
Organic Chicken Breast In Water,canned goods,canned meat seafood,0,afternoon,113,68,113,0.6018,0.0022,0.8747,0.3566
Organic Refried Vegetarian Black Beans,canned goods,canned meals beans,0,afternoon,108,67,108,0.6204,0.0021,0.847,0.3566
Apple Banana Applesauce On The Go Pouches,canned goods,canned fruit applesauce,0,afternoon,43,24,43,0.5581,0.0008,0.943,0.3565
"Bread, Country Buttermilk",bakery,bread,0,afternoon,597,446,597,0.7471,0.0117,0.6324,0.3565
Organic Garlic Hummus,deli,fresh dips tapenades,0,afternoon,129,74,129,0.5736,0.0025,0.9159,0.3565
Organic Snipped Green Beans,produce,fresh vegetables,0,afternoon,1796,1205,1796,0.6709,0.0354,0.6879,0.3565
Ruby Red Grapefruit Light 50 Juice Drink,beverages,juice nectars,0,afternoon,5,5,5,1.0,0.0001,0.2822,0.3565
Uncured Applewood Smoked Bacon,meat seafood,hot dogs bacon sausage,0,afternoon,127,86,127,0.6772,0.0025,0.7607,0.3565
Bean & Rice Chips sea salt,snacks,chips pretzels,0,afternoon,132,93,132,0.7045,0.0026,0.7185,0.3564
Chik'n Patties,frozen,frozen vegan vegetarian,0,afternoon,211,135,211,0.6398,0.0041,0.8119,0.3564
Quinn Butter and Sea Salt Popcorn,snacks,popcorn jerky,0,afternoon,36,24,36,0.6667,0.0007,0.7804,0.3564
"Roasted Seaweed, Full Sheets, Sea Salt",snacks,fruit vegetable snacks,0,afternoon,36,25,36,0.6944,0.0007,0.7386,0.3564
Two Organic Cornmeal Pizza Crusts,deli,prepared meals,0,afternoon,160,105,160,0.6562,0.0031,0.79,0.3564
"Cheese, Sharp Cheddar",dairy eggs,packaged cheese,0,afternoon,47,34,47,0.7234,0.0009,0.694,0.3563
Crunchy Granola Raisin Bran,breakfast,cereal,0,afternoon,4,4,4,1.0,0.0001,0.2816,0.3563
Old Vine Zin,alcohol,red wines,0,afternoon,18,14,18,0.7778,0.0003,0.6138,0.3563
Organic Greek Plain Nonfat Yogurt,dairy eggs,yogurt,0,afternoon,705,494,705,0.7007,0.0139,0.6958,0.3563
Organic Lactose Free Strawberry Yogurt,dairy eggs,yogurt,0,afternoon,148,103,148,0.6959,0.0029,0.7305,0.3563
Palak (Saag) Paneer,frozen,frozen meals,0,afternoon,118,77,118,0.6525,0.0023,0.7968,0.3563
Stage 2 Lentil Squash Apricot Baby Food,babies,baby food formula,0,afternoon,24,15,24,0.625,0.0005,0.8427,0.3563
Beef Booyah Stew,pets,dog food care,0,afternoon,11,6,11,0.5455,0.0002,0.9621,0.3562
Bolthouse SB Parfait,beverages,refrigerated,0,afternoon,13,8,13,0.6154,0.0002,0.8571,0.3562
Cranberry Raspberry 100% Juice,beverages,juice nectars,0,afternoon,44,30,44,0.6818,0.0008,0.7562,0.3562
Extra Hot Habanero Pepper Sauce,pantry,condiments,0,afternoon,9,7,9,0.7778,0.0002,0.6138,0.3562
Greek Style Kefir,dairy eggs,yogurt,0,afternoon,18,13,18,0.7222,0.0003,0.697,0.3562
Hearty Rye Bread,bakery,bread,0,afternoon,7,4,7,0.5714,0.0001,0.9238,0.3562
"Organic Plain Natural Lowfat Yogurt, 1.5% Milkfat",dairy eggs,yogurt,0,afternoon,12,10,12,0.8333,0.0002,0.5304,0.3562
Organic Waffles Flax Plus,frozen,frozen breakfast,0,afternoon,166,112,166,0.6747,0.0033,0.7606,0.3562
"Pizza, Rice Crust, Cheese",frozen,frozen pizza,0,afternoon,112,75,112,0.6696,0.0022,0.7709,0.3562
Premium Spring Water,beverages,water seltzer sparkling water,0,afternoon,12,10,12,0.8333,0.0002,0.5304,0.3562
S'mores Luna Bar,snacks,energy granola bars,0,afternoon,318,205,318,0.6447,0.0062,0.7984,0.3562
Slim Pack Doublemint Gum,snacks,mint gum,0,afternoon,7,6,7,0.8571,0.0001,0.495,0.3562
Gluten Free Mint Slims Cookies,snacks,cookies cakes,0,afternoon,3,3,3,1.0,0.0,0.2806,0.3561
Hint Of Sea Salt Almond Nut Thins,snacks,crackers,0,afternoon,1265,851,1265,0.6727,0.0249,0.709,0.3561
"Home Delights Dog Food, Beef Stew Flavor",pets,dog food care,0,afternoon,3,3,3,1.0,0.0,0.2806,0.3561
Jammy Sammy Apple Cinnamon & Oatmeal Snack Size Sandwich Bar,snacks,energy granola bars,0,afternoon,24,16,24,0.6667,0.0005,0.7792,0.3561
Tempt Unsweetened Vanilla Hemp Milk,dairy eggs,soy lactosefree,0,afternoon,196,141,196,0.7194,0.0038,0.6916,0.3561
Cotes Des Rose Grenache Cinsault-Syrah,alcohol,red wines,0,afternoon,5,5,5,1.0,0.0001,0.2798,0.356
Egg Bagels,bakery,breakfast bakery,0,afternoon,22,17,22,0.7727,0.0004,0.6197,0.356
Sausage  Links,frozen,frozen vegan vegetarian,0,afternoon,197,135,197,0.6853,0.0039,0.7425,0.356
Triscuit Roasted Garlic Baked Whole Grain Crackers,snacks,crackers,0,afternoon,60,37,60,0.6167,0.0012,0.8522,0.356
Awesome Strength Paper Towel,household,paper goods,0,afternoon,14,10,14,0.7143,0.0003,0.7073,0.3559
Chocolate Milk Cartons 2% Reduced Fat,dairy eggs,milk,0,afternoon,35,29,35,0.8286,0.0007,0.5351,0.3559
Delights Turkey Sausage Breakfast Bowl,frozen,frozen breakfast,0,afternoon,64,46,64,0.7188,0.0012,0.6981,0.3559
Graduates Fruit & Veggie Melts Truly Tropical Blend,babies,baby food formula,0,afternoon,5,4,5,0.8,0.0001,0.5792,0.3559
Organic Fresh Blends Mango 100% Juice Blend,beverages,juice nectars,0,afternoon,21,16,21,0.7619,0.0004,0.6355,0.3559
Stuffed Grape Leaves,deli,fresh dips tapenades,0,afternoon,137,101,137,0.7372,0.0027,0.6669,0.3559
Fresh Frozen Mixed Berries,frozen,frozen produce,0,afternoon,49,30,49,0.6122,0.0009,0.8583,0.3558
Frozen Broccoli Florets,frozen,frozen produce,0,afternoon,1852,1095,1852,0.5913,0.0365,0.801,0.3558
Gogo Squeez Organic Apple Strawberry Applesauce on the Go,canned goods,canned fruit applesauce,0,afternoon,582,402,582,0.6907,0.0114,0.7144,0.3558
Midnight Dark Candy Bar,snacks,candy chocolate,0,afternoon,7,5,7,0.7143,0.0001,0.7073,0.3558
Sheeps Milk Maple Yogurt,dairy eggs,yogurt,0,afternoon,14,12,14,0.8571,0.0003,0.4925,0.3558
Velveeta Original Shells & Cheese,dry goods pasta,instant foods,0,afternoon,48,31,48,0.6458,0.0009,0.8077,0.3558
Z Bar Protein Peanut Butter Chocolate Protein Snack Bar,snacks,energy granola bars,0,afternoon,79,53,79,0.6709,0.0015,0.769,0.3558
Cantaloupe,produce,fresh fruits,0,afternoon,2555,1607,2555,0.629,0.0503,0.7093,0.3557
Dairy Free 5X Protein Almond Plus Vanilla Almond Milk,dairy eggs,soy lactosefree,0,afternoon,12,9,12,0.75,0.0002,0.6528,0.3557
Elbow Macaroni & Cheese Side Dished,deli,prepared meals,0,afternoon,38,25,38,0.6579,0.0007,0.7896,0.3557
Fresh Romaine Lettuce head,produce,packaged vegetables fruits,0,afternoon,181,105,181,0.5801,0.0035,0.8995,0.3557
Large Pineapple Chunks,produce,packaged vegetables fruits,0,afternoon,577,404,577,0.7002,0.0113,0.6997,0.3557
Oikos Greek Nonfat Yogurt Crunch Vanilla Almond with Toppings,dairy eggs,yogurt,0,afternoon,2,2,2,1.0,0.0,0.2786,0.3557
Organic Cashew Cacao Oatmeal,snacks,energy granola bars,0,afternoon,24,14,24,0.5833,0.0005,0.9023,0.3557
Organic Coconut Bliss Salted Caramel in Chocolate,frozen,ice cream ice,0,afternoon,109,71,109,0.6514,0.0021,0.7961,0.3557
Peter Rabbit Organic Pea Spinach & Apple Puree Snack,babies,baby food formula,0,afternoon,131,92,131,0.7023,0.0026,0.7187,0.3557
Peter Rabbit Organics Pumpkin Carrot & Apple Snack,babies,baby food formula,0,afternoon,62,45,62,0.7258,0.0012,0.6869,0.3557
Strawberry Explosion/Banana Split Smoothie,dairy eggs,yogurt,0,afternoon,122,91,122,0.7459,0.0024,0.6535,0.3557
All Natural Virgin Lemonade,beverages,refrigerated,0,afternoon,580,407,580,0.7017,0.0114,0.6971,0.3556
Bread Hemp Seed Gluten Free,bakery,bread,0,afternoon,24,19,24,0.7917,0.0005,0.5896,0.3556
Chef Blends Shredded 4 State Cheddar Cheese,dairy eggs,packaged cheese,0,afternoon,12,7,12,0.5833,0.0002,0.9023,0.3556
Meatless & Soy-Free Vegan Burgers 4 Count,frozen,frozen vegan vegetarian,0,afternoon,12,7,12,0.5833,0.0002,0.9023,0.3556
No Salt Added Fresh Cut Sweet Peas,canned goods,canned jarred vegetables,0,afternoon,27,19,27,0.7037,0.0005,0.7214,0.3556
Plain Soymilk Creamer,dairy eggs,soy lactosefree,0,afternoon,181,148,181,0.8177,0.0035,0.5428,0.3556
"Salad Kit, Light Caesar",produce,packaged vegetables fruits,0,afternoon,28,17,28,0.6071,0.0005,0.8659,0.3556
Sugar Free Orange Gelatin,dairy eggs,refrigerated pudding desserts,0,afternoon,24,19,24,0.7917,0.0005,0.5896,0.3556
"Tortilla Chips, Corn, Pico de Gallo",snacks,chips pretzels,0,afternoon,17,9,17,0.5294,0.0003,0.9833,0.3556
Turkey Chili,deli,prepared soups salads,0,afternoon,134,96,134,0.7164,0.0026,0.697,0.3556
Bacon Breakfast Bowl,frozen,frozen breakfast,0,afternoon,33,23,33,0.697,0.0006,0.7307,0.3555
Colby Cheese Sticks,dairy eggs,packaged cheese,0,afternoon,1221,851,1221,0.697,0.024,0.6721,0.3555
High Protein Pretzels,snacks,chips pretzels,0,afternoon,158,109,158,0.6899,0.0031,0.7347,0.3555
Natural Dog Food Turkey & Sweet Potato Formula,pets,dog food care,0,afternoon,16,12,16,0.75,0.0003,0.6515,0.3555
Organic SprouTofu Extra Firm Tofu,deli,tofu meat alternatives,0,afternoon,501,312,501,0.6228,0.0099,0.8188,0.3555
Berry Medley,frozen,frozen produce,0,afternoon,1799,1013,1799,0.5631,0.0354,0.844,0.3554
Cavity Defense Mint Flavor Essential Floss,personal care,oral hygiene,0,afternoon,6,5,6,0.8333,0.0001,0.527,0.3554
Dry Cola,beverages,soft drinks,0,afternoon,10,7,10,0.7,0.0002,0.7265,0.3554
Meatloaf in Gravy,frozen,frozen meals,0,afternoon,23,16,23,0.6957,0.0004,0.7325,0.3554
Non Alcoholic Amber Beer,alcohol,beers coolers,0,afternoon,6,5,6,0.8333,0.0001,0.527,0.3554
Original Croccantini,snacks,crackers,0,afternoon,17,10,17,0.5882,0.0003,0.8937,0.3554
Sliced Mangos,produce,packaged vegetables fruits,0,afternoon,29,15,29,0.5172,0.0006,1.0,0.3554
White American Cheese,dairy eggs,specialty cheeses,0,afternoon,54,33,54,0.6111,0.001,0.8577,0.3554
Antioxidant Infusions Tanzania Lemonade Tea,beverages,tea,0,afternoon,15,10,15,0.6667,0.0003,0.7756,0.3553
Chicken A La King,frozen,frozen meals,0,afternoon,15,12,15,0.8,0.0003,0.5759,0.3553
Organic Eggs,dairy eggs,eggs,0,afternoon,43,34,43,0.7907,0.0008,0.5885,0.3553
Smart Deli Veggie Turkey Slices,deli,tofu meat alternatives,0,afternoon,24,16,24,0.6667,0.0005,0.7756,0.3553
Beneful Healthy Fiesta with Real Chicken Dog Food,pets,dog food care,0,afternoon,6,4,6,0.6667,0.0001,0.7756,0.3552
Dry Cleaner's Secret Fresh Scent At-Home Dry Cleaner,household,laundry,0,afternoon,6,4,6,0.6667,0.0001,0.7756,0.3552
Gluten and Dairy Free Sonoma Veggie Burger,frozen,frozen vegan vegetarian,0,afternoon,116,78,116,0.6724,0.0023,0.7615,0.3552
Kale Cranberry Chopped Salad Kit,produce,packaged vegetables fruits,0,afternoon,46,27,46,0.587,0.0009,0.8934,0.3552
Lean Boiled Ham,deli,lunch meat,0,afternoon,7,6,7,0.8571,0.0001,0.4899,0.3552
Lean Gourmet Teriyaki Chicken,frozen,frozen meals,0,afternoon,6,4,6,0.6667,0.0001,0.7756,0.3552
Lime Italian Sparkling Mineral Water,beverages,water seltzer sparkling water,0,afternoon,393,278,393,0.7074,0.0077,0.6954,0.3552
Lindor Extra Dark Chocolate Truffles,snacks,candy chocolate,0,afternoon,9,6,9,0.6667,0.0002,0.7756,0.3552
Organic Orange Juice With Calcium & Vitamin D,beverages,refrigerated,0,afternoon,283,218,283,0.7703,0.0056,0.6064,0.3552
Passion Fruit Flavored Fruit Juice Cocktail Blend,beverages,refrigerated,0,afternoon,28,21,28,0.75,0.0005,0.6499,0.3552
Almond Toast Cookie,snacks,cookies cakes,0,afternoon,3,2,3,0.6667,0.0,0.7756,0.3551
Bamboo Fragrance Free Bath Tissue,household,paper goods,0,afternoon,3,2,3,0.6667,0.0,0.7756,0.3551
Cajun Turkey,deli,lunch meat,0,afternoon,27,19,27,0.7037,0.0005,0.7186,0.3551
Chickpea Snacks Habanero Medium Spicy,snacks,fruit vegetable snacks,0,afternoon,3,2,3,0.6667,0.0,0.7756,0.3551
Chocolate Chip Cookie DO Bites,bakery,bakery desserts,0,afternoon,42,29,42,0.6905,0.0008,0.738,0.3551
Chocolate Ice Cream Sandwiches,frozen,ice cream ice,0,afternoon,3,2,3,0.6667,0.0,0.7756,0.3551
Extra Dry Gin,alcohol,spirits,0,afternoon,3,2,3,0.6667,0.0,0.7756,0.3551
Foldit 5 Grain Flax Flatbread,bakery,tortillas flat bread,0,afternoon,31,16,31,0.5161,0.0006,1.0,0.3551
Fresh Effects S'Wipe Out Refreshing Make-Up Removal Cloths,personal care,facial care,0,afternoon,3,2,3,0.6667,0.0,0.7756,0.3551
Fruit Horns,bakery,breakfast bakery,0,afternoon,3,2,3,0.6667,0.0,0.7756,0.3551
Mushroom Sauce Mix,canned goods,soup broth bouillon,0,afternoon,3,2,3,0.6667,0.0,0.7756,0.3551
Newborn Milk-Based with Iron Through 3 Months Infant Formula Powder,babies,baby food formula,0,afternoon,3,2,3,0.6667,0.0,0.7756,0.3551
Organic White Corn & Wheat Tortillas,bakery,tortillas flat bread,0,afternoon,531,324,531,0.6102,0.0104,0.834,0.3551
PM Pain Reliever and Nighttime Sleep Aid Caplets,other,other,0,afternoon,3,2,3,0.6667,0.0,0.7756,0.3551
Rainbow Tortellini,dry goods pasta,fresh pasta,0,afternoon,3,2,3,0.6667,0.0,0.7756,0.3551
Rich Chocolate Nutritional Drink,personal care,protein meal replacements,0,afternoon,3,2,3,0.6667,0.0,0.7756,0.3551
Sesame Brittle Ice Cream,frozen,ice cream ice,0,afternoon,3,2,3,0.6667,0.0,0.7756,0.3551
Thin Cut Craft Beer Fries,frozen,frozen appetizers sides,0,afternoon,3,2,3,0.6667,0.0,0.7756,0.3551
Toll House Peanut Butter & Milk Chocolate Morsels,pantry,baking ingredients,0,afternoon,3,2,3,0.6667,0.0,0.7756,0.3551
Vinho Verde Rose,other,other,0,afternoon,3,2,3,0.6667,0.0,0.7756,0.3551
Yopa! Greek Nonfat Yogurt With Lowfat Granola & Strawberries,dairy eggs,yogurt,0,afternoon,3,2,3,0.6667,0.0,0.7756,0.3551
Cheese Pizza Snacks,frozen,frozen appetizers sides,0,afternoon,948,620,948,0.654,0.0187,0.7473,0.355
Light Strawberry Yogurt,dairy eggs,yogurt,0,afternoon,164,107,164,0.6524,0.0032,0.7886,0.355
Lime Ice Cubes,frozen,ice cream ice,0,afternoon,9,7,9,0.7778,0.0002,0.6078,0.355
Organic Lowfat Milk,dairy eggs,milk,0,afternoon,421,292,421,0.6936,0.0083,0.714,0.355
Complete Spring Water Foaming Antibacterial Hand Wash,personal care,body lotions soap,0,afternoon,33,17,33,0.5152,0.0006,1.0,0.3549
Coffee Treats Anisette Toast Cookies,snacks,cookies cakes,0,afternoon,5,3,5,0.6,0.0001,0.8738,0.3548
Garnet Sweet Potato (Yam),produce,fresh vegetables,0,afternoon,909,501,909,0.5512,0.0179,0.9025,0.3548
Gluten Free 4 Cheese Medley Pizza,frozen,frozen pizza,0,afternoon,10,6,10,0.6,0.0002,0.8738,0.3548
LightWeight 4-in-1 Strength Cat Litter,pets,cat food care,0,afternoon,5,3,5,0.6,0.0001,0.8738,0.3548
Nasal Mist Allergy & Sinus Relief,personal care,cold flu allergy,0,afternoon,5,3,5,0.6,0.0001,0.8738,0.3548
Oil Free Deep Clean Gentle Scrub,personal care,facial care,0,afternoon,5,3,5,0.6,0.0001,0.8738,0.3548
Organic All Natural Blueberry Mini Waffles,frozen,frozen breakfast,0,afternoon,468,336,468,0.7179,0.0092,0.6739,0.3548
Organic Forest Berry Cream On Top Whole Milk Yogurt,dairy eggs,yogurt,0,afternoon,60,46,60,0.7667,0.0012,0.6213,0.3548
Organic Turkey Paté Canned Cat Food,pets,cat food care,0,afternoon,8,7,8,0.875,0.0001,0.4614,0.3548
Original Fudge Sticks,snacks,cookies cakes,0,afternoon,13,10,13,0.7692,0.0002,0.6195,0.3548
Reduced Sodium Vegetarian Baked Beans,canned goods,canned meals beans,0,afternoon,5,3,5,0.6,0.0001,0.8738,0.3548
Shea Butter,personal care,body lotions soap,0,afternoon,5,3,5,0.6,0.0001,0.8738,0.3548
Small Shin Bones,pets,dog food care,0,afternoon,5,3,5,0.6,0.0001,0.8738,0.3548
Tilapia Filet,meat seafood,seafood counter,0,afternoon,1750,1034,1750,0.5909,0.0345,0.8013,0.3548
"Yogurt, Drinkable, Blueberry",dairy eggs,yogurt,0,afternoon,14,10,14,0.7143,0.0003,0.7021,0.3548
After Eight Mint Chocolate Thins,snacks,candy chocolate,0,afternoon,9,5,9,0.5556,0.0002,0.9397,0.3547
Apricot Energy bar,snacks,energy granola bars,0,afternoon,34,25,34,0.7353,0.0007,0.6691,0.3547
Base Cookie Dough Protein Bar,snacks,energy granola bars,0,afternoon,79,57,79,0.7215,0.0015,0.6873,0.3547
Busy Bone Dog Treats Real Meat Sm & Med 6,pets,dog food care,0,afternoon,12,11,12,0.9167,0.0002,0.3979,0.3547
"Cottage Doubles Peach, 2% Milkfat Lowfat Cottage Cheese & Peach Topping",dairy eggs,other creams cheeses,0,afternoon,45,27,45,0.6,0.0009,0.8713,0.3547
Dubliner Cracker Cut Cheese,dairy eggs,packaged cheese,0,afternoon,38,21,38,0.5526,0.0007,0.9427,0.3547
Greek 100 Calories Strawberry Banana Fat Free Yogurt,dairy eggs,yogurt,0,afternoon,59,38,59,0.6441,0.0011,0.8047,0.3547
Honey Roasted Turkey,deli,lunch meat,0,afternoon,27,18,27,0.6667,0.0005,0.7723,0.3547
Organic 2% Low Fat Raspberry Kefir,dairy eggs,yogurt,0,afternoon,9,5,9,0.5556,0.0002,0.9397,0.3547
Swiss Muesli Original Recipe,breakfast,cereal,0,afternoon,13,11,13,0.8462,0.0002,0.5035,0.3547
Traditional No Fat Refried Beans,canned goods,canned meals beans,0,afternoon,99,62,99,0.6263,0.0019,0.8293,0.3547
TruMoo 1% Lowfat Milk Chocolate,dairy eggs,milk,0,afternoon,66,41,66,0.6212,0.0013,0.8384,0.3547
3rd Foods Apple Blueberry,babies,baby food formula,0,afternoon,1,1,1,1.0,0.0,0.2728,0.3546
Air Wick Scented Oil Refill American Samoa Sweet Coconut & Island Palms,household,air fresheners candles,0,afternoon,1,1,1,1.0,0.0,0.2728,0.3546
Aloe & Cucumber Bar Soaps,personal care,body lotions soap,0,afternoon,1,1,1,1.0,0.0,0.2728,0.3546
Artisan Naan,bakery,tortillas flat bread,0,afternoon,1,1,1,1.0,0.0,0.2728,0.3546
Assorted Twin Pops,frozen,frozen dessert,0,afternoon,4,3,4,0.75,0.0001,0.6477,0.3546
Backyard BBQ Meal,frozen,frozen meals,0,afternoon,1,1,1,1.0,0.0,0.2728,0.3546
Black Pepper Chicken,frozen,frozen meals,0,afternoon,1,1,1,1.0,0.0,0.2728,0.3546
Blueberry Toaster Bagels,bakery,breakfast bakery,0,afternoon,2,2,2,1.0,0.0,0.2728,0.3546
Cafe Steamers Grilled Chicken Marinara With Parmesan,frozen,frozen meals,0,afternoon,61,36,61,0.5902,0.0012,0.8848,0.3546
Carrot Golden Beet Juice,beverages,juice nectars,0,afternoon,1,1,1,1.0,0.0,0.2728,0.3546
Chocolate Chip Pancakes,frozen,frozen breakfast,0,afternoon,4,3,4,0.75,0.0001,0.6477,0.3546
Cinnamon Sugar Butter Tub,dairy eggs,butter,0,afternoon,2,2,2,1.0,0.0,0.2728,0.3546
Extra Sharp Australian Cheddar Cheese,dairy eggs,packaged cheese,0,afternoon,1,1,1,1.0,0.0,0.2728,0.3546
French Dinner Rolls,bakery,buns rolls,0,afternoon,1,1,1,1.0,0.0,0.2728,0.3546
"Giant French Prunes, Pitted",canned goods,canned fruit applesauce,0,afternoon,1,1,1,1.0,0.0,0.2728,0.3546
Giorgio Sliced Mushrooms,canned goods,canned jarred vegetables,0,afternoon,1,1,1,1.0,0.0,0.2728,0.3546
Gluten Free Ground Breakfast Sausage Meat,meat seafood,hot dogs bacon sausage,0,afternoon,1,1,1,1.0,0.0,0.2728,0.3546
Golden Sweet Potato,produce,fresh vegetables,0,afternoon,549,273,549,0.4973,0.0108,1.0,0.3546
Homestyle Classics Crispy Iced Oatmeal Cookies,snacks,cookies cakes,0,afternoon,1,1,1,1.0,0.0,0.2728,0.3546
Jalapeno & Cheddar Potato Chips,snacks,chips pretzels,0,afternoon,4,3,4,0.75,0.0001,0.6477,0.3546
Jimmy Dean Fully Cooked Turkey Sausage Crumbles,meat seafood,hot dogs bacon sausage,0,afternoon,18,11,18,0.6111,0.0003,0.8557,0.3546
Liquid Laundry Detergent Mountain Rain,household,laundry,0,afternoon,4,3,4,0.75,0.0001,0.6477,0.3546
Macaroni & Cheese Sauce with Broccoli Steamers,frozen,frozen appetizers sides,0,afternoon,4,3,4,0.75,0.0001,0.6477,0.3546
Multi Surface Cleaner Lavender,household,cleaning products,0,afternoon,1,1,1,1.0,0.0,0.2728,0.3546
Muscle Aches & Pain Reliever Caplets,personal care,muscles joints pain relief,0,afternoon,1,1,1,1.0,0.0,0.2728,0.3546
Oikos Triple Zero Greek Vanilla Yogurt Cups,dairy eggs,yogurt,0,afternoon,61,35,61,0.5738,0.0012,0.9096,0.3546
Organic Butternut Squash Strawberry & Acai Squeezable Veggie & Fruit Snack,babies,baby food formula,0,afternoon,1,1,1,1.0,0.0,0.2728,0.3546
Organic Masala Chai,beverages,tea,0,afternoon,1,1,1,1.0,0.0,0.2728,0.3546
Organic Spring Mix With Herbs,produce,packaged vegetables fruits,0,afternoon,1,1,1,1.0,0.0,0.2728,0.3546
Organic Thai Curry Tofu Nuggets,deli,tofu meat alternatives,0,afternoon,18,11,18,0.6111,0.0003,0.8557,0.3546
Original Baked Snack Crackers Packs,snacks,crackers,0,afternoon,2,2,2,1.0,0.0,0.2728,0.3546
Permanent Hair Color - Golden Chestnut 4G,personal care,hair care,0,afternoon,1,1,1,1.0,0.0,0.2728,0.3546
Pineaplle Jalapeño Yoghurt,missing,missing,0,afternoon,1,1,1,1.0,0.0,0.2728,0.3546
Rehab Rojo Energy Tea,beverages,energy sports drinks,0,afternoon,4,3,4,0.75,0.0001,0.6477,0.3546
Salsa Roja,pantry,preserved dips spreads,0,afternoon,8,6,8,0.75,0.0001,0.6477,0.3546
Seasoned White Meat Chicken With Pasta and Vegetables in a Parmesan Sauce Grilled Chicken & Vegetables,frozen,frozen meals,0,afternoon,1,1,1,1.0,0.0,0.2728,0.3546
Sesame Flatbread,bakery,bread,0,afternoon,1,1,1,1.0,0.0,0.2728,0.3546
Solid White Albacore in Vegetable Oil Tuna,canned goods,canned meat seafood,0,afternoon,1,1,1,1.0,0.0,0.2728,0.3546
Sugar-Free Monkfruit-Sweetened Regular Chocolate Bars,missing,missing,0,afternoon,1,1,1,1.0,0.0,0.2728,0.3546
Sugarfree Winterfresh Gum,snacks,mint gum,0,afternoon,1,1,1,1.0,0.0,0.2728,0.3546
Taco Seasoning,international,latino foods,0,afternoon,1227,654,1227,0.533,0.0242,0.9132,0.3546
Unsweetened Mint Green Tea,beverages,tea,0,afternoon,1,1,1,1.0,0.0,0.2728,0.3546
Vanilla Flavor Raw Vegan Warrior Blend Protein,personal care,protein meal replacements,0,afternoon,8,6,8,0.75,0.0001,0.6477,0.3546
Variety To Go Containers & Lids,household,food storage,0,afternoon,1,1,1,1.0,0.0,0.2728,0.3546
Vegan Gluten-Free Juicy Meyer Lemon Cheesecake,dairy eggs,refrigerated pudding desserts,0,afternoon,1,1,1,1.0,0.0,0.2728,0.3546
Carrot Ginger,canned goods,soup broth bouillon,0,afternoon,21,14,21,0.6667,0.0004,0.7714,0.3545
Gourmet Mochi Ice Cream Vanilla Bonbons,frozen,ice cream ice,0,afternoon,35,24,35,0.6857,0.0007,0.7421,0.3545
Lunch To-Go Light Tuna,canned goods,canned meat seafood,0,afternoon,13,8,13,0.6154,0.0002,0.849,0.3545
Mini Chocolate Chunk Cookies,snacks,cookies cakes,0,afternoon,313,230,313,0.7348,0.0061,0.655,0.3545
Mixed Berries Whole Milk Icelandic Style Skyr Yogurt,dairy eggs,yogurt,0,afternoon,703,509,703,0.724,0.0138,0.6521,0.3545
Organic Gluten Free Non-Dairy Beans & Rice Burrito,frozen,frozen meals,0,afternoon,543,368,543,0.6777,0.0107,0.729,0.3545
Organic Maitake Frondosa Mushrooms,produce,packaged vegetables fruits,0,afternoon,15,8,15,0.5333,0.0003,0.9719,0.3545
Organic Mlk Chocolate Bar,snacks,candy chocolate,0,afternoon,21,14,21,0.6667,0.0004,0.7714,0.3545
Organic Peanut Butter Milk Chocolate Bar,snacks,candy chocolate,0,afternoon,47,33,47,0.7021,0.0009,0.7171,0.3545
Sharp Cheddar Thick Slices Cheese,dairy eggs,packaged cheese,0,afternoon,558,371,558,0.6649,0.011,0.748,0.3545
Blue Cheese Dressing & Dip,pantry,salad dressing toppings,0,afternoon,84,51,84,0.6071,0.0016,0.857,0.3544
Cran Bran Muffin Tops,frozen,frozen breakfast,0,afternoon,8,5,8,0.625,0.0001,0.8342,0.3544
Gluten Free White Bread,bakery,bread,0,afternoon,73,49,73,0.6712,0.0014,0.7615,0.3544
O'Soy Fruit on the Bottom Blueberry Organic Soy Yogurt,dairy eggs,yogurt,0,afternoon,87,65,87,0.7471,0.0017,0.6472,0.3544
Organic Nuts & Chocolate Beverage,snacks,nuts seeds dried fruit,0,afternoon,23,18,23,0.7826,0.0004,0.5968,0.3544
Original Smoked Snack Sticks,snacks,popcorn jerky,0,afternoon,8,5,8,0.625,0.0001,0.8342,0.3544
Pure Organic Coconut Water,beverages,juice nectars,0,afternoon,8,5,8,0.625,0.0001,0.8342,0.3544
Reduced Fat Sour Cream & Onion Potato Chips,snacks,chips pretzels,0,afternoon,8,5,8,0.625,0.0001,0.8342,0.3544
Rustic Tomato Vodka Sauce,dry goods pasta,pasta sauce,0,afternoon,8,5,8,0.625,0.0001,0.8342,0.3544
Wild Caught Skinless & Boneless Alaskan Pink Salmon,canned goods,canned meat seafood,0,afternoon,8,5,8,0.625,0.0001,0.8342,0.3544
Tofu Scramble Pocket Sandwich,frozen,frozen breakfast,0,afternoon,62,36,62,0.5806,0.0012,0.8975,0.3543
Cheddar Cheese Burrito,frozen,frozen meals,0,afternoon,416,275,416,0.6611,0.0082,0.7587,0.3542
Chipotle Chicken Burrito,frozen,frozen meals,0,afternoon,57,33,57,0.5789,0.0011,0.8997,0.3542
Grade A Goat Milk,dairy eggs,milk,0,afternoon,341,257,341,0.7537,0.0067,0.624,0.3542
Lemon Lime Seltzer,beverages,water seltzer sparkling water,0,afternoon,44,34,44,0.7727,0.0008,0.6097,0.3542
Sweet Dreams Whole Grain Enrobed in Dark Chocolate Organic Rice Cakes,snacks,crackers,0,afternoon,25,21,25,0.84,0.0005,0.5099,0.3542
Unbeatable Blues,snacks,chips pretzels,0,afternoon,36,23,36,0.6389,0.0007,0.811,0.3542
Cherry Limeade Sparkling Water,beverages,water seltzer sparkling water,0,afternoon,13,9,13,0.6923,0.0002,0.7312,0.3541
Eggo Strawberry Waffles,frozen,frozen breakfast,0,afternoon,67,50,67,0.7463,0.0013,0.6479,0.3541
Fat Free Smooth & Creamy Plain Organic Yogurt,dairy eggs,yogurt,0,afternoon,99,72,99,0.7273,0.0019,0.6749,0.3541
Four Cheese Thin Crust Pizza,frozen,frozen pizza,0,afternoon,713,452,713,0.6339,0.014,0.7845,0.3541
Lean Smoked Ham,deli,lunch meat,0,afternoon,15,10,15,0.6667,0.0003,0.7698,0.3541
Seitan wheat Strips,deli,tofu meat alternatives,0,afternoon,88,53,88,0.6023,0.0017,0.8626,0.3541
Florida Orange Juice With Calcium & Vitamin D,beverages,refrigerated,0,afternoon,745,509,745,0.6832,0.0147,0.7084,0.354
"Hypoallergenic Laundry Detergent, 32 Loads",household,laundry,0,afternoon,10,8,10,0.8,0.0002,0.5695,0.354
"Milk, Reduced Fat, 2% Milkfat",dairy eggs,milk,0,afternoon,652,504,652,0.773,0.0128,0.5784,0.354
Potato Chips Sea Salt & Vinegar,snacks,chips pretzels,0,afternoon,103,75,103,0.7282,0.002,0.6725,0.354
4% Milkfat Min. Small Curd Cottage Cheese,dairy eggs,other creams cheeses,0,afternoon,43,22,43,0.5116,0.0008,1.0,0.3539
Berry Grape Liquid Water Enhancer,beverages,cocoa drink mixes,0,afternoon,5,4,5,0.8,0.0001,0.5695,0.3539
Fun Flavors Spumoni Ice Cream,frozen,ice cream ice,0,afternoon,5,4,5,0.8,0.0001,0.5695,0.3539
Orange Sparkling Water,beverages,water seltzer sparkling water,0,afternoon,1422,989,1422,0.6955,0.028,0.6563,0.3539
Original Tortilla Strips,snacks,chips pretzels,0,afternoon,248,171,248,0.6895,0.0049,0.723,0.3539
Pico De Gallo Beans & Rice Chips,snacks,chips pretzels,0,afternoon,37,24,37,0.6486,0.0007,0.7949,0.3539
Reduced Fat Milk 100% Lactose Free,dairy eggs,soy lactosefree,0,afternoon,951,697,951,0.7329,0.0187,0.6232,0.3539
Dairy Free French Vanilla Coconut Milk Creamer,dairy eggs,soy lactosefree,0,afternoon,243,179,243,0.7366,0.0048,0.6523,0.3538
Honey Turkey,deli,lunch meat,0,afternoon,183,118,183,0.6448,0.0036,0.7926,0.3538
Malt Balls,snacks,candy chocolate,0,afternoon,3,3,3,1.0,0.0,0.2691,0.3538
Myoplex Original Chocolate Fudge Protein Shake,personal care,protein meal replacements,0,afternoon,3,3,3,1.0,0.0,0.2691,0.3538
Organic Edensoy Extra Vanilla Soy Milk,dairy eggs,soy lactosefree,0,afternoon,14,12,14,0.8571,0.0003,0.4825,0.3538
Protein Energy Bar Triple Chocolate,snacks,energy granola bars,0,afternoon,3,3,3,1.0,0.0,0.2691,0.3538
Raspberry English Tea Scones,bakery,breakfast bakery,0,afternoon,62,44,62,0.7097,0.0012,0.7016,0.3538
Strawberry Parfait,bakery,bakery desserts,0,afternoon,11,6,11,0.5455,0.0002,0.9501,0.3538
Organic Jasmine Rice,frozen,frozen meals,0,afternoon,734,485,734,0.6608,0.0144,0.7411,0.3537
Smart Puffs Baked Cheese Puffs Real Cheddar,snacks,chips pretzels,0,afternoon,74,51,74,0.6892,0.0014,0.7311,0.3537
Snack Pack Classic Original Hommus With Chips,deli,fresh dips tapenades,0,afternoon,190,126,190,0.6632,0.0037,0.7647,0.3537
Cinnamon Swirl Bread,bakery,breakfast bakery,0,afternoon,19,10,19,0.5263,0.0004,0.9777,0.3536
Mild Super BBQ Sauce,pantry,marinades meat preparation,0,afternoon,12,7,12,0.5833,0.0002,0.8926,0.3536
Premium Sweet Petites Carrots,produce,packaged vegetables fruits,0,afternoon,240,156,240,0.65,0.0047,0.7814,0.3536
Elegant Medleys Tuna Recipe Variety Wet Cat Food,pets,cat food care,0,afternoon,2,2,2,1.0,0.0,0.2673,0.3535
Light & Fit Peach Non-Fat Yogurt,dairy eggs,yogurt,0,afternoon,2,2,2,1.0,0.0,0.2673,0.3535
Light Coffee with Milk Medium Roast Iced Coffee,beverages,coffee,0,afternoon,12,10,12,0.8333,0.0002,0.517,0.3535
Low Sodium Chunk Light Tuna in Water,canned goods,canned meat seafood,0,afternoon,30,17,30,0.5667,0.0006,0.9162,0.3535
Multi-Grain Soft Taco,bakery,tortillas flat bread,0,afternoon,46,30,46,0.6522,0.0009,0.7871,0.3535
Orange Juice,beverages,refrigerated,0,afternoon,1510,1103,1510,0.7305,0.0297,0.5977,0.3535
Tootie Fruities,breakfast,cereal,0,afternoon,2,2,2,1.0,0.0,0.2673,0.3535
Cage-Free Grade AA Large Eggs,dairy eggs,eggs,0,afternoon,87,53,87,0.6092,0.0017,0.8491,0.3534
Chicken Parmigiana & Penne,frozen,frozen meals,0,afternoon,65,39,65,0.6,0.0013,0.8637,0.3534
Chunky Monkey® Ice Cream,frozen,ice cream ice,0,afternoon,75,45,75,0.6,0.0015,0.8636,0.3534
Cinnamon Swirl French Toast,frozen,frozen breakfast,0,afternoon,18,12,18,0.6667,0.0003,0.766,0.3534
Lightly Salted Baked Snap Pea Crisps,snacks,chips pretzels,0,afternoon,2612,1631,2612,0.6244,0.0514,0.7019,0.3534
Olive Oil Kettle Cooked Potato Chips,snacks,chips pretzels,0,afternoon,15,9,15,0.6,0.0003,0.8665,0.3534
Organic Multigrain Snack Crackers,snacks,crackers,0,afternoon,45,31,45,0.6889,0.0009,0.7316,0.3534
Original Fat Free Liquid Creamer,dairy eggs,cream,0,afternoon,28,18,28,0.6429,0.0005,0.8013,0.3534
Sausage Breakfast Bowl,frozen,frozen breakfast,0,afternoon,22,16,22,0.7273,0.0004,0.6752,0.3534
Snackers Seedlander,snacks,crackers,0,afternoon,15,9,15,0.6,0.0003,0.8665,0.3534
Vanilla Skyr Style Yogurt,dairy eggs,yogurt,0,afternoon,816,605,816,0.7414,0.0161,0.6149,0.3534
Guacamole,deli,fresh dips tapenades,0,afternoon,1866,1214,1866,0.6506,0.0367,0.6988,0.3533
Vegenaise Tartar Sauce,pantry,condiments,0,afternoon,9,6,9,0.6667,0.0002,0.766,0.3533
"Bread, Gluten Free, Seeded",bakery,bread,0,afternoon,45,32,45,0.7111,0.0009,0.697,0.3532
Classic Tomato Puree,canned goods,canned jarred vegetables,0,afternoon,16,12,16,0.75,0.0003,0.6401,0.3532
Creamy Peanut Butter Spread With Honey,pantry,spreads,0,afternoon,49,29,49,0.5918,0.0009,0.876,0.3532
Dark Chocolate Royale Shakes,personal care,protein meal replacements,0,afternoon,40,26,40,0.65,0.0008,0.7889,0.3532
Garlicky Hummus 8oz,deli,fresh dips tapenades,0,afternoon,20,14,20,0.7,0.0004,0.7151,0.3532
Leafy Green Romaine Lettuce,produce,packaged vegetables fruits,0,afternoon,502,275,502,0.5478,0.0099,0.9196,0.3532
No. 485 Gin,alcohol,spirits,0,afternoon,21,15,21,0.7143,0.0004,0.6937,0.3532
Organic Coconut Original Unsweetened Non-Dairy Beverage,beverages,juice nectars,0,afternoon,33,23,33,0.697,0.0006,0.7191,0.3532
Organic Mid Season Heirloom Apple Sauce,beverages,juice nectars,0,afternoon,15,11,15,0.7333,0.0003,0.6655,0.3532
Organic Whole Grain Wheat English Muffins,bakery,breakfast bakery,0,afternoon,1416,941,1416,0.6645,0.0279,0.6996,0.3532
Cracked Black Pepper Shaved 98% Fat Free Turkey Breast,deli,lunch meat,0,afternoon,61,36,61,0.5902,0.0012,0.8774,0.3531
Favorites Alfredo Pasta with Chicken & Broccoli,frozen,frozen meals,0,afternoon,201,121,201,0.602,0.0039,0.8528,0.3531
Green Leaf Shreds,produce,packaged vegetables fruits,0,afternoon,558,316,558,0.5663,0.011,0.8884,0.3531
Hass Avocados,produce,packaged produce,0,afternoon,3858,2741,3858,0.7105,0.076,0.5096,0.3531
Organic Greek Whole Milk Blended Strawberry Yogurt,dairy eggs,yogurt,0,afternoon,418,300,418,0.7177,0.0082,0.6685,0.3531
Organic Homestyle Mini Waffles,frozen,frozen breakfast,0,afternoon,556,385,556,0.6924,0.0109,0.6996,0.3531
Robust Golden Unsweetened Oolong Tea,beverages,tea,0,afternoon,20,17,20,0.85,0.0004,0.4897,0.3531
Sliced Pears In Heavy Syrup,canned goods,canned fruit applesauce,0,afternoon,8,6,8,0.75,0.0001,0.6401,0.3531
Super Premium Chocolate Ice Cream,frozen,ice cream ice,0,afternoon,8,6,8,0.75,0.0001,0.6401,0.3531
Vanilla Flavor Tea Biscuits,international,kosher foods,0,afternoon,3,3,3,1.0,0.0,0.2655,0.3531
Vegan Garlic & Roasted Veggie Ravioli,dry goods pasta,fresh pasta,0,afternoon,59,30,59,0.5085,0.0011,1.0,0.3531
Crispy Thin Crust Sicilian Recipe,frozen,frozen pizza,0,afternoon,93,60,93,0.6452,0.0018,0.7928,0.353
Gluten Free Soft Taco,bakery,tortillas flat bread,0,afternoon,47,28,47,0.5957,0.0009,0.8691,0.353
Almond Breeze Unsweetened Almond Coconut Milk Blend,dairy eggs,soy lactosefree,0,afternoon,81,50,81,0.6173,0.0016,0.8347,0.3529
Healthy Greens,beverages,juice nectars,0,afternoon,23,14,23,0.6087,0.0004,0.8504,0.3529
Mushroom Ravioli,dry goods pasta,fresh pasta,0,afternoon,67,40,67,0.597,0.0013,0.8656,0.3529
Plain Low Fat Australian Style Yogurt,dairy eggs,yogurt,0,afternoon,156,118,156,0.7564,0.0031,0.6221,0.3529
"Red Onions, Fresh Diced",produce,packaged vegetables fruits,0,afternoon,119,77,119,0.6471,0.0023,0.7882,0.3529
Roasted Almond Butter,other,other,0,afternoon,412,289,412,0.7015,0.0081,0.6919,0.3529
Baby Arugula,produce,packaged vegetables fruits,0,afternoon,1282,780,1282,0.6084,0.0252,0.7884,0.3528
Coffee All Natural Lowfat Yogurt,dairy eggs,yogurt,0,afternoon,33,27,33,0.8182,0.0006,0.5351,0.3528
G Series Strawberry Watermelon Sports Drink,beverages,energy sports drinks,0,afternoon,6,5,6,0.8333,0.0001,0.5137,0.3528
Gluten Free Organic Oat Based Cereal,breakfast,hot cereal pancake mixes,0,afternoon,44,31,44,0.7045,0.0008,0.7051,0.3528
Organic Unsweetened Black Tea,beverages,tea,0,afternoon,110,74,110,0.6727,0.0021,0.7495,0.3528
Original Chocolate Vanilla Swirls Pudding,dairy eggs,refrigerated pudding desserts,0,afternoon,22,14,22,0.6364,0.0004,0.8086,0.3528
Plain Cultured Goat Milk Kefir,dairy eggs,yogurt,0,afternoon,271,210,271,0.7749,0.0053,0.5886,0.3528
Red,alcohol,red wines,0,afternoon,7,4,7,0.5714,0.0001,0.9065,0.3528
Traditional Fried Pork Skins,meat seafood,hot dogs bacon sausage,0,afternoon,7,4,7,0.5714,0.0001,0.9065,0.3528
Unsweetened Lemonade,beverages,cocoa drink mixes,0,afternoon,7,4,7,0.5714,0.0001,0.9065,0.3528
Unsweetened Zero Calorie Green White Tea,beverages,tea,0,afternoon,53,43,53,0.8113,0.001,0.5443,0.3528
"Cage Free Brown Eggs-Large, Grade A",dairy eggs,eggs,0,afternoon,1419,888,1419,0.6258,0.0279,0.755,0.3527
Cherry Limeade,beverages,soft drinks,0,afternoon,70,45,70,0.6429,0.0014,0.796,0.3527
Chocolate Chip Granola,breakfast,granola,0,afternoon,77,56,77,0.7273,0.0015,0.6688,0.3527
Chocolate Coconut Protein Bar,snacks,energy granola bars,0,afternoon,31,19,31,0.6129,0.0006,0.8428,0.3527
Diet Root Beer,beverages,soft drinks,0,afternoon,300,219,300,0.73,0.0059,0.6539,0.3527
Four Cheese Pasta Sauce,dry goods pasta,pasta sauce,0,afternoon,712,433,712,0.6081,0.014,0.8162,0.3527
Low fat Chocolate Milk,dairy eggs,milk,0,afternoon,202,154,202,0.7624,0.004,0.6101,0.3527
Medium Scarlet Raspberries,produce,fresh fruits,0,afternoon,535,367,535,0.686,0.0105,0.7082,0.3527
Natural Reduced Fat Sharp Cheddar Cheese Sticks,dairy eggs,packaged cheese,0,afternoon,48,34,48,0.7083,0.0009,0.6985,0.3527
Nonfat Strawberry With Fruit On The Bottom Greek Yogurt,dairy eggs,yogurt,0,afternoon,167,120,167,0.7186,0.0033,0.6777,0.3527
Olive Oil Popcorn,snacks,popcorn jerky,0,afternoon,30,19,30,0.6333,0.0006,0.8121,0.3527
Organic Soy Tempeh,deli,tofu meat alternatives,0,afternoon,319,198,319,0.6207,0.0063,0.817,0.3527
"Dark Chocolate, with Whole Almonds",snacks,candy chocolate,0,afternoon,21,13,21,0.619,0.0004,0.8336,0.3526
French Bread Pepperoni Pizza,frozen,frozen meals,0,afternoon,57,41,57,0.7193,0.0011,0.6813,0.3526
Grape Blended Low-Fat Greek Yogurt Pouches,dairy eggs,yogurt,0,afternoon,57,42,57,0.7368,0.0011,0.655,0.3526
Grilled Chicken Pesto & Vegetables Café Steamers,frozen,frozen meals,0,afternoon,21,13,21,0.619,0.0004,0.8336,0.3526
Organic Grapefruit Juice,beverages,refrigerated,0,afternoon,150,111,150,0.74,0.0029,0.6459,0.3526
"White Wine Winemaker's Blend California, 2010",alcohol,white wines,0,afternoon,9,7,9,0.7778,0.0002,0.596,0.3526
"Eggs, Organic, Pasture-Raised, Large",dairy eggs,eggs,0,afternoon,113,78,113,0.6903,0.0022,0.7216,0.3525
Firm Tofu,deli,tofu meat alternatives,0,afternoon,1200,756,1200,0.63,0.0236,0.7583,0.3525
Heart Smart Traditional Italian Sauce,dry goods pasta,pasta sauce,0,afternoon,30,20,30,0.6667,0.0006,0.7613,0.3525
Large Enriched Bread,bakery,bread,0,afternoon,225,147,225,0.6533,0.0044,0.7717,0.3525
Organic Whole White Mushrooms,produce,fresh vegetables,0,afternoon,807,475,807,0.5886,0.0159,0.8397,0.3525
Original Probiotic Dairy Drink,personal care,digestion,0,afternoon,8,7,8,0.875,0.0001,0.4499,0.3525
Sport Chocolate Peanut Butter Protein Bar,snacks,energy granola bars,0,afternoon,36,27,36,0.75,0.0007,0.636,0.3525
2% Milkfat Reduced Fat Milk,dairy eggs,milk,0,afternoon,89,68,89,0.764,0.0017,0.6118,0.3524
Bedtime Underwear for Girls Jumbo Pack - Size S,babies,diapers wipes,0,afternoon,13,11,13,0.8462,0.0002,0.4923,0.3524
Bite Size Prunes,canned goods,canned fruit applesauce,0,afternoon,1,1,1,1.0,0.0,0.262,0.3524
Black Forest Berry Caffeine-Free Tea,beverages,tea,0,afternoon,110,86,110,0.7818,0.0021,0.5841,0.3524
Braided Honey Wheat Pretzels,snacks,chips pretzels,0,afternoon,2,2,2,1.0,0.0,0.262,0.3524
Brown 'n Serve 12 Ct,bakery,buns rolls,0,afternoon,2,2,2,1.0,0.0,0.262,0.3524
Cavity Protection Natural Spearmint Fluorite Toothpaste,personal care,oral hygiene,0,afternoon,1,1,1,1.0,0.0,0.262,0.3524
Chocolate Peanut Butter Perfect Nutrition Bars,snacks,energy granola bars,0,afternoon,2,2,2,1.0,0.0,0.262,0.3524
Crunch Bars,snacks,candy chocolate,0,afternoon,1,1,1,1.0,0.0,0.262,0.3524
Dark Magic Extra Bold Dark Roast Coffee K Cups,beverages,coffee,0,afternoon,61,46,61,0.7541,0.0012,0.628,0.3524
Dry Meyer Lemon Soda,beverages,soft drinks,0,afternoon,1,1,1,1.0,0.0,0.262,0.3524
Fresher Collection Timber Scent Men's Body Wash,personal care,body lotions soap,0,afternoon,1,1,1,1.0,0.0,0.262,0.3524
Fuzzy Navel Cooler,alcohol,beers coolers,0,afternoon,1,1,1,1.0,0.0,0.262,0.3524
Ginger Beer Premium,beverages,soft drinks,0,afternoon,76,52,76,0.6842,0.0015,0.7322,0.3524
Herbal Expec Herbal Expectorant Natural Cherry,personal care,cold flu allergy,0,afternoon,1,1,1,1.0,0.0,0.262,0.3524
IcyHot Pain Relieving,personal care,muscles joints pain relief,0,afternoon,1,1,1,1.0,0.0,0.262,0.3524
Large Shin Dog Bone,pets,dog food care,0,afternoon,1,1,1,1.0,0.0,0.262,0.3524
Light White Rice Loaf,bakery,bread,0,afternoon,1,1,1,1.0,0.0,0.262,0.3524
Mango Peach Omega Swirl Omage-3 Fish Oil Supplement,personal care,vitamins supplements,0,afternoon,1,1,1,1.0,0.0,0.262,0.3524
Medium Traditional Salsa,deli,fresh dips tapenades,0,afternoon,1,1,1,1.0,0.0,0.262,0.3524
Milk Based Infant Formula,babies,baby food formula,0,afternoon,1,1,1,1.0,0.0,0.262,0.3524
Milk Chocolate baking Chips,pantry,baking ingredients,0,afternoon,121,88,121,0.7273,0.0024,0.6652,0.3524
Orange Mango Paradise Juice Drink,beverages,refrigerated,0,afternoon,1,1,1,1.0,0.0,0.262,0.3524
Organic Extra Large Omega 3 Grade AA Eggs,dairy eggs,eggs,0,afternoon,90,63,90,0.7,0.0018,0.7074,0.3524
Organic Pear Slices in Pear Juice,canned goods,canned fruit applesauce,0,afternoon,1,1,1,1.0,0.0,0.262,0.3524
Organic Pomegranate Blueberry Cherry Juice,beverages,refrigerated,0,afternoon,1,1,1,1.0,0.0,0.262,0.3524
Original Rice Drink,dairy eggs,soy lactosefree,0,afternoon,56,43,56,0.7679,0.0011,0.6077,0.3524
PS Genoa Salami,deli,lunch meat,0,afternoon,1,1,1,1.0,0.0,0.262,0.3524
Petite Creme Vive la Vanilla Organic Dairy Snack,dairy eggs,yogurt,0,afternoon,1,1,1,1.0,0.0,0.262,0.3524
Plantain Bananas,produce,fresh fruits,0,afternoon,17,9,17,0.5294,0.0003,0.9672,0.3524
Pounder Pretzel Bonus Nibblers,snacks,chips pretzels,0,afternoon,3,3,3,1.0,0.0,0.262,0.3524
Royal Blend with Red Quinoa,dry goods pasta,grains rice dried goods,0,afternoon,1,1,1,1.0,0.0,0.262,0.3524
Spinach Tortillas 8 Count,frozen,frozen breads doughs,0,afternoon,121,61,121,0.5041,0.0024,1.0,0.3524
Stawberry Energy Chews,beverages,energy sports drinks,0,afternoon,1,1,1,1.0,0.0,0.262,0.3524
Strawberry Banana Yogurt Smoothie,dairy eggs,yogurt,0,afternoon,1,1,1,1.0,0.0,0.262,0.3524
Tart Cherry Melon Kombucha,beverages,refrigerated,0,afternoon,12,8,12,0.6667,0.0002,0.7613,0.3524
The Nathan Granola Bar,snacks,energy granola bars,0,afternoon,1,1,1,1.0,0.0,0.262,0.3524
Tomato Sauce Roasted Garlic Flavor,canned goods,canned jarred vegetables,0,afternoon,1,1,1,1.0,0.0,0.262,0.3524
Turkey and Vegetable Formula Cat Food,pets,cat food care,0,afternoon,1,1,1,1.0,0.0,0.262,0.3524
Wild Flower Honey,pantry,honeys syrups nectars,0,afternoon,1,1,1,1.0,0.0,0.262,0.3524
Wildflower Blossom Honey,pantry,honeys syrups nectars,0,afternoon,1,1,1,1.0,0.0,0.262,0.3524
Black Beans Reduced Sodium,canned goods,canned meals beans,0,afternoon,328,163,328,0.497,0.0064,1.0,0.3523
Colombia Ground Coffee,beverages,coffee,0,afternoon,6,4,6,0.6667,0.0001,0.7613,0.3523
Cool Mint Chocolate,snacks,energy granola bars,0,afternoon,217,146,217,0.6728,0.0043,0.7417,0.3523
Elbow Macaroni Product,dry goods pasta,dry pasta,0,afternoon,6,4,6,0.6667,0.0001,0.7613,0.3523
Fat Free Vanilla Yogurt,dairy eggs,yogurt,0,afternoon,153,102,153,0.6667,0.003,0.7539,0.3523
Gluten-Free Figgies & Jammies Cookies,snacks,cookies cakes,0,afternoon,64,43,64,0.6719,0.0012,0.7505,0.3523
Organic Pasture Raised Local Eggs,dairy eggs,eggs,0,afternoon,16,13,16,0.8125,0.0003,0.5418,0.3523
Smart Ones Chicken Oriental,frozen,frozen meals,0,afternoon,6,4,6,0.6667,0.0001,0.7613,0.3523
Synergy Organic & Raw Cosmic Cranberry,beverages,refrigerated,0,afternoon,572,420,572,0.7343,0.0113,0.6318,0.3523
VILLAGE HRTH 15OZ 8CT SESAME BUNS,bakery,buns rolls,0,afternoon,6,4,6,0.6667,0.0001,0.7613,0.3523
Buffalo Wings,frozen,frozen vegan vegetarian,0,afternoon,99,65,99,0.6566,0.0019,0.7712,0.3522
Greek 0% Fat Smooth & Creamy Plain Yogurt,dairy eggs,yogurt,0,afternoon,19,11,19,0.5789,0.0004,0.8915,0.3522
"Kale, Apple & Mango Pouch",babies,baby food formula,0,afternoon,160,107,160,0.6688,0.0031,0.7502,0.3522
Low Fat Strawberry Yogurt Bars,frozen,ice cream ice,0,afternoon,56,41,56,0.7321,0.0011,0.6599,0.3522
Organic Master Brew Citrus Kombucha,beverages,tea,0,afternoon,7,6,7,0.8571,0.0001,0.4752,0.3522
Pineapple Chunks,frozen,frozen produce,0,afternoon,2839,1628,2839,0.5734,0.0559,0.7612,0.3522
Roarin' Waters Grape Flavored Water Beverage,beverages,juice nectars,0,afternoon,7,6,7,0.8571,0.0001,0.4752,0.3522
Organic Cheddar Crazy Bugs Macaroni & Cheese Dinner,canned goods,soup broth bouillon,0,afternoon,45,30,45,0.6667,0.0009,0.7585,0.3521
Organic Young Thai Coconut,produce,fresh fruits,0,afternoon,27,20,27,0.7407,0.0005,0.6483,0.3521
Robert Mondavi,alcohol,white wines,0,afternoon,18,14,18,0.7778,0.0003,0.5932,0.3521
Super Fruit Punch Organic Juice Drink,beverages,juice nectars,0,afternoon,106,68,106,0.6415,0.0021,0.7932,0.3521
Beefaroni,canned goods,canned meals beans,0,afternoon,48,32,48,0.6667,0.0009,0.7578,0.352
Fresh Chicken Breast,meat seafood,poultry counter,0,afternoon,209,112,209,0.5359,0.0041,0.9458,0.352
Multi Grain Sea Salt Tortilla Chips,snacks,chips pretzels,0,afternoon,35,21,35,0.6,0.0007,0.8583,0.352
Organic Italian Salad,produce,packaged vegetables fruits,0,afternoon,1243,744,1243,0.5986,0.0245,0.8009,0.352
Sheep Milk Yogurt Vanilla,dairy eggs,yogurt,0,afternoon,25,19,25,0.76,0.0005,0.619,0.352
100% Lactose Free Reduced Fat Calcium Enriched Milk,dairy eggs,soy lactosefree,0,afternoon,327,233,327,0.7125,0.0064,0.6746,0.3519
Bodacious Blueberry Vanilla Energy Bar,snacks,energy granola bars,0,afternoon,8,5,8,0.625,0.0001,0.8218,0.3519
Classic French White Bread,bakery,bread,0,afternoon,92,59,92,0.6413,0.0018,0.793,0.3519
Honey Salted Peanut,snacks,energy granola bars,0,afternoon,8,5,8,0.625,0.0001,0.8218,0.3519
Kalamata Hummus,deli,fresh dips tapenades,0,afternoon,98,66,98,0.6735,0.0019,0.7448,0.3519
Organic Sunflower Butter Chocolate Macrobar,snacks,energy granola bars,0,afternoon,165,114,165,0.6909,0.0032,0.715,0.3519
Reduced Fat Sea Salt Potato Chips,snacks,chips pretzels,0,afternoon,44,26,44,0.5909,0.0008,0.8713,0.3519
Spicy Black Bean Burger,frozen,frozen vegan vegetarian,0,afternoon,73,44,73,0.6027,0.0014,0.8516,0.3519
Chocolate Peanut Crisp Protein Bar,snacks,energy granola bars,0,afternoon,62,43,62,0.6935,0.0012,0.7157,0.3518
Maple & Pecan Granola Gluten Free,breakfast,granola,0,afternoon,51,42,51,0.8235,0.001,0.5211,0.3518
Organic Sour Cream,dairy eggs,other creams cheeses,0,afternoon,2977,1714,2977,0.5757,0.0586,0.7488,0.3518
Raspberry Light & Fit Greek Yogurt,dairy eggs,yogurt,0,afternoon,19,16,19,0.8421,0.0004,0.495,0.3518
Soft Taco Size White Flour Tortillas,bakery,tortillas flat bread,0,afternoon,454,294,454,0.6476,0.0089,0.7655,0.3518
Strawberry Flavored Organic Z Fruit Rope,snacks,fruit vegetable snacks,0,afternoon,417,255,417,0.6115,0.0082,0.8212,0.3518
Brownie Crunch High Protein Bars,missing,missing,0,afternoon,3,3,3,1.0,0.0,0.2585,0.3517
Butter Top White Bread,bakery,bread,0,afternoon,147,110,147,0.7483,0.0029,0.6288,0.3517
Goat Cheese & Basil Ravioli,dry goods pasta,fresh pasta,0,afternoon,115,63,115,0.5478,0.0022,0.931,0.3517
"Mighty 4 Sweet Potato, Blueberry, Millet & Greek Yogurt Tots Snack",babies,baby food formula,0,afternoon,272,185,272,0.6801,0.0053,0.7248,0.3517
Organic Traditional Plain Kefir,dairy eggs,yogurt,0,afternoon,132,89,132,0.6742,0.0026,0.7408,0.3517
Plain Greek Goat Yogurt,dairy eggs,yogurt,0,afternoon,12,7,12,0.5833,0.0002,0.8831,0.3517
School Safe Chocolate Chip Cookie Bars,bakery,bakery desserts,0,afternoon,12,9,12,0.75,0.0002,0.6327,0.3517
Thirsty Strong And Absorbent Paper Towels,household,paper goods,0,afternoon,12,9,12,0.75,0.0002,0.6327,0.3517
85% Lean Ground Beef,meat seafood,meat counter,0,afternoon,1422,863,1422,0.6069,0.028,0.7776,0.3516
Aged Balsamic Vinegar Of Modena,pantry,oils vinegars,0,afternoon,4,3,4,0.75,0.0001,0.6327,0.3516
Bread Sticks With a Twist,frozen,frozen appetizers sides,0,afternoon,4,3,4,0.75,0.0001,0.6327,0.3516
Channa Masala with Lemon Rice,international,indian foods,0,afternoon,4,3,4,0.75,0.0001,0.6327,0.3516
Crispy Chicken,frozen,frozen meat seafood,0,afternoon,4,3,4,0.75,0.0001,0.6327,0.3516
Diced Peppers,produce,packaged vegetables fruits,0,afternoon,4,3,4,0.75,0.0001,0.6327,0.3516
Golden Brown All Natural Mild Sausage Links,frozen,frozen breakfast,0,afternoon,35,23,35,0.6571,0.0007,0.7706,0.3516
"Licorice, Strawberry",snacks,candy chocolate,0,afternoon,4,3,4,0.75,0.0001,0.6327,0.3516
Organic Multi Green Classic Kombucha,beverages,refrigerated,0,afternoon,8,6,8,0.75,0.0001,0.6327,0.3516
Sesame Seaweed Salad,deli,prepared meals,0,afternoon,404,263,404,0.651,0.0079,0.7616,0.3516
"Yogurt, Lowfat, Plain",dairy eggs,yogurt,0,afternoon,43,31,43,0.7209,0.0008,0.6747,0.3516
Dark Morning Joe Ground Coffee,beverages,coffee,0,afternoon,6,5,6,0.8333,0.0001,0.5073,0.3515
Organic Strawberry Hibiscus Kombucha,beverages,refrigerated,0,afternoon,25,20,25,0.8,0.0005,0.5565,0.3515
Original 100% Orange Juice with Calcium & Vitamin D,beverages,refrigerated,0,afternoon,68,50,68,0.7353,0.0013,0.6513,0.3515
Prosciutto Cotto,deli,lunch meat,0,afternoon,35,29,35,0.8286,0.0007,0.5132,0.3515
Salted Almond Chocolate Mexicano Classic Disc,snacks,candy chocolate,0,afternoon,6,5,6,0.8333,0.0001,0.5073,0.3515
Wonderful 100% Pomegranate Blueberry  Juice,beverages,refrigerated,0,afternoon,9,7,9,0.7778,0.0002,0.5903,0.3515
Chocolate Mint Nutrition Bar,snacks,energy granola bars,0,afternoon,9,6,9,0.6667,0.0002,0.7566,0.3514
Diced Yellow Onions,produce,packaged vegetables fruits,0,afternoon,47,27,47,0.5745,0.0009,0.893,0.3514
Light & Fit Greek Yogurt Toasted Coconut,dairy eggs,yogurt,0,afternoon,42,26,42,0.619,0.0008,0.8265,0.3514
Mango Punch,beverages,refrigerated,0,afternoon,11,6,11,0.5455,0.0002,0.9384,0.3514
Mushroom Italian Sauce,dry goods pasta,pasta sauce,0,afternoon,13,8,13,0.6154,0.0002,0.8332,0.3514
Peanut Butter Chocolate Chip Macrobar,snacks,energy granola bars,0,afternoon,308,218,308,0.7078,0.006,0.68,0.3514
Plain Greek Yogurt,dairy eggs,yogurt,0,afternoon,1327,927,1327,0.6986,0.0261,0.6439,0.3514
Sonic Energy Refreshed,beverages,energy sports drinks,0,afternoon,2,2,2,1.0,0.0,0.2568,0.3514
Strawberry Fruit Snacks,snacks,fruit vegetable snacks,0,afternoon,30,19,30,0.6333,0.0006,0.8058,0.3514
Super Mega Savory Salmon Flavor Cat Treat,pets,cat food care,0,afternoon,2,2,2,1.0,0.0,0.2568,0.3514
Baby Kale Mix,produce,packaged vegetables fruits,0,afternoon,169,98,169,0.5799,0.0033,0.8784,0.3513
Mixed Berry Sports Drink,beverages,energy sports drinks,0,afternoon,114,82,114,0.7193,0.0022,0.6719,0.3513
Sliced Wheat Bread,bakery,bread,0,afternoon,166,116,166,0.6988,0.0033,0.7,0.3513
Sweet Butter Salad,produce,packaged vegetables fruits,0,afternoon,199,133,199,0.6683,0.0039,0.7444,0.3513
Avocado Roll,deli,prepared meals,0,afternoon,548,402,548,0.7336,0.0108,0.6286,0.3512
Carrot Juice Organic Pure Originals,beverages,refrigerated,0,afternoon,31,22,31,0.7097,0.0006,0.6902,0.3512
"Eggs, Cheese & Turkey Sausage Breakfast Burrito",frozen,frozen breakfast,0,afternoon,201,129,201,0.6418,0.0039,0.7835,0.3512
Frozen Organic Wild Blueberries,frozen,frozen produce,0,afternoon,3163,1873,3163,0.5922,0.0623,0.7121,0.3512
Grain Free Turkey Canned Cat Food,pets,cat food care,0,afternoon,53,37,53,0.6981,0.001,0.7065,0.3512
Organic Panama Extra Dark Chocolate,pantry,doughs gelatins bake mixes,0,afternoon,20,13,20,0.65,0.0004,0.78,0.3512
Peach & Mango Soy Yogurt,dairy eggs,yogurt,0,afternoon,120,85,120,0.7083,0.0023,0.6877,0.3512
Spinach Tagliatelle Nests Pasta,dry goods pasta,dry pasta,0,afternoon,18,11,18,0.6111,0.0003,0.8384,0.3512
Chocolate Plant Protein,personal care,protein meal replacements,0,afternoon,13,7,13,0.5385,0.0002,0.9474,0.3511
Energy Tropical Citrus Vitamin Water Drink,beverages,energy sports drinks,0,afternoon,158,105,158,0.6646,0.0031,0.751,0.3511
Go-Gurt Strawberry Splash and Cool Cotton Candy Tubes,dairy eggs,yogurt,0,afternoon,84,51,84,0.6071,0.0016,0.8408,0.3511
Lunchables Cracker Stackers Ham & American Cheese,deli,prepared meals,0,afternoon,47,33,47,0.7021,0.0009,0.7,0.3511
Organic 14 Grain Bread,bakery,bread,0,afternoon,58,41,58,0.7069,0.0011,0.6922,0.3511
Pure Zero Punched Energy Drink,beverages,energy sports drinks,0,afternoon,3,3,3,1.0,0.0,0.2552,0.3511
Purina Mixed Grill Classic Pate Cat Food,pets,cat food care,0,afternoon,48,35,48,0.7292,0.0009,0.6594,0.3511
Strawberry Nana Drink,dairy eggs,yogurt,0,afternoon,13,7,13,0.5385,0.0002,0.9474,0.3511
